# frame slotsLen hsa hsub stalled scanIdx slots offsets shot2 rollback
1 1 0 1 0 0 [5] [0] [0] [0]
2 1 0 2 0 0 [5] [0] [0] [0]
3 1 0 3 0 0 [5] [0] [0] [0]
4 1 0 4 0 0 [5] [0] [0] [0]
5 1 0 5 0 0 [5] [0] [0] [0]
6 1 0 6 0 0 [5] [0] [0] [0]
7 1 0 7 0 0 [5] [0] [0] [0]
8 1 0 8 0 0 [5] [0] [0] [0]
9 1 0 9 0 0 [5] [0] [0] [0]
10 1 0 10 0 0 [5] [0] [0] [0]
11 1 0 11 0 0 [5] [0] [0] [0]
12 1 0 12 0 0 [5] [0] [0] [0]
13 1 0 13 0 0 [5] [0] [0] [0]
14 1 0 14 0 0 [5] [0] [0] [0]
15 1 0 15 0 0 [5] [0] [0] [0]
16 1 0 16 0 0 [5] [0] [0] [0]
17 1 0 17 0 0 [5] [0] [0] [0]
18 1 0 18 0 0 [5] [0] [0] [0]
19 1 0 19 0 0 [5] [0] [0] [0]
20 1 0 20 0 0 [5] [0] [0] [0]
21 1 0 21 0 0 [5] [0] [0] [0]
22 1 0 22 0 0 [5] [0] [0] [0]
23 1 0 23 0 0 [5] [0] [0] [0]
24 1 0 24 0 0 [5] [0] [0] [0]
25 1 0 25 0 0 [5] [0] [0] [0]
26 1 0 26 0 0 [5] [0] [0] [0]
27 1 0 27 0 0 [5] [0] [0] [0]
28 1 0 28 0 0 [5] [0] [0] [0]
29 1 0 29 0 0 [5] [0] [0] [0]
30 1 0 30 0 0 [5] [0] [0] [0]
31 1 0 31 0 0 [5] [0] [0] [0]
32 1 0 32 0 0 [5] [0] [0] [0]
33 1 0 33 0 0 [5] [0] [0] [0]
34 1 0 34 0 0 [5] [0] [0] [0]
35 1 0 35 0 0 [5] [0] [0] [0]
36 1 0 36 0 0 [5] [0] [0] [0]
37 1 0 37 0 0 [5] [0] [0] [0]
38 1 0 38 0 0 [5] [0] [0] [0]
39 1 0 39 0 0 [5] [0] [0] [0]
40 1 0 40 0 0 [5] [0] [0] [0]
41 1 0 41 0 0 [5] [0] [0] [0]
42 1 0 42 0 0 [5] [0] [0] [0]
43 1 0 43 0 0 [5] [0] [0] [0]
44 1 0 44 0 0 [5] [0] [0] [0]
45 1 0 45 0 0 [5] [0] [0] [0]
46 1 0 46 0 0 [5] [0] [0] [0]
47 1 0 47 0 0 [5] [0] [0] [0]
48 1 0 48 0 0 [5] [0] [0] [0]
49 1 0 49 0 0 [5] [0] [0] [0]
50 1 0 50 0 0 [5] [0] [0] [0]
51 1 0 51 0 0 [5] [0] [0] [0]
52 1 0 52 0 0 [5] [0] [0] [0]
53 1 0 53 0 0 [5] [0] [0] [0]
54 1 0 54 0 0 [5] [0] [0] [0]
55 1 0 55 0 0 [5] [0] [0] [0]
56 1 0 56 0 0 [5] [0] [0] [0]
57 1 0 57 0 0 [5] [0] [0] [0]
58 1 0 58 0 0 [5] [0] [0] [0]
59 1 0 59 0 0 [5] [0] [0] [0]
60 1 0 60 0 0 [5] [0] [0] [0]
61 1 0 61 0 0 [5] [0] [0] [0]
62 1 0 62 0 0 [5] [0] [0] [0]
63 1 0 63 0 0 [5] [0] [0] [0]
64 1 1 0 0 0 [5] [0] [0] [0]
65 2 1 1 0 0 [50] [0,0] [00] [0,0]
66 2 1 2 0 0 [50] [0,0] [00] [0,0]
67 2 1 3 0 0 [50] [0,0] [00] [0,0]
68 2 1 4 0 0 [50] [0,0] [00] [0,0]
69 2 1 5 0 0 [50] [0,0] [00] [0,0]
70 2 1 6 0 0 [50] [0,0] [00] [0,0]
71 2 1 7 0 0 [50] [0,0] [00] [0,0]
72 2 1 8 0 0 [50] [0,0] [00] [0,0]
73 2 1 9 0 0 [50] [0,0] [00] [0,0]
74 2 1 10 0 0 [50] [0,0] [00] [0,0]
75 2 1 11 0 0 [50] [0,0] [00] [0,0]
76 2 1 12 0 0 [50] [0,0] [00] [0,0]
77 2 1 13 0 0 [50] [0,0] [00] [0,0]
78 2 1 14 0 0 [50] [0,0] [00] [0,0]
79 2 1 15 0 0 [50] [0,0] [00] [0,0]
80 2 1 16 0 0 [50] [0,0] [00] [0,0]
81 2 1 17 0 0 [50] [0,0] [00] [0,0]
82 2 1 18 0 0 [50] [0,0] [00] [0,0]
83 2 1 19 0 0 [50] [0,0] [00] [0,0]
84 2 1 20 0 0 [50] [0,0] [00] [0,0]
85 2 1 21 0 0 [50] [0,0] [00] [0,0]
86 2 1 22 0 0 [50] [0,0] [00] [0,0]
87 2 1 23 0 0 [50] [0,0] [00] [0,0]
88 2 1 24 0 0 [50] [0,0] [00] [0,0]
89 2 1 25 0 0 [50] [0,0] [00] [0,0]
90 2 1 26 0 0 [50] [0,0] [00] [0,0]
91 2 1 27 0 0 [50] [0,0] [00] [0,0]
92 2 1 28 0 0 [50] [0,0] [00] [0,0]
93 2 1 29 0 0 [50] [0,0] [00] [0,0]
94 2 1 30 0 0 [50] [0,0] [00] [0,0]
95 2 1 31 0 0 [50] [0,0] [00] [0,0]
96 2 1 32 0 0 [50] [0,0] [00] [0,0]
97 2 1 33 0 0 [50] [0,0] [00] [0,0]
98 2 1 34 0 0 [50] [0,0] [00] [0,0]
99 2 1 35 0 0 [50] [0,0] [00] [0,0]
100 2 1 36 0 0 [50] [0,0] [00] [0,0]
101 2 1 37 0 0 [50] [0,0] [00] [0,0]
102 2 1 38 0 0 [50] [0,0] [00] [0,0]
103 2 1 39 0 0 [50] [0,0] [00] [0,0]
104 2 1 40 0 0 [50] [0,0] [00] [0,0]
105 2 1 41 0 0 [50] [0,0] [00] [0,0]
106 2 1 42 0 0 [50] [0,0] [00] [0,0]
107 2 1 43 0 0 [50] [0,0] [00] [0,0]
108 2 1 44 0 0 [50] [0,0] [00] [0,0]
109 2 1 45 0 0 [50] [0,0] [00] [0,0]
110 2 1 46 0 0 [50] [0,0] [00] [0,0]
111 2 1 47 0 0 [50] [0,0] [00] [0,0]
112 2 1 48 0 0 [50] [0,0] [00] [0,0]
113 2 1 49 0 0 [50] [0,0] [00] [0,0]
114 2 1 50 0 0 [50] [0,0] [00] [0,0]
115 2 1 51 0 0 [50] [0,0] [00] [0,0]
116 2 1 52 0 0 [50] [0,0] [00] [0,0]
117 2 1 53 0 0 [50] [0,0] [00] [0,0]
118 2 1 54 0 0 [50] [0,0] [00] [0,0]
119 2 1 55 0 0 [50] [0,0] [00] [0,0]
120 2 1 56 0 0 [50] [0,0] [00] [0,0]
121 2 1 57 0 0 [50] [0,0] [00] [0,0]
122 2 1 58 0 0 [50] [0,0] [00] [0,0]
123 2 1 59 0 0 [50] [0,0] [00] [0,0]
124 2 1 60 0 0 [50] [0,0] [00] [0,0]
125 2 1 61 0 0 [50] [0,0] [00] [0,0]
126 2 1 62 0 0 [50] [0,0] [00] [0,0]
127 2 1 63 0 0 [50] [0,0] [00] [0,0]
128 2 2 0 0 0 [50] [0,0] [00] [0,0]
129 3 2 1 0 0 [500] [0,0,0] [000] [0,0,0]
130 3 2 2 0 0 [500] [0,0,0] [000] [0,0,0]
131 3 2 3 0 0 [500] [0,0,0] [000] [0,0,0]
132 3 2 4 0 0 [500] [0,0,0] [000] [0,0,0]
133 3 2 5 0 0 [500] [0,0,0] [000] [0,0,0]
134 3 2 6 0 0 [500] [0,0,0] [000] [0,0,0]
135 3 2 7 0 0 [500] [0,0,0] [000] [0,0,0]
136 3 2 8 0 0 [500] [0,0,0] [000] [0,0,0]
137 3 2 9 0 0 [500] [0,0,0] [000] [0,0,0]
138 3 2 10 0 0 [500] [0,0,0] [000] [0,0,0]
139 3 2 11 0 0 [500] [0,0,0] [000] [0,0,0]
140 3 2 12 0 0 [500] [0,0,0] [000] [0,0,0]
141 3 2 13 0 0 [500] [0,0,0] [000] [0,0,0]
142 3 2 14 0 0 [500] [0,0,0] [000] [0,0,0]
143 3 2 15 0 0 [500] [0,0,0] [000] [0,0,0]
144 3 2 16 0 0 [500] [0,0,0] [000] [0,0,0]
145 3 2 17 0 0 [500] [0,0,0] [000] [0,0,0]
146 3 2 18 0 0 [500] [0,0,0] [000] [0,0,0]
147 3 2 19 0 0 [500] [0,0,0] [000] [0,0,0]
148 3 2 20 0 0 [500] [0,0,0] [000] [0,0,0]
149 3 2 21 0 0 [500] [0,0,0] [000] [0,0,0]
150 3 2 22 0 0 [500] [0,0,0] [000] [0,0,0]
151 3 2 23 0 0 [500] [0,0,0] [000] [0,0,0]
152 3 2 24 0 0 [500] [0,0,0] [000] [0,0,0]
153 3 2 25 0 0 [500] [0,0,0] [000] [0,0,0]
154 3 2 26 0 0 [500] [0,0,0] [000] [0,0,0]
155 3 2 27 0 0 [500] [0,0,0] [000] [0,0,0]
156 3 2 28 0 0 [500] [0,0,0] [000] [0,0,0]
157 3 2 29 0 0 [500] [0,0,0] [000] [0,0,0]
158 3 2 30 0 0 [500] [0,0,0] [000] [0,0,0]
159 3 2 31 0 0 [500] [0,0,0] [000] [0,0,0]
160 3 2 32 0 0 [500] [0,0,0] [000] [0,0,0]
161 3 2 33 0 0 [500] [0,0,0] [000] [0,0,0]
162 3 2 34 0 0 [500] [0,0,0] [000] [0,0,0]
163 3 2 35 0 0 [500] [0,0,0] [000] [0,0,0]
164 3 2 36 0 0 [500] [0,0,0] [000] [0,0,0]
165 3 2 37 0 0 [500] [0,0,0] [000] [0,0,0]
166 3 2 38 0 0 [500] [0,0,0] [000] [0,0,0]
167 3 2 39 0 0 [500] [0,0,0] [000] [0,0,0]
168 3 2 40 0 0 [500] [0,0,0] [000] [0,0,0]
169 3 2 41 0 0 [500] [0,0,0] [000] [0,0,0]
170 3 2 42 0 0 [500] [0,0,0] [000] [0,0,0]
171 3 2 43 0 0 [500] [0,0,0] [000] [0,0,0]
172 3 2 44 0 0 [500] [0,0,0] [000] [0,0,0]
173 3 2 45 0 0 [500] [0,0,0] [000] [0,0,0]
174 3 2 46 0 0 [500] [0,0,0] [000] [0,0,0]
175 3 2 47 0 0 [500] [0,0,0] [000] [0,0,0]
176 3 2 48 0 0 [500] [0,0,0] [000] [0,0,0]
177 3 2 49 0 0 [500] [0,0,0] [000] [0,0,0]
178 3 2 50 0 0 [500] [0,0,0] [000] [0,0,0]
179 3 2 51 0 0 [500] [0,0,0] [000] [0,0,0]
180 3 2 52 0 0 [500] [0,0,0] [000] [0,0,0]
181 3 2 53 0 0 [500] [0,0,0] [000] [0,0,0]
182 3 2 54 0 0 [500] [0,0,0] [000] [0,0,0]
183 3 2 55 0 0 [500] [0,0,0] [000] [0,0,0]
184 3 2 56 0 0 [500] [0,0,0] [000] [0,0,0]
185 3 2 57 0 0 [500] [0,0,0] [000] [0,0,0]
186 3 2 58 0 0 [500] [0,0,0] [000] [0,0,0]
187 3 2 59 0 0 [500] [0,0,0] [000] [0,0,0]
188 3 2 60 0 0 [500] [0,0,0] [000] [0,0,0]
189 3 2 61 0 0 [500] [0,0,0] [000] [0,0,0]
190 3 2 62 0 0 [500] [0,0,0] [000] [0,0,0]
191 3 2 63 0 0 [500] [0,0,0] [000] [0,0,0]
192 3 3 0 0 0 [500] [0,0,0] [000] [0,0,0]
193 4 3 1 0 0 [5005] [0,0,0,0] [0000] [0,0,0,0]
194 4 3 2 0 0 [5005] [0,0,0,0] [0000] [0,0,0,0]
195 4 3 3 0 0 [5005] [0,0,0,0] [0000] [0,0,0,0]
196 4 3 4 0 0 [5005] [0,0,0,0] [0000] [0,0,0,0]
197 4 3 5 0 0 [5005] [0,0,0,0] [0000] [0,0,0,0]
198 4 3 6 0 0 [5005] [0,0,0,0] [0000] [0,0,0,0]
199 4 3 7 0 0 [5005] [0,0,0,0] [0000] [0,0,0,0]
200 4 3 8 0 0 [5005] [0,0,0,0] [0000] [0,0,0,0]
201 4 3 9 0 0 [5005] [0,0,0,0] [0000] [0,0,0,0]
202 4 3 10 0 0 [5005] [0,0,0,0] [0000] [0,0,0,0]
203 4 3 11 0 0 [5005] [0,0,0,0] [0000] [0,0,0,0]
204 4 3 12 0 0 [5005] [0,0,0,0] [0000] [0,0,0,0]
205 4 3 13 0 0 [5005] [0,0,0,0] [0000] [0,0,0,0]
206 4 3 14 0 0 [5005] [0,0,0,0] [0000] [0,0,0,0]
207 4 3 15 0 0 [5005] [0,0,0,0] [0000] [0,0,0,0]
208 4 3 16 0 0 [5005] [0,0,0,0] [0000] [0,0,0,0]
209 4 3 17 0 0 [5005] [0,0,0,0] [0000] [0,0,0,0]
210 4 3 18 0 0 [5005] [0,0,0,0] [0000] [0,0,0,0]
211 4 3 19 0 0 [5005] [0,0,0,0] [0000] [0,0,0,0]
212 4 3 20 0 0 [5005] [0,0,0,0] [0000] [0,0,0,0]
213 4 3 21 0 0 [5005] [0,0,0,0] [0000] [0,0,0,0]
214 4 3 22 0 0 [5005] [0,0,0,0] [0000] [0,0,0,0]
215 4 3 23 0 0 [5005] [0,0,0,0] [0000] [0,0,0,0]
216 4 3 24 0 0 [5005] [0,0,0,0] [0000] [0,0,0,0]
217 4 3 25 0 0 [5005] [0,0,0,0] [0000] [0,0,0,0]
218 4 3 26 0 0 [5005] [0,0,0,0] [0000] [0,0,0,0]
219 4 3 27 0 0 [5005] [0,0,0,0] [0000] [0,0,0,0]
220 4 3 28 0 0 [5005] [0,0,0,0] [0000] [0,0,0,0]
221 4 3 29 0 0 [5005] [0,0,0,0] [0000] [0,0,0,0]
222 4 3 30 0 0 [5005] [0,0,0,0] [0000] [0,0,0,0]
223 4 3 31 0 0 [5005] [0,0,0,0] [0000] [0,0,0,0]
224 4 3 32 0 0 [5005] [0,0,0,0] [0000] [0,0,0,0]
225 4 3 33 0 0 [5005] [0,0,0,0] [0000] [0,0,0,0]
226 4 3 34 0 0 [5005] [0,0,0,0] [0000] [0,0,0,0]
227 4 3 35 0 0 [5005] [0,0,0,0] [0000] [0,0,0,0]
228 4 3 36 0 0 [5005] [0,0,0,0] [0000] [0,0,0,0]
229 4 3 37 0 0 [5005] [0,0,0,0] [0000] [0,0,0,0]
230 4 3 38 0 0 [5005] [0,0,0,0] [0000] [0,0,0,0]
231 4 3 39 0 0 [5005] [0,0,0,0] [0000] [0,0,0,0]
232 4 3 40 0 0 [5005] [0,0,0,0] [0000] [0,0,0,0]
233 4 3 41 0 0 [5005] [0,0,0,0] [0000] [0,0,0,0]
234 4 3 42 0 0 [5005] [0,0,0,0] [0000] [0,0,0,0]
235 4 3 43 0 0 [5005] [0,0,0,0] [0000] [0,0,0,0]
236 4 3 44 0 0 [5005] [0,0,0,0] [0000] [0,0,0,0]
237 4 3 45 0 0 [5005] [0,0,0,0] [0000] [0,0,0,0]
238 4 3 46 0 0 [5005] [0,0,0,0] [0000] [0,0,0,0]
239 4 3 47 0 0 [5005] [0,0,0,0] [0000] [0,0,0,0]
240 4 3 48 0 0 [5005] [0,0,0,0] [0000] [0,0,0,0]
241 4 3 49 0 0 [5005] [0,0,0,0] [0000] [0,0,0,0]
242 4 3 50 0 0 [5005] [0,0,0,0] [0000] [0,0,0,0]
243 4 3 51 0 0 [5005] [0,0,0,0] [0000] [0,0,0,0]
244 4 3 52 0 0 [5005] [0,0,0,0] [0000] [0,0,0,0]
245 4 3 53 0 0 [5005] [0,0,0,0] [0000] [0,0,0,0]
246 4 3 54 0 0 [5005] [0,0,0,0] [0000] [0,0,0,0]
247 4 3 55 0 0 [5005] [0,0,0,0] [0000] [0,0,0,0]
248 4 3 56 0 0 [5005] [0,0,0,0] [0000] [0,0,0,0]
249 4 3 57 0 0 [5005] [0,0,0,0] [0000] [0,0,0,0]
250 4 3 58 0 0 [5005] [0,0,0,0] [0000] [0,0,0,0]
251 4 3 59 0 0 [5005] [0,0,0,0] [0000] [0,0,0,0]
252 4 3 60 0 0 [5005] [0,0,0,0] [0000] [0,0,0,0]
253 4 3 61 0 0 [5005] [0,0,0,0] [0000] [0,0,0,0]
254 4 3 62 0 0 [5005] [0,0,0,0] [0000] [0,0,0,0]
255 4 3 63 0 0 [5005] [0,0,0,0] [0000] [0,0,0,0]
256 4 4 0 0 0 [5005] [0,0,0,0] [0000] [0,0,0,0]
257 5 4 1 0 0 [50052] [0,0,0,0,0] [00000] [0,0,0,0,0]
258 5 4 2 0 0 [50052] [0,0,0,0,0] [00000] [0,0,0,0,0]
259 5 4 3 0 0 [50052] [0,0,0,0,0] [00000] [0,0,0,0,0]
260 5 4 4 0 0 [50052] [0,0,0,0,0] [00000] [0,0,0,0,0]
261 5 4 5 0 0 [50052] [0,0,0,0,0] [00000] [0,0,0,0,0]
262 5 4 6 0 0 [50052] [0,0,0,0,0] [00000] [0,0,0,0,0]
263 5 4 7 0 0 [50052] [0,0,0,0,0] [00000] [0,0,0,0,0]
264 5 4 8 0 0 [50052] [0,0,0,0,0] [00000] [0,0,0,0,0]
265 5 4 9 0 0 [50052] [0,0,0,0,0] [00000] [0,0,0,0,0]
266 5 4 10 0 0 [50052] [0,0,0,0,0] [00000] [0,0,0,0,0]
267 5 4 11 0 0 [50052] [0,0,0,0,0] [00000] [0,0,0,0,0]
268 5 4 12 0 0 [50052] [0,0,0,0,0] [00000] [0,0,0,0,0]
269 5 4 13 0 0 [50052] [0,0,0,0,0] [00000] [0,0,0,0,0]
270 5 4 14 0 0 [50052] [0,0,0,0,0] [00000] [0,0,0,0,0]
271 5 4 15 0 0 [50052] [0,0,0,0,0] [00000] [0,0,0,0,0]
272 5 4 16 0 0 [50052] [0,0,0,0,0] [00000] [0,0,0,0,0]
273 5 4 17 0 0 [50052] [0,0,0,0,0] [00000] [0,0,0,0,0]
274 5 4 18 0 0 [50052] [0,0,0,0,0] [00000] [0,0,0,0,0]
275 5 4 19 0 0 [50052] [0,0,0,0,0] [00000] [0,0,0,0,0]
276 5 4 20 0 0 [50052] [0,0,0,0,0] [00000] [0,0,0,0,0]
277 5 4 21 0 0 [50052] [0,0,0,0,0] [00000] [0,0,0,0,0]
278 5 4 22 0 0 [50052] [0,0,0,0,0] [00000] [0,0,0,0,0]
279 5 4 23 0 0 [50052] [0,0,0,0,0] [00000] [0,0,0,0,0]
280 5 4 24 0 0 [50052] [0,0,0,0,0] [00000] [0,0,0,0,0]
281 5 4 25 0 0 [50052] [0,0,0,0,0] [00000] [0,0,0,0,0]
282 5 4 26 0 0 [50052] [0,0,0,0,0] [00000] [0,0,0,0,0]
283 5 4 27 0 0 [50052] [0,0,0,0,0] [00000] [0,0,0,0,0]
284 5 4 28 0 0 [50052] [0,0,0,0,0] [00000] [0,0,0,0,0]
285 5 4 29 0 0 [50052] [0,0,0,0,0] [00000] [0,0,0,0,0]
286 5 4 30 0 0 [50052] [0,0,0,0,0] [00000] [0,0,0,0,0]
287 5 4 31 0 0 [50052] [0,0,0,0,0] [00000] [0,0,0,0,0]
288 5 4 32 0 0 [50052] [0,0,0,0,0] [00000] [0,0,0,0,0]
289 5 4 33 0 0 [50052] [0,0,0,0,0] [00000] [0,0,0,0,0]
290 5 4 34 0 0 [50052] [0,0,0,0,0] [00000] [0,0,0,0,0]
291 5 4 35 0 0 [50052] [0,0,0,0,0] [00000] [0,0,0,0,0]
292 5 4 36 0 0 [50052] [0,0,0,0,0] [00000] [0,0,0,0,0]
293 5 4 37 0 0 [50052] [0,0,0,0,0] [00000] [0,0,0,0,0]
294 5 4 38 0 0 [50052] [0,0,0,0,0] [00000] [0,0,0,0,0]
295 5 4 39 0 0 [50052] [0,0,0,0,0] [00000] [0,0,0,0,0]
296 5 4 40 0 0 [50052] [0,0,0,0,0] [00000] [0,0,0,0,0]
297 5 4 41 0 0 [50052] [0,0,0,0,0] [00000] [0,0,0,0,0]
298 5 4 42 0 0 [50052] [0,0,0,0,0] [00000] [0,0,0,0,0]
299 5 4 43 0 0 [50052] [0,0,0,0,0] [00000] [0,0,0,0,0]
300 5 4 44 0 0 [50052] [0,0,0,0,0] [00000] [0,0,0,0,0]
301 5 4 45 0 0 [50052] [0,0,0,0,0] [00000] [0,0,0,0,0]
302 5 4 46 0 0 [50052] [0,0,0,0,0] [00000] [0,0,0,0,0]
303 5 4 47 0 0 [50052] [0,0,0,0,0] [00000] [0,0,0,0,0]
304 5 4 48 0 0 [50052] [0,0,0,0,0] [00000] [0,0,0,0,0]
305 5 4 49 0 0 [50052] [0,0,0,0,0] [00000] [0,0,0,0,0]
306 5 4 50 0 0 [50052] [0,0,0,0,0] [00000] [0,0,0,0,0]
307 5 4 51 0 0 [50052] [0,0,0,0,0] [00000] [0,0,0,0,0]
308 5 4 52 0 0 [50052] [0,0,0,0,0] [00000] [0,0,0,0,0]
309 5 4 53 0 0 [50052] [0,0,0,0,0] [00000] [0,0,0,0,0]
310 5 4 54 0 0 [50052] [0,0,0,0,0] [00000] [0,0,0,0,0]
311 5 4 55 0 0 [50052] [0,0,0,0,0] [00000] [0,0,0,0,0]
312 5 4 56 0 0 [50052] [0,0,0,0,0] [00000] [0,0,0,0,0]
313 5 4 57 0 0 [50052] [0,0,0,0,0] [00000] [0,0,0,0,0]
314 5 4 58 0 0 [50052] [0,0,0,0,0] [00000] [0,0,0,0,0]
315 5 4 59 0 0 [50052] [0,0,0,0,0] [00000] [0,0,0,0,0]
316 5 4 60 0 0 [50052] [0,0,0,0,0] [00000] [0,0,0,0,0]
317 5 4 61 0 0 [50052] [0,0,0,0,0] [00000] [0,0,0,0,0]
318 5 4 62 0 0 [50052] [0,0,0,0,0] [00000] [0,0,0,0,0]
319 5 4 63 0 0 [50052] [0,0,0,0,0] [00000] [0,0,0,0,0]
320 5 5 0 0 0 [50052] [0,0,0,0,0] [00000] [0,0,0,0,0]
321 6 5 1 0 0 [500521] [0,0,0,0,0,0] [000000] [0,0,0,0,0,0]
322 6 5 2 0 0 [500521] [0,0,0,0,0,0] [000000] [0,0,0,0,0,0]
323 6 5 3 0 0 [500521] [0,0,0,0,0,0] [000000] [0,0,0,0,0,0]
324 6 5 4 0 0 [500521] [0,0,0,0,0,0] [000000] [0,0,0,0,0,0]
325 6 5 5 0 0 [500521] [0,0,0,0,0,0] [000000] [0,0,0,0,0,0]
326 6 5 6 0 0 [500521] [0,0,0,0,0,0] [000000] [0,0,0,0,0,0]
327 6 5 7 0 0 [500521] [0,0,0,0,0,0] [000000] [0,0,0,0,0,0]
328 6 5 8 0 0 [500521] [0,0,0,0,0,0] [000000] [0,0,0,0,0,0]
329 6 5 9 0 0 [500521] [0,0,0,0,0,0] [000000] [0,0,0,0,0,0]
330 6 5 10 0 0 [500521] [0,0,0,0,0,0] [000000] [0,0,0,0,0,0]
331 6 5 11 0 0 [500521] [0,0,0,0,0,0] [000000] [0,0,0,0,0,0]
332 6 5 12 0 0 [500521] [0,0,0,0,0,0] [000000] [0,0,0,0,0,0]
333 6 5 13 0 0 [500521] [0,0,0,0,0,0] [000000] [0,0,0,0,0,0]
334 6 5 14 0 0 [500521] [0,0,0,0,0,0] [000000] [0,0,0,0,0,0]
335 6 5 15 0 0 [500521] [0,0,0,0,0,0] [000000] [0,0,0,0,0,0]
336 6 5 16 0 0 [500521] [0,0,0,0,0,0] [000000] [0,0,0,0,0,0]
337 6 5 17 0 0 [500521] [0,0,0,0,0,0] [000000] [0,0,0,0,0,0]
338 6 5 18 0 0 [500521] [0,0,0,0,0,0] [000000] [0,0,0,0,0,0]
339 6 5 19 0 0 [500521] [0,0,0,0,0,0] [000000] [0,0,0,0,0,0]
340 6 5 20 0 0 [500521] [0,0,0,0,0,0] [000000] [0,0,0,0,0,0]
341 6 5 21 0 0 [500521] [0,0,0,0,0,0] [000000] [0,0,0,0,0,0]
342 6 5 22 0 0 [500521] [0,0,0,0,0,0] [000000] [0,0,0,0,0,0]
343 6 5 23 0 0 [500521] [0,0,0,0,0,0] [000000] [0,0,0,0,0,0]
344 6 5 24 0 0 [500521] [0,0,0,0,0,0] [000000] [0,0,0,0,0,0]
345 6 5 25 0 0 [500521] [0,0,0,0,0,0] [000000] [0,0,0,0,0,0]
346 6 5 26 0 0 [500521] [0,0,0,0,0,0] [000000] [0,0,0,0,0,0]
347 6 5 27 0 0 [500521] [0,0,0,0,0,0] [000000] [0,0,0,0,0,0]
348 6 5 28 0 0 [500521] [0,0,0,0,0,0] [000000] [0,0,0,0,0,0]
349 6 5 29 0 0 [500521] [0,0,0,0,0,0] [000000] [0,0,0,0,0,0]
350 6 5 30 0 0 [500521] [0,0,0,0,0,0] [000000] [0,0,0,0,0,0]
351 6 5 31 0 0 [500521] [0,0,0,0,0,0] [000000] [0,0,0,0,0,0]
352 6 5 32 0 0 [500521] [0,0,0,0,0,0] [000000] [0,0,0,0,0,0]
353 6 5 33 0 0 [500521] [0,0,0,0,0,0] [000000] [0,0,0,0,0,0]
354 6 5 34 0 0 [500521] [0,0,0,0,0,0] [000000] [0,0,0,0,0,0]
355 6 5 35 0 0 [500521] [0,0,0,0,0,0] [000000] [0,0,0,0,0,0]
356 6 5 36 0 0 [500521] [0,0,0,0,0,0] [000000] [0,0,0,0,0,0]
357 6 5 37 0 0 [500521] [0,0,0,0,0,0] [000000] [0,0,0,0,0,0]
358 6 5 38 0 0 [500521] [0,0,0,0,0,0] [000000] [0,0,0,0,0,0]
359 6 5 39 0 0 [500521] [0,0,0,0,0,0] [000000] [0,0,0,0,0,0]
360 6 5 40 0 0 [500521] [0,0,0,0,0,0] [000000] [0,0,0,0,0,0]
361 6 5 41 0 0 [500521] [0,0,0,0,0,0] [000000] [0,0,0,0,0,0]
362 6 5 42 0 0 [500521] [0,0,0,0,0,0] [000000] [0,0,0,0,0,0]
363 6 5 43 0 0 [500521] [0,0,0,0,0,0] [000000] [0,0,0,0,0,0]
364 6 5 44 0 0 [500521] [0,0,0,0,0,0] [000000] [0,0,0,0,0,0]
365 6 5 45 0 0 [500521] [0,0,0,0,0,0] [000000] [0,0,0,0,0,0]
366 6 5 46 0 0 [500521] [0,0,0,0,0,0] [000000] [0,0,0,0,0,0]
367 6 5 47 0 0 [500521] [0,0,0,0,0,0] [000000] [0,0,0,0,0,0]
368 6 5 48 0 0 [500521] [0,0,0,0,0,0] [000000] [0,0,0,0,0,0]
369 6 5 49 0 0 [500521] [0,0,0,0,0,0] [000000] [0,0,0,0,0,0]
370 6 5 50 0 0 [500521] [0,0,0,0,0,0] [000000] [0,0,0,0,0,0]
371 6 5 51 0 0 [500521] [0,0,0,0,0,0] [000000] [0,0,0,0,0,0]
372 6 5 52 0 0 [500521] [0,0,0,0,0,0] [000000] [0,0,0,0,0,0]
373 6 5 53 0 0 [500521] [0,0,0,0,0,0] [000000] [0,0,0,0,0,0]
374 6 5 54 0 0 [500521] [0,0,0,0,0,0] [000000] [0,0,0,0,0,0]
375 6 5 55 0 0 [500521] [0,0,0,0,0,0] [000000] [0,0,0,0,0,0]
376 6 5 56 0 0 [500521] [0,0,0,0,0,0] [000000] [0,0,0,0,0,0]
377 6 5 57 0 0 [500521] [0,0,0,0,0,0] [000000] [0,0,0,0,0,0]
378 6 5 58 0 0 [500521] [0,0,0,0,0,0] [000000] [0,0,0,0,0,0]
379 6 5 59 0 0 [500521] [0,0,0,0,0,0] [000000] [0,0,0,0,0,0]
380 6 5 60 0 0 [500521] [0,0,0,0,0,0] [000000] [0,0,0,0,0,0]
381 6 5 61 0 0 [500521] [0,0,0,0,0,0] [000000] [0,0,0,0,0,0]
382 6 5 62 0 0 [500521] [0,0,0,0,0,0] [000000] [0,0,0,0,0,0]
383 6 5 63 0 0 [500521] [0,0,0,0,0,0] [000000] [0,0,0,0,0,0]
384 6 6 0 0 0 [500521] [0,0,0,0,0,0] [000000] [0,0,0,0,0,0]
385 7 6 1 0 0 [5005211] [0,0,0,0,0,0,0] [0000000] [0,0,0,0,0,0,0]
386 7 6 2 0 0 [5005211] [0,0,0,0,0,0,0] [0000000] [0,0,0,0,0,0,0]
387 7 6 3 0 0 [5005211] [0,0,0,0,0,0,0] [0000000] [0,0,0,0,0,0,0]
388 7 6 4 0 0 [5005211] [0,0,0,0,0,0,0] [0000000] [0,0,0,0,0,0,0]
389 7 6 5 0 0 [5005211] [0,0,0,0,0,0,0] [0000000] [0,0,0,0,0,0,0]
390 7 6 6 0 0 [5005211] [0,0,0,0,0,0,0] [0000000] [0,0,0,0,0,0,0]
391 7 6 7 0 0 [5005211] [0,0,0,0,0,0,0] [0000000] [0,0,0,0,0,0,0]
392 7 6 8 0 0 [5005211] [0,0,0,0,0,0,0] [0000000] [0,0,0,0,0,0,0]
393 7 6 9 0 0 [5005211] [0,0,0,0,0,0,0] [0000000] [0,0,0,0,0,0,0]
394 7 6 10 0 0 [5005211] [0,0,0,0,0,0,0] [0000000] [0,0,0,0,0,0,0]
395 7 6 11 0 0 [5005211] [0,0,0,0,0,0,0] [0000000] [0,0,0,0,0,0,0]
396 7 6 12 0 0 [5005211] [0,0,0,0,0,0,0] [0000000] [0,0,0,0,0,0,0]
397 7 6 13 0 0 [5005211] [0,0,0,0,0,0,0] [0000000] [0,0,0,0,0,0,0]
398 7 6 14 0 0 [5005211] [0,0,0,0,0,0,0] [0000000] [0,0,0,0,0,0,0]
399 7 6 15 0 0 [5005211] [0,0,0,0,0,0,0] [0000000] [0,0,0,0,0,0,0]
400 7 6 16 0 0 [5005211] [0,0,0,0,0,0,0] [0000000] [0,0,0,0,0,0,0]
401 7 6 17 0 0 [5005211] [0,0,0,0,0,0,0] [0000000] [0,0,0,0,0,0,0]
402 7 6 18 0 0 [5005211] [0,0,0,0,0,0,0] [0000000] [0,0,0,0,0,0,0]
403 7 6 19 0 0 [5005211] [0,0,0,0,0,0,0] [0000000] [0,0,0,0,0,0,0]
404 7 6 20 0 0 [5005211] [0,0,0,0,0,0,0] [0000000] [0,0,0,0,0,0,0]
405 7 6 21 0 0 [5005211] [0,0,0,0,0,0,0] [0000000] [0,0,0,0,0,0,0]
406 7 6 22 0 0 [5005211] [0,0,0,0,0,0,0] [0000000] [0,0,0,0,0,0,0]
407 7 6 23 0 0 [5005211] [0,0,0,0,0,0,0] [0000000] [0,0,0,0,0,0,0]
408 7 6 24 0 0 [5005211] [0,0,0,0,0,0,0] [0000000] [0,0,0,0,0,0,0]
409 7 6 25 0 0 [5005211] [0,0,0,0,0,0,0] [0000000] [0,0,0,0,0,0,0]
410 7 6 26 0 0 [5005211] [0,0,0,0,0,0,0] [0000000] [0,0,0,0,0,0,0]
411 7 6 27 0 0 [5005211] [0,0,0,0,0,0,0] [0000000] [0,0,0,0,0,0,0]
412 7 6 28 0 0 [5005211] [0,0,0,0,0,0,0] [0000000] [0,0,0,0,0,0,0]
413 7 6 29 0 0 [5005211] [0,0,0,0,0,0,0] [0000000] [0,0,0,0,0,0,0]
414 7 6 30 0 0 [5005211] [0,0,0,0,0,0,0] [0000000] [0,0,0,0,0,0,0]
415 7 6 31 0 0 [5005211] [0,0,0,0,0,0,0] [0000000] [0,0,0,0,0,0,0]
416 7 6 32 0 0 [5005211] [0,0,0,0,0,0,0] [0000000] [0,0,0,0,0,0,0]
417 7 6 33 0 0 [5005211] [0,0,0,0,0,0,0] [0000000] [0,0,0,0,0,0,0]
418 7 6 34 0 0 [5005211] [0,0,0,0,0,0,0] [0000000] [0,0,0,0,0,0,0]
419 7 6 35 0 0 [5005211] [0,0,0,0,0,0,0] [0000000] [0,0,0,0,0,0,0]
420 7 6 36 0 0 [5005211] [0,0,0,0,0,0,0] [0000000] [0,0,0,0,0,0,0]
421 7 6 37 0 0 [5005211] [0,0,0,0,0,0,0] [0000000] [0,0,0,0,0,0,0]
422 7 6 38 0 0 [5005211] [0,0,0,0,0,0,0] [0000000] [0,0,0,0,0,0,0]
423 7 6 39 0 0 [5005211] [0,0,0,0,0,0,0] [0000000] [0,0,0,0,0,0,0]
424 7 6 40 0 0 [5005211] [0,0,0,0,0,0,0] [0000000] [0,0,0,0,0,0,0]
425 7 6 41 0 0 [5005211] [0,0,0,0,0,0,0] [0000000] [0,0,0,0,0,0,0]
426 7 6 42 0 0 [5005211] [0,0,0,0,0,0,0] [0000000] [0,0,0,0,0,0,0]
427 7 6 43 0 0 [5005211] [0,0,0,0,0,0,0] [0000000] [0,0,0,0,0,0,0]
428 7 6 44 0 0 [5005211] [0,0,0,0,0,0,0] [0000000] [0,0,0,0,0,0,0]
429 7 6 45 0 0 [5005211] [0,0,0,0,0,0,0] [0000000] [0,0,0,0,0,0,0]
430 7 6 46 0 0 [5005211] [0,0,0,0,0,0,0] [0000000] [0,0,0,0,0,0,0]
431 7 6 47 0 0 [5005211] [0,0,0,0,0,0,0] [0000000] [0,0,0,0,0,0,0]
432 7 6 48 0 0 [5005211] [0,0,0,0,0,0,0] [0000000] [0,0,0,0,0,0,0]
433 7 6 49 0 0 [5005211] [0,0,0,0,0,0,0] [0000000] [0,0,0,0,0,0,0]
434 7 6 50 0 0 [5005211] [0,0,0,0,0,0,0] [0000000] [0,0,0,0,0,0,0]
435 7 6 51 0 0 [5005211] [0,0,0,0,0,0,0] [0000000] [0,0,0,0,0,0,0]
436 7 6 52 0 0 [5005211] [0,0,0,0,0,0,0] [0000000] [0,0,0,0,0,0,0]
437 7 6 53 0 0 [5005211] [0,0,0,0,0,0,0] [0000000] [0,0,0,0,0,0,0]
438 7 6 54 0 0 [5005211] [0,0,0,0,0,0,0] [0000000] [0,0,0,0,0,0,0]
439 7 6 55 0 0 [5005211] [0,0,0,0,0,0,0] [0000000] [0,0,0,0,0,0,0]
440 7 6 56 0 0 [5005211] [0,0,0,0,0,0,0] [0000000] [0,0,0,0,0,0,0]
441 7 6 57 0 0 [5005211] [0,0,0,0,0,0,0] [0000000] [0,0,0,0,0,0,0]
442 7 6 58 0 0 [5005211] [0,0,0,0,0,0,0] [0000000] [0,0,0,0,0,0,0]
443 7 6 59 0 0 [5005211] [0,0,0,0,0,0,0] [0000000] [0,0,0,0,0,0,0]
444 7 6 60 0 0 [5005211] [0,0,0,0,0,0,0] [0000000] [0,0,0,0,0,0,0]
445 7 6 61 0 0 [5005211] [0,0,0,0,0,0,0] [0000000] [0,0,0,0,0,0,0]
446 7 6 62 0 0 [5005211] [0,0,0,0,0,0,0] [0000000] [0,0,0,0,0,0,0]
447 7 6 63 0 0 [5005211] [0,0,0,0,0,0,0] [0000000] [0,0,0,0,0,0,0]
448 7 7 0 0 0 [5005211] [0,0,0,0,0,0,0] [0000000] [0,0,0,0,0,0,0]
449 8 7 1 0 0 [50052112] [0,0,0,0,0,0,0,0] [00000000] [0,0,0,0,0,0,0,0]
450 8 7 2 0 0 [50052112] [0,0,0,0,0,0,0,0] [00000000] [0,0,0,0,0,0,0,0]
451 8 7 3 0 0 [50052112] [0,0,0,0,0,0,0,0] [00000000] [0,0,0,0,0,0,0,0]
452 8 7 4 0 0 [50052112] [0,0,0,0,0,0,0,0] [00000000] [0,0,0,0,0,0,0,0]
453 8 7 5 0 0 [50052112] [0,0,0,0,0,0,0,0] [00000000] [0,0,0,0,0,0,0,0]
454 8 7 6 0 0 [50052112] [0,0,0,0,0,0,0,0] [00000000] [0,0,0,0,0,0,0,0]
455 8 7 7 0 0 [50052112] [0,0,0,0,0,0,0,0] [00000000] [0,0,0,0,0,0,0,0]
456 8 7 8 0 0 [50052112] [0,0,0,0,0,0,0,0] [00000000] [0,0,0,0,0,0,0,0]
457 8 7 9 0 0 [50052112] [0,0,0,0,0,0,0,0] [00000000] [0,0,0,0,0,0,0,0]
458 8 7 10 0 0 [50052112] [0,0,0,0,0,0,0,0] [00000000] [0,0,0,0,0,0,0,0]
459 8 7 11 0 0 [50052112] [0,0,0,0,0,0,0,0] [00000000] [0,0,0,0,0,0,0,0]
460 8 7 12 0 0 [50052112] [0,0,0,0,0,0,0,0] [00000000] [0,0,0,0,0,0,0,0]
461 8 7 13 0 0 [50052112] [0,0,0,0,0,0,0,0] [00000000] [0,0,0,0,0,0,0,0]
462 8 7 14 0 0 [50052112] [0,0,0,0,0,0,0,0] [00000000] [0,0,0,0,0,0,0,0]
463 8 7 15 0 0 [50052112] [0,0,0,0,0,0,0,0] [00000000] [0,0,0,0,0,0,0,0]
464 8 7 16 0 0 [50052112] [0,0,0,0,0,0,0,0] [00000000] [0,0,0,0,0,0,0,0]
465 8 7 17 0 0 [50052112] [0,0,0,0,0,0,0,0] [00000000] [0,0,0,0,0,0,0,0]
466 8 7 18 0 0 [50052112] [0,0,0,0,0,0,0,0] [00000000] [0,0,0,0,0,0,0,0]
467 8 7 19 0 0 [50052112] [0,0,0,0,0,0,0,0] [00000000] [0,0,0,0,0,0,0,0]
468 8 7 20 0 0 [50052112] [0,0,0,0,0,0,0,0] [00000000] [0,0,0,0,0,0,0,0]
469 8 7 21 0 0 [50052112] [0,0,0,0,0,0,0,0] [00000000] [0,0,0,0,0,0,0,0]
470 8 7 22 0 0 [50052112] [0,0,0,0,0,0,0,0] [00000000] [0,0,0,0,0,0,0,0]
471 8 7 23 0 0 [50052112] [0,0,0,0,0,0,0,0] [00000000] [0,0,0,0,0,0,0,0]
472 8 7 24 0 0 [50052112] [0,0,0,0,0,0,0,0] [00000000] [0,0,0,0,0,0,0,0]
473 8 7 25 0 0 [50052112] [0,0,0,0,0,0,0,0] [00000000] [0,0,0,0,0,0,0,0]
474 8 7 26 0 0 [50052112] [0,0,0,0,0,0,0,0] [00000000] [0,0,0,0,0,0,0,0]
475 8 7 27 0 0 [50052112] [0,0,0,0,0,0,0,0] [00000000] [0,0,0,0,0,0,0,0]
476 8 7 28 0 0 [50052112] [0,0,0,0,0,0,0,0] [00000000] [0,0,0,0,0,0,0,0]
477 8 7 29 0 0 [50052112] [0,0,0,0,0,0,0,0] [00000000] [0,0,0,0,0,0,0,0]
478 8 7 30 0 0 [50052112] [0,0,0,0,0,0,0,0] [00000000] [0,0,0,0,0,0,0,0]
479 8 7 31 0 0 [50052112] [0,0,0,0,0,0,0,0] [00000000] [0,0,0,0,0,0,0,0]
480 8 7 32 0 0 [50052112] [0,0,0,0,0,0,0,0] [00000000] [0,0,0,0,0,0,0,0]
481 8 7 33 0 0 [50052112] [0,0,0,0,0,0,0,0] [00000000] [0,0,0,0,0,0,0,0]
482 8 7 34 0 0 [50052112] [0,0,0,0,0,0,0,0] [00000000] [0,0,0,0,0,0,0,0]
483 8 7 35 0 0 [50052112] [0,0,0,0,0,0,0,0] [00000000] [0,0,0,0,0,0,0,0]
484 8 7 36 0 0 [50052112] [0,0,0,0,0,0,0,0] [00000000] [0,0,0,0,0,0,0,0]
485 8 7 37 0 0 [50052112] [0,0,0,0,0,0,0,0] [00000000] [0,0,0,0,0,0,0,0]
486 8 7 38 0 0 [50052112] [0,0,0,0,0,0,0,0] [00000000] [0,0,0,0,0,0,0,0]
487 8 7 39 0 0 [50052112] [0,0,0,0,0,0,0,0] [00000000] [0,0,0,0,0,0,0,0]
488 8 7 40 0 0 [50052112] [0,0,0,0,0,0,0,0] [00000000] [0,0,0,0,0,0,0,0]
489 8 7 41 0 0 [50052112] [0,0,0,0,0,0,0,0] [00000000] [0,0,0,0,0,0,0,0]
490 8 7 42 0 0 [50052112] [0,0,0,0,0,0,0,0] [00000000] [0,0,0,0,0,0,0,0]
491 8 7 43 0 0 [50052112] [0,0,0,0,0,0,0,0] [00000000] [0,0,0,0,0,0,0,0]
492 8 7 44 0 0 [50052112] [0,0,0,0,0,0,0,0] [00000000] [0,0,0,0,0,0,0,0]
493 8 7 45 0 0 [50052112] [0,0,0,0,0,0,0,0] [00000000] [0,0,0,0,0,0,0,0]
494 8 7 46 0 0 [50052112] [0,0,0,0,0,0,0,0] [00000000] [0,0,0,0,0,0,0,0]
495 8 7 47 0 0 [50052112] [0,0,0,0,0,0,0,0] [00000000] [0,0,0,0,0,0,0,0]
496 8 7 48 0 0 [50052112] [0,0,0,0,0,0,0,0] [00000000] [0,0,0,0,0,0,0,0]
497 8 7 49 0 0 [50052112] [0,0,0,0,0,0,0,0] [00000000] [0,0,0,0,0,0,0,0]
498 8 7 50 0 0 [50052112] [0,0,0,0,0,0,0,0] [00000000] [0,0,0,0,0,0,0,0]
499 8 7 51 0 0 [50052112] [0,0,0,0,0,0,0,0] [00000000] [0,0,0,0,0,0,0,0]
500 8 7 52 0 0 [50052112] [0,0,0,0,0,0,0,0] [00000000] [0,0,0,0,0,0,0,0]
501 8 7 53 0 0 [50052112] [0,0,0,0,0,0,0,0] [00000000] [0,0,0,0,0,0,0,0]
502 8 7 54 0 0 [50052112] [0,0,0,0,0,0,0,0] [00000000] [0,0,0,0,0,0,0,0]
503 8 7 55 0 0 [50052112] [0,0,0,0,0,0,0,0] [00000000] [0,0,0,0,0,0,0,0]
504 8 7 56 0 0 [50052112] [0,0,0,0,0,0,0,0] [00000000] [0,0,0,0,0,0,0,0]
505 8 7 57 0 0 [50052112] [0,0,0,0,0,0,0,0] [00000000] [0,0,0,0,0,0,0,0]
506 8 7 58 0 0 [50052112] [0,0,0,0,0,0,0,0] [00000000] [0,0,0,0,0,0,0,0]
507 8 7 59 0 0 [50052112] [0,0,0,0,0,0,0,0] [00000000] [0,0,0,0,0,0,0,0]
508 8 7 60 0 0 [50052112] [0,0,0,0,0,0,0,0] [00000000] [0,0,0,0,0,0,0,0]
509 8 7 61 0 0 [50052112] [0,0,0,0,0,0,0,0] [00000000] [0,0,0,0,0,0,0,0]
510 8 7 62 0 0 [50052112] [0,0,0,0,0,0,0,0] [00000000] [0,0,0,0,0,0,0,0]
511 8 7 63 0 0 [50052112] [0,0,0,0,0,0,0,0] [00000000] [0,0,0,0,0,0,0,0]
512 8 8 0 0 0 [50052112] [0,0,0,0,0,0,0,0] [00000000] [0,0,0,0,0,0,0,0]
513 9 8 1 0 0 [500521125] [0,0,0,0,0,0,0,0,0] [000000000] [0,0,0,0,0,0,0,0,0]
514 9 8 2 0 0 [500521125] [0,0,0,0,0,0,0,0,0] [000000000] [0,0,0,0,0,0,0,0,0]
515 9 8 3 0 0 [500521125] [0,0,0,0,0,0,0,0,0] [000000000] [0,0,0,0,0,0,0,0,0]
516 9 8 4 0 0 [500521125] [0,0,0,0,0,0,0,0,0] [000000000] [0,0,0,0,0,0,0,0,0]
517 9 8 5 0 0 [500521125] [0,0,0,0,0,0,0,0,0] [000000000] [0,0,0,0,0,0,0,0,0]
518 9 8 6 0 0 [500521125] [0,0,0,0,0,0,0,0,0] [000000000] [0,0,0,0,0,0,0,0,0]
519 9 8 7 0 0 [500521125] [0,0,0,0,0,0,0,0,0] [000000000] [0,0,0,0,0,0,0,0,0]
520 9 8 8 0 0 [500521125] [0,0,0,0,0,0,0,0,0] [000000000] [0,0,0,0,0,0,0,0,0]
521 9 8 9 0 0 [500521125] [0,0,0,0,0,0,0,0,0] [000000000] [0,0,0,0,0,0,0,0,0]
522 9 8 10 0 0 [500521125] [0,0,0,0,0,0,0,0,0] [000000000] [0,0,0,0,0,0,0,0,0]
523 9 8 11 0 0 [500521125] [0,0,0,0,0,0,0,0,0] [000000000] [0,0,0,0,0,0,0,0,0]
524 9 8 12 0 0 [500521125] [0,0,0,0,0,0,0,0,0] [000000000] [0,0,0,0,0,0,0,0,0]
525 9 8 13 0 0 [500521125] [0,0,0,0,0,0,0,0,0] [000000000] [0,0,0,0,0,0,0,0,0]
526 9 8 14 0 0 [500521125] [0,0,0,0,0,0,0,0,0] [000000000] [0,0,0,0,0,0,0,0,0]
527 9 8 15 0 0 [500521125] [0,0,0,0,0,0,0,0,0] [000000000] [0,0,0,0,0,0,0,0,0]
528 9 8 16 0 0 [500521125] [0,0,0,0,0,0,0,0,0] [000000000] [0,0,0,0,0,0,0,0,0]
529 9 8 17 0 0 [500521125] [0,0,0,0,0,0,0,0,0] [000000000] [0,0,0,0,0,0,0,0,0]
530 9 8 18 0 0 [500521125] [0,0,0,0,0,0,0,0,0] [000000000] [0,0,0,0,0,0,0,0,0]
531 9 8 19 0 0 [500521125] [0,0,0,0,0,0,0,0,0] [000000000] [0,0,0,0,0,0,0,0,0]
532 9 8 20 0 0 [500521125] [0,0,0,0,0,0,0,0,0] [000000000] [0,0,0,0,0,0,0,0,0]
533 9 8 21 0 0 [500521125] [0,0,0,0,0,0,0,0,0] [000000000] [0,0,0,0,0,0,0,0,0]
534 9 8 22 0 0 [500521125] [0,0,0,0,0,0,0,0,0] [000000000] [0,0,0,0,0,0,0,0,0]
535 9 8 23 0 0 [500521125] [0,0,0,0,0,0,0,0,0] [000000000] [0,0,0,0,0,0,0,0,0]
536 9 8 24 0 0 [500521125] [0,0,0,0,0,0,0,0,0] [000000000] [0,0,0,0,0,0,0,0,0]
537 9 8 25 0 0 [500521125] [0,0,0,0,0,0,0,0,0] [000000000] [0,0,0,0,0,0,0,0,0]
538 9 8 26 0 0 [500521125] [0,0,0,0,0,0,0,0,0] [000000000] [0,0,0,0,0,0,0,0,0]
539 9 8 27 0 0 [500521125] [0,0,0,0,0,0,0,0,0] [000000000] [0,0,0,0,0,0,0,0,0]
540 9 8 28 0 0 [500521125] [0,0,0,0,0,0,0,0,0] [000000000] [0,0,0,0,0,0,0,0,0]
541 9 8 29 0 0 [500521125] [0,0,0,0,0,0,0,0,0] [000000000] [0,0,0,0,0,0,0,0,0]
542 9 8 30 0 0 [500521125] [0,0,0,0,0,0,0,0,0] [000000000] [0,0,0,0,0,0,0,0,0]
543 9 8 31 0 0 [500521125] [0,0,0,0,0,0,0,0,0] [000000000] [0,0,0,0,0,0,0,0,0]
544 9 8 32 0 0 [500521125] [0,0,0,0,0,0,0,0,0] [000000000] [0,0,0,0,0,0,0,0,0]
545 9 8 33 0 0 [500521125] [0,0,0,0,0,0,0,0,0] [000000000] [0,0,0,0,0,0,0,0,0]
546 9 8 34 0 0 [500521125] [0,0,0,0,0,0,0,0,0] [000000000] [0,0,0,0,0,0,0,0,0]
547 9 8 35 0 0 [500521125] [0,0,0,0,0,0,0,0,0] [000000000] [0,0,0,0,0,0,0,0,0]
548 9 8 36 0 0 [500521125] [0,0,0,0,0,0,0,0,0] [000000000] [0,0,0,0,0,0,0,0,0]
549 9 8 37 0 0 [500521125] [0,0,0,0,0,0,0,0,0] [000000000] [0,0,0,0,0,0,0,0,0]
550 9 8 38 0 0 [500521125] [0,0,0,0,0,0,0,0,0] [000000000] [0,0,0,0,0,0,0,0,0]
551 9 8 39 0 0 [500521125] [0,0,0,0,0,0,0,0,0] [000000000] [0,0,0,0,0,0,0,0,0]
552 9 8 40 0 0 [500521125] [0,0,0,0,0,0,0,0,0] [000000000] [0,0,0,0,0,0,0,0,0]
553 9 8 41 0 0 [500521125] [0,0,0,0,0,0,0,0,0] [000000000] [0,0,0,0,0,0,0,0,0]
554 9 8 42 0 0 [500521125] [0,0,0,0,0,0,0,0,0] [000000000] [0,0,0,0,0,0,0,0,0]
555 9 8 43 0 0 [500521125] [0,0,0,0,0,0,0,0,0] [000000000] [0,0,0,0,0,0,0,0,0]
556 9 8 44 0 0 [500521125] [0,0,0,0,0,0,0,0,0] [000000000] [0,0,0,0,0,0,0,0,0]
557 9 8 45 0 0 [500521125] [0,0,0,0,0,0,0,0,0] [000000000] [0,0,0,0,0,0,0,0,0]
558 9 8 46 0 0 [500521125] [0,0,0,0,0,0,0,0,0] [000000000] [0,0,0,0,0,0,0,0,0]
559 9 8 47 0 0 [500521125] [0,0,0,0,0,0,0,0,0] [000000000] [0,0,0,0,0,0,0,0,0]
560 9 8 48 0 0 [500521125] [0,0,0,0,0,0,0,0,0] [000000000] [0,0,0,0,0,0,0,0,0]
561 9 8 49 0 0 [500521125] [0,0,0,0,0,0,0,0,0] [000000000] [0,0,0,0,0,0,0,0,0]
562 9 8 50 0 0 [500521125] [0,0,0,0,0,0,0,0,0] [000000000] [0,0,0,0,0,0,0,0,0]
563 9 8 51 0 0 [500521125] [0,0,0,0,0,0,0,0,0] [000000000] [0,0,0,0,0,0,0,0,0]
# CLICK frame=563 canvas=(362,85) game=(362.0,21.0) cooldown=0 color=4
# SHOT_FIRED frame=563 dir=(3.9,-11.3) color=4
564 9 8 52 0 0 [500521125] [0,0,0,0,0,0,0,0,0] [000000000] [0,0,0,0,0,0,0,0,0]
565 9 8 53 0 0 [500521125] [0,0,0,0,0,0,0,0,0] [000000000] [0,0,0,0,0,0,0,0,0]
566 9 8 54 0 0 [500521125] [0,0,0,0,0,0,0,0,0] [000000000] [0,0,0,0,0,0,0,0,0]
567 9 8 55 0 0 [500521125] [0,0,0,0,0,0,0,0,0] [000000000] [0,0,0,0,0,0,0,0,0]
568 9 8 56 0 0 [500521125] [0,0,0,0,0,0,0,0,0] [000000000] [0,0,0,0,0,0,0,0,0]
569 9 8 57 0 0 [500521125] [0,0,0,0,0,0,0,0,0] [000000000] [0,0,0,0,0,0,0,0,0]
570 9 8 58 0 0 [500521125] [0,0,0,0,0,0,0,0,0] [000000000] [0,0,0,0,0,0,0,0,0]
571 9 8 59 0 0 [500521125] [0,0,0,0,0,0,0,0,0] [000000000] [0,0,0,0,0,0,0,0,0]
572 9 8 60 0 0 [500521125] [0,0,0,0,0,0,0,0,0] [000000000] [0,0,0,0,0,0,0,0,0]
573 9 8 61 0 0 [500521125] [0,0,0,0,0,0,0,0,0] [000000000] [0,0,0,0,0,0,0,0,0]
574 9 8 62 0 0 [500521125] [0,0,0,0,0,0,0,0,0] [000000000] [0,0,0,0,0,0,0,0,0]
575 9 8 63 0 0 [500521125] [0,0,0,0,0,0,0,0,0] [000000000] [0,0,0,0,0,0,0,0,0]
576 9 9 0 0 0 [500521125] [0,0,0,0,0,0,0,0,0] [000000000] [0,0,0,0,0,0,0,0,0]
577 10 9 1 0 0 [5005211250] [0,0,0,0,0,0,0,0,0,0] [0000000000] [0,0,0,0,0,0,0,0,0,0]
578 10 9 2 0 0 [5005211250] [0,0,0,0,0,0,0,0,0,0] [0000000000] [0,0,0,0,0,0,0,0,0,0]
579 10 9 3 0 0 [5005211250] [0,0,0,0,0,0,0,0,0,0] [0000000000] [0,0,0,0,0,0,0,0,0,0]
580 10 9 4 0 0 [5005211250] [0,0,0,0,0,0,0,0,0,0] [0000000000] [0,0,0,0,0,0,0,0,0,0]
581 10 9 5 0 0 [5005211250] [0,0,0,0,0,0,0,0,0,0] [0000000000] [0,0,0,0,0,0,0,0,0,0]
582 10 9 6 0 0 [5005211250] [0,0,0,0,0,0,0,0,0,0] [0000000000] [0,0,0,0,0,0,0,0,0,0]
583 10 9 7 0 0 [5005211250] [0,0,0,0,0,0,0,0,0,0] [0000000000] [0,0,0,0,0,0,0,0,0,0]
584 10 9 8 0 0 [5005211250] [0,0,0,0,0,0,0,0,0,0] [0000000000] [0,0,0,0,0,0,0,0,0,0]
585 10 9 9 0 0 [5005211250] [0,0,0,0,0,0,0,0,0,0] [0000000000] [0,0,0,0,0,0,0,0,0,0]
# COLLISION frame=585 ball=(354.3,43.2) hit_idx=7 target_idx=8 color=4
586 11 10 10 0 0 [50052112450] [-64,-64,-64,-64,-64,-64,-64,-64,-32,0,0] [00000000100] [0,0,0,0,0,0,0,0,0,0,0]
587 11 10 10 0 0 [50052112450] [-63,-63,-63,-63,-63,-63,-63,-63,-31,0,0] [00000000100] [0,0,0,0,0,0,0,0,0,0,0]
588 11 10 10 0 0 [50052112450] [-62,-62,-62,-62,-62,-62,-62,-62,-30,0,0] [00000000100] [0,0,0,0,0,0,0,0,0,0,0]
589 11 10 10 0 0 [50052112450] [-61,-61,-61,-61,-61,-61,-61,-61,-29,0,0] [00000000100] [0,0,0,0,0,0,0,0,0,0,0]
590 11 10 10 0 0 [50052112450] [-60,-60,-60,-60,-60,-60,-60,-60,-28,0,0] [00000000100] [0,0,0,0,0,0,0,0,0,0,0]
591 11 10 10 0 0 [50052112450] [-59,-59,-59,-59,-59,-59,-59,-59,-27,0,0] [00000000100] [0,0,0,0,0,0,0,0,0,0,0]
592 11 10 10 0 0 [50052112450] [-58,-58,-58,-58,-58,-58,-58,-58,-26,0,0] [00000000100] [0,0,0,0,0,0,0,0,0,0,0]
593 11 10 10 0 0 [50052112450] [-57,-57,-57,-57,-57,-57,-57,-57,-25,0,0] [00000000100] [0,0,0,0,0,0,0,0,0,0,0]
594 11 10 10 0 0 [50052112450] [-56,-56,-56,-56,-56,-56,-56,-56,-24,0,0] [00000000100] [0,0,0,0,0,0,0,0,0,0,0]
595 11 10 10 0 0 [50052112450] [-55,-55,-55,-55,-55,-55,-55,-55,-23,0,0] [00000000100] [0,0,0,0,0,0,0,0,0,0,0]
596 11 10 10 0 0 [50052112450] [-54,-54,-54,-54,-54,-54,-54,-54,-22,0,0] [00000000100] [0,0,0,0,0,0,0,0,0,0,0]
597 11 10 10 0 0 [50052112450] [-53,-53,-53,-53,-53,-53,-53,-53,-21,0,0] [00000000100] [0,0,0,0,0,0,0,0,0,0,0]
598 11 10 10 0 0 [50052112450] [-52,-52,-52,-52,-52,-52,-52,-52,-20,0,0] [00000000100] [0,0,0,0,0,0,0,0,0,0,0]
599 11 10 10 0 0 [50052112450] [-51,-51,-51,-51,-51,-51,-51,-51,-19,0,0] [00000000100] [0,0,0,0,0,0,0,0,0,0,0]
600 11 10 10 0 0 [50052112450] [-50,-50,-50,-50,-50,-50,-50,-50,-18,0,0] [00000000100] [0,0,0,0,0,0,0,0,0,0,0]
601 11 10 10 0 0 [50052112450] [-49,-49,-49,-49,-49,-49,-49,-49,-17,0,0] [00000000100] [0,0,0,0,0,0,0,0,0,0,0]
602 11 10 10 0 0 [50052112450] [-48,-48,-48,-48,-48,-48,-48,-48,-16,0,0] [00000000100] [0,0,0,0,0,0,0,0,0,0,0]
603 11 10 10 0 0 [50052112450] [-47,-47,-47,-47,-47,-47,-47,-47,-15,0,0] [00000000100] [0,0,0,0,0,0,0,0,0,0,0]
604 11 10 10 0 0 [50052112450] [-46,-46,-46,-46,-46,-46,-46,-46,-14,0,0] [00000000100] [0,0,0,0,0,0,0,0,0,0,0]
605 11 10 10 0 0 [50052112450] [-45,-45,-45,-45,-45,-45,-45,-45,-13,0,0] [00000000100] [0,0,0,0,0,0,0,0,0,0,0]
606 11 10 10 0 0 [50052112450] [-44,-44,-44,-44,-44,-44,-44,-44,-12,0,0] [00000000100] [0,0,0,0,0,0,0,0,0,0,0]
607 11 10 10 0 0 [50052112450] [-43,-43,-43,-43,-43,-43,-43,-43,-11,0,0] [00000000100] [0,0,0,0,0,0,0,0,0,0,0]
608 11 10 10 0 0 [50052112450] [-42,-42,-42,-42,-42,-42,-42,-42,-10,0,0] [00000000100] [0,0,0,0,0,0,0,0,0,0,0]
609 11 10 10 0 0 [50052112450] [-41,-41,-41,-41,-41,-41,-41,-41,-9,0,0] [00000000100] [0,0,0,0,0,0,0,0,0,0,0]
610 11 10 10 0 0 [50052112450] [-40,-40,-40,-40,-40,-40,-40,-40,-8,0,0] [00000000100] [0,0,0,0,0,0,0,0,0,0,0]
611 11 10 10 0 0 [50052112450] [-39,-39,-39,-39,-39,-39,-39,-39,-7,0,0] [00000000100] [0,0,0,0,0,0,0,0,0,0,0]
612 11 10 10 0 0 [50052112450] [-38,-38,-38,-38,-38,-38,-38,-38,-6,0,0] [00000000100] [0,0,0,0,0,0,0,0,0,0,0]
613 11 10 10 0 0 [50052112450] [-37,-37,-37,-37,-37,-37,-37,-37,-5,0,0] [00000000100] [0,0,0,0,0,0,0,0,0,0,0]
614 11 10 10 0 0 [50052112450] [-36,-36,-36,-36,-36,-36,-36,-36,-4,0,0] [00000000100] [0,0,0,0,0,0,0,0,0,0,0]
615 11 10 10 0 0 [50052112450] [-35,-35,-35,-35,-35,-35,-35,-35,-3,0,0] [00000000100] [0,0,0,0,0,0,0,0,0,0,0]
616 11 10 10 0 0 [50052112450] [-34,-34,-34,-34,-34,-34,-34,-34,-2,0,0] [00000000100] [0,0,0,0,0,0,0,0,0,0,0]
617 11 10 10 0 0 [50052112450] [-33,-33,-33,-33,-33,-33,-33,-33,-1,0,0] [00000000100] [0,0,0,0,0,0,0,0,0,0,0]
618 11 10 10 0 0 [50052112450] [-32,-32,-32,-32,-32,-32,-32,-32,0,0,0] [00000000100] [0,0,0,0,0,0,0,0,0,0,0]
619 11 10 10 0 0 [50052112450] [-31,-31,-31,-31,-31,-31,-31,-31,0,0,0] [00000000100] [0,0,0,0,0,0,0,0,0,0,0]
620 11 10 10 0 0 [50052112450] [-30,-30,-30,-30,-30,-30,-30,-30,0,0,0] [00000000100] [0,0,0,0,0,0,0,0,0,0,0]
621 11 10 10 0 0 [50052112450] [-29,-29,-29,-29,-29,-29,-29,-29,0,0,0] [00000000100] [0,0,0,0,0,0,0,0,0,0,0]
622 11 10 10 0 0 [50052112450] [-28,-28,-28,-28,-28,-28,-28,-28,0,0,0] [00000000100] [0,0,0,0,0,0,0,0,0,0,0]
623 11 10 10 0 0 [50052112450] [-27,-27,-27,-27,-27,-27,-27,-27,0,0,0] [00000000100] [0,0,0,0,0,0,0,0,0,0,0]
624 11 10 10 0 0 [50052112450] [-26,-26,-26,-26,-26,-26,-26,-26,0,0,0] [00000000100] [0,0,0,0,0,0,0,0,0,0,0]
625 11 10 10 0 0 [50052112450] [-25,-25,-25,-25,-25,-25,-25,-25,0,0,0] [00000000100] [0,0,0,0,0,0,0,0,0,0,0]
626 11 10 10 0 0 [50052112450] [-24,-24,-24,-24,-24,-24,-24,-24,0,0,0] [00000000100] [0,0,0,0,0,0,0,0,0,0,0]
627 11 10 10 0 0 [50052112450] [-23,-23,-23,-23,-23,-23,-23,-23,0,0,0] [00000000100] [0,0,0,0,0,0,0,0,0,0,0]
628 11 10 10 0 0 [50052112450] [-22,-22,-22,-22,-22,-22,-22,-22,0,0,0] [00000000100] [0,0,0,0,0,0,0,0,0,0,0]
629 11 10 10 0 0 [50052112450] [-21,-21,-21,-21,-21,-21,-21,-21,0,0,0] [00000000100] [0,0,0,0,0,0,0,0,0,0,0]
630 11 10 10 0 0 [50052112450] [-20,-20,-20,-20,-20,-20,-20,-20,0,0,0] [00000000100] [0,0,0,0,0,0,0,0,0,0,0]
631 11 10 10 0 0 [50052112450] [-19,-19,-19,-19,-19,-19,-19,-19,0,0,0] [00000000100] [0,0,0,0,0,0,0,0,0,0,0]
632 11 10 10 0 0 [50052112450] [-18,-18,-18,-18,-18,-18,-18,-18,0,0,0] [00000000100] [0,0,0,0,0,0,0,0,0,0,0]
633 11 10 10 0 0 [50052112450] [-17,-17,-17,-17,-17,-17,-17,-17,0,0,0] [00000000100] [0,0,0,0,0,0,0,0,0,0,0]
634 11 10 10 0 0 [50052112450] [-16,-16,-16,-16,-16,-16,-16,-16,0,0,0] [00000000100] [0,0,0,0,0,0,0,0,0,0,0]
635 11 10 10 0 0 [50052112450] [-15,-15,-15,-15,-15,-15,-15,-15,0,0,0] [00000000100] [0,0,0,0,0,0,0,0,0,0,0]
636 11 10 10 0 0 [50052112450] [-14,-14,-14,-14,-14,-14,-14,-14,0,0,0] [00000000100] [0,0,0,0,0,0,0,0,0,0,0]
# CLICK frame=636 canvas=(435,157) game=(435.0,93.0) cooldown=0 color=1
# SHOT_FIRED frame=636 dir=(7.6,-9.3) color=1
637 11 10 10 0 0 [50052112450] [-13,-13,-13,-13,-13,-13,-13,-13,0,0,0] [00000000100] [0,0,0,0,0,0,0,0,0,0,0]
638 11 10 10 0 0 [50052112450] [-12,-12,-12,-12,-12,-12,-12,-12,0,0,0] [00000000100] [0,0,0,0,0,0,0,0,0,0,0]
639 11 10 10 0 0 [50052112450] [-11,-11,-11,-11,-11,-11,-11,-11,0,0,0] [00000000100] [0,0,0,0,0,0,0,0,0,0,0]
640 11 10 10 0 0 [50052112450] [-10,-10,-10,-10,-10,-10,-10,-10,0,0,0] [00000000100] [0,0,0,0,0,0,0,0,0,0,0]
641 11 10 10 0 0 [50052112450] [-9,-9,-9,-9,-9,-9,-9,-9,0,0,0] [00000000100] [0,0,0,0,0,0,0,0,0,0,0]
642 11 10 10 0 0 [50052112450] [-8,-8,-8,-8,-8,-8,-8,-8,0,0,0] [00000000100] [0,0,0,0,0,0,0,0,0,0,0]
643 11 10 10 0 0 [50052112450] [-7,-7,-7,-7,-7,-7,-7,-7,0,0,0] [00000000100] [0,0,0,0,0,0,0,0,0,0,0]
644 11 10 10 0 0 [50052112450] [-6,-6,-6,-6,-6,-6,-6,-6,0,0,0] [00000000100] [0,0,0,0,0,0,0,0,0,0,0]
645 11 10 10 0 0 [50052112450] [-5,-5,-5,-5,-5,-5,-5,-5,0,0,0] [00000000100] [0,0,0,0,0,0,0,0,0,0,0]
646 11 10 10 0 0 [50052112450] [-4,-4,-4,-4,-4,-4,-4,-4,0,0,0] [00000000100] [0,0,0,0,0,0,0,0,0,0,0]
647 11 10 10 0 0 [50052112450] [-3,-3,-3,-3,-3,-3,-3,-3,0,0,0] [00000000100] [0,0,0,0,0,0,0,0,0,0,0]
648 11 10 10 0 0 [50052112450] [-2,-2,-2,-2,-2,-2,-2,-2,0,0,0] [00000000100] [0,0,0,0,0,0,0,0,0,0,0]
649 11 10 10 0 0 [50052112450] [-1,-1,-1,-1,-1,-1,-1,-1,0,0,0] [00000000100] [0,0,0,0,0,0,0,0,0,0,0]
650 11 10 10 0 0 [50052112450] [0,0,0,0,0,0,0,0,0,0,0] [00000000000] [0,0,0,0,0,0,0,0,0,0,0]
651 11 10 11 0 0 [50052112450] [0,0,0,0,0,0,0,0,0,0,0] [00000000000] [0,0,0,0,0,0,0,0,0,0,0]
652 11 10 12 0 0 [50052112450] [0,0,0,0,0,0,0,0,0,0,0] [00000000000] [0,0,0,0,0,0,0,0,0,0,0]
653 11 10 13 0 0 [50052112450] [0,0,0,0,0,0,0,0,0,0,0] [00000000000] [0,0,0,0,0,0,0,0,0,0,0]
654 11 10 14 0 0 [50052112450] [0,0,0,0,0,0,0,0,0,0,0] [00000000000] [0,0,0,0,0,0,0,0,0,0,0]
655 11 10 15 0 0 [50052112450] [0,0,0,0,0,0,0,0,0,0,0] [00000000000] [0,0,0,0,0,0,0,0,0,0,0]
656 11 10 16 0 0 [50052112450] [0,0,0,0,0,0,0,0,0,0,0] [00000000000] [0,0,0,0,0,0,0,0,0,0,0]
657 11 10 17 0 0 [50052112450] [0,0,0,0,0,0,0,0,0,0,0] [00000000000] [0,0,0,0,0,0,0,0,0,0,0]
658 11 10 18 0 0 [50052112450] [0,0,0,0,0,0,0,0,0,0,0] [00000000000] [0,0,0,0,0,0,0,0,0,0,0]
659 11 10 19 0 0 [50052112450] [0,0,0,0,0,0,0,0,0,0,0] [00000000000] [0,0,0,0,0,0,0,0,0,0,0]
# COLLISION frame=659 ball=(445.3,80.3) hit_idx=5 target_idx=6 color=1
660 12 11 20 1 0 [50052CCC2450] [-64,-64,-64,-64,-64,0,0,0,0,0,0,0] [000010001000] [0,0,0,0,0,0,0,0,0,0,0,0]
661 12 11 20 0 0 [50052CCC2450] [-63,-63,-63,-63,-63,0,0,0,0,0,0,0] [000010000000] [0,0,0,0,0,0,0,0,0,0,0,0]
662 12 11 20 0 0 [50052CCC2450] [-62,-62,-62,-62,-62,0,0,0,0,0,0,0] [000010000000] [0,0,0,0,0,0,0,0,0,0,0,0]
663 12 11 20 0 0 [50052CCC2450] [-61,-61,-61,-61,-61,0,0,0,0,0,0,0] [000010000000] [0,0,0,0,0,0,0,0,0,0,0,0]
664 12 11 20 0 0 [50052CCC2450] [-60,-60,-60,-60,-60,0,0,0,0,0,0,0] [000010000000] [0,0,0,0,0,0,0,0,0,0,0,0]
665 12 11 20 0 0 [50052CCC2450] [-59,-59,-59,-59,-59,0,0,0,0,0,0,0] [000010000000] [0,0,0,0,0,0,0,0,0,0,0,0]
666 12 11 20 0 0 [50052CCC2450] [-58,-58,-58,-58,-58,0,0,0,0,0,0,0] [000010000000] [0,0,0,0,0,0,0,0,0,0,0,0]
667 12 11 20 0 0 [50052CCC2450] [-57,-57,-57,-57,-57,0,0,0,0,0,0,0] [000010000000] [0,0,0,0,0,0,0,0,0,0,0,0]
668 12 11 20 0 0 [50052CCC2450] [-56,-56,-56,-56,-56,0,0,0,0,0,0,0] [000010000000] [0,0,0,0,0,0,0,0,0,0,0,0]
669 12 11 20 0 0 [50052CCC2450] [-55,-55,-55,-55,-55,0,0,0,0,0,0,0] [000010000000] [0,0,0,0,0,0,0,0,0,0,0,0]
670 12 11 20 0 0 [50052CCC2450] [-54,-54,-54,-54,-54,0,0,0,0,0,0,0] [000010000000] [0,0,0,0,0,0,0,0,0,0,0,0]
671 12 11 20 0 0 [50052CCC2450] [-53,-53,-53,-53,-53,0,0,0,0,0,0,0] [000010000000] [0,0,0,0,0,0,0,0,0,0,0,0]
672 12 11 20 0 0 [50052CCC2450] [-52,-52,-52,-52,-52,0,0,0,0,0,0,0] [000010000000] [0,0,0,0,0,0,0,0,0,0,0,0]
673 12 11 20 0 0 [50052CCC2450] [-51,-51,-51,-51,-51,0,0,0,0,0,0,0] [000010000000] [0,0,0,0,0,0,0,0,0,0,0,0]
674 12 11 20 0 0 [50052CCC2450] [-50,-50,-50,-50,-50,0,0,0,0,0,0,0] [000010000000] [0,0,0,0,0,0,0,0,0,0,0,0]
675 12 11 20 0 0 [50052CCC2450] [-49,-49,-49,-49,-49,0,0,0,0,0,0,0] [000010000000] [0,0,0,0,0,0,0,0,0,0,0,0]
676 12 11 20 0 0 [50052CCC2450] [-48,-48,-48,-48,-48,0,0,0,0,0,0,0] [000010000000] [0,0,0,0,0,0,0,0,0,0,0,0]
677 12 11 20 0 0 [50052CCC2450] [-47,-47,-47,-47,-47,0,0,0,0,0,0,0] [000010000000] [0,0,0,0,0,0,0,0,0,0,0,0]
678 12 11 20 0 0 [50052CCC2450] [-46,-46,-46,-46,-46,0,0,0,0,0,0,0] [000010000000] [0,0,0,0,0,0,0,0,0,0,0,0]
679 12 11 20 0 0 [50052CCC2450] [-45,-45,-45,-45,-45,0,0,0,0,0,0,0] [000010000000] [0,0,0,0,0,0,0,0,0,0,0,0]
680 12 11 20 0 0 [50052CCC2450] [-44,-44,-44,-44,-44,0,0,0,0,0,0,0] [000010000000] [0,0,0,0,0,0,0,0,0,0,0,0]
681 12 11 20 0 0 [50052CCC2450] [-43,-43,-43,-43,-43,0,0,0,0,0,0,0] [000010000000] [0,0,0,0,0,0,0,0,0,0,0,0]
682 12 11 20 0 0 [50052CCC2450] [-42,-42,-42,-42,-42,0,0,0,0,0,0,0] [000010000000] [0,0,0,0,0,0,0,0,0,0,0,0]
683 12 11 20 0 0 [50052CCC2450] [-41,-41,-41,-41,-41,0,0,0,0,0,0,0] [000010000000] [0,0,0,0,0,0,0,0,0,0,0,0]
684 12 11 20 0 0 [50052CCC2450] [-40,-40,-40,-40,-40,0,0,0,0,0,0,0] [000010000000] [0,0,0,0,0,0,0,0,0,0,0,0]
685 12 11 20 0 0 [50052CCC2450] [-39,-39,-39,-39,-39,0,0,0,0,0,0,0] [000010000000] [0,0,0,0,0,0,0,0,0,0,0,0]
686 12 11 20 0 0 [50052CCC2450] [-38,-38,-38,-38,-38,0,0,0,0,0,0,0] [000010000000] [0,0,0,0,0,0,0,0,0,0,0,0]
687 12 11 20 0 0 [50052CCC2450] [-37,-37,-37,-37,-37,0,0,0,0,0,0,0] [000010000000] [0,0,0,0,0,0,0,0,0,0,0,0]
688 12 11 20 0 0 [50052CCC2450] [-36,-36,-36,-36,-36,0,0,0,0,0,0,0] [000010000000] [0,0,0,0,0,0,0,0,0,0,0,0]
689 12 11 20 0 0 [50052CCC2450] [-35,-35,-35,-35,-35,0,0,0,0,0,0,0] [000010000000] [0,0,0,0,0,0,0,0,0,0,0,0]
690 12 11 20 0 0 [50052CCC2450] [-34,-34,-34,-34,-34,0,0,0,0,0,0,0] [000010000000] [0,0,0,0,0,0,0,0,0,0,0,0]
691 12 11 20 0 0 [50052CCC2450] [-33,-33,-33,-33,-33,0,0,0,0,0,0,0] [000010000000] [0,0,0,0,0,0,0,0,0,0,0,0]
692 12 11 20 0 0 [50052CCC2450] [-32,-32,-32,-32,-32,0,0,0,0,0,0,0] [000010000000] [0,0,0,0,0,0,0,0,0,0,0,0]
693 12 11 20 0 0 [50052CCC2450] [-31,-31,-31,-31,-31,0,0,0,0,0,0,0] [000010000000] [0,0,0,0,0,0,0,0,0,0,0,0]
694 12 11 20 0 0 [50052CCC2450] [-30,-30,-30,-30,-30,0,0,0,0,0,0,0] [000010000000] [0,0,0,0,0,0,0,0,0,0,0,0]
695 12 11 20 0 0 [50052CCC2450] [-29,-29,-29,-29,-29,0,0,0,0,0,0,0] [000010000000] [0,0,0,0,0,0,0,0,0,0,0,0]
696 12 11 20 0 0 [50052CCC2450] [-28,-28,-28,-28,-28,0,0,0,0,0,0,0] [000010000000] [0,0,0,0,0,0,0,0,0,0,0,0]
697 12 11 20 0 0 [50052CCC2450] [-27,-27,-27,-27,-27,0,0,0,0,0,0,0] [000010000000] [0,0,0,0,0,0,0,0,0,0,0,0]
698 12 11 20 0 0 [50052CCC2450] [-26,-26,-26,-26,-26,0,0,0,0,0,0,0] [000010000000] [0,0,0,0,0,0,0,0,0,0,0,0]
699 12 11 20 0 0 [50052CCC2450] [-25,-25,-25,-25,-25,0,0,0,0,0,0,0] [000010000000] [0,0,0,0,0,0,0,0,0,0,0,0]
700 12 11 20 0 0 [50052CCC2450] [-24,-24,-24,-24,-24,0,0,0,0,0,0,0] [000010000000] [0,0,0,0,0,0,0,0,0,0,0,0]
701 12 11 20 0 0 [50052CCC2450] [-23,-23,-23,-23,-23,0,0,0,0,0,0,0] [000010000000] [0,0,0,0,0,0,0,0,0,0,0,0]
702 12 11 20 0 0 [50052CCC2450] [-22,-22,-22,-22,-22,0,0,0,0,0,0,0] [000010000000] [0,0,0,0,0,0,0,0,0,0,0,0]
703 12 11 20 0 0 [50052CCC2450] [-21,-21,-21,-21,-21,0,0,0,0,0,0,0] [000010000000] [0,0,0,0,0,0,0,0,0,0,0,0]
704 12 11 20 0 0 [50052CCC2450] [-20,-20,-20,-20,-20,0,0,0,0,0,0,0] [000010000000] [0,0,0,0,0,0,0,0,0,0,0,0]
705 12 11 20 0 0 [50052CCC2450] [-19,-19,-19,-19,-19,0,0,0,0,0,0,0] [000010000000] [0,0,0,0,0,0,0,0,0,0,0,0]
706 12 11 20 0 0 [50052CCC2450] [-18,-18,-18,-18,-18,0,0,0,0,0,0,0] [000010000000] [0,0,0,0,0,0,0,0,0,0,0,0]
707 12 11 20 0 0 [50052CCC2450] [-17,-17,-17,-17,-17,0,0,0,0,0,0,0] [000010000000] [0,0,0,0,0,0,0,0,0,0,0,0]
708 12 11 20 0 0 [50052CCC2450] [-16,-16,-16,-16,-16,0,0,0,0,0,0,0] [000010000000] [0,0,0,0,0,0,0,0,0,0,0,0]
709 12 11 20 0 0 [50052CCC2450] [-15,-15,-15,-15,-15,0,0,0,0,0,0,0] [000010000000] [0,0,0,0,0,0,0,0,0,0,0,0]
710 12 11 20 0 0 [50052CCC2450] [-14,-14,-14,-14,-14,0,0,0,0,0,0,0] [000010000000] [0,0,0,0,0,0,0,0,0,0,0,0]
711 12 11 20 0 0 [50052CCC2450] [-13,-13,-13,-13,-13,0,0,0,0,0,0,0] [000010000000] [0,0,0,0,0,0,0,0,0,0,0,0]
712 12 11 20 0 0 [50052CCC2450] [-12,-12,-12,-12,-12,0,0,0,0,0,0,0] [000010000000] [0,0,0,0,0,0,0,0,0,0,0,0]
713 12 11 20 0 0 [50052CCC2450] [-11,-11,-11,-11,-11,0,0,0,0,0,0,0] [000010000000] [0,0,0,0,0,0,0,0,0,0,0,0]
714 12 11 20 0 0 [50052CCC2450] [-10,-10,-10,-10,-10,0,0,0,0,0,0,0] [000010000000] [0,0,0,0,0,0,0,0,0,0,0,0]
715 12 11 20 0 0 [50052CCC2450] [-9,-9,-9,-9,-9,0,0,0,0,0,0,0] [000010000000] [0,0,0,0,0,0,0,0,0,0,0,0]
716 12 11 20 0 0 [50052CCC2450] [-8,-8,-8,-8,-8,0,0,0,0,0,0,0] [000010000000] [0,0,0,0,0,0,0,0,0,0,0,0]
717 12 11 20 0 0 [50052CCC2450] [-7,-7,-7,-7,-7,0,0,0,0,0,0,0] [000010000000] [0,0,0,0,0,0,0,0,0,0,0,0]
718 12 11 20 0 0 [50052CCC2450] [-6,-6,-6,-6,-6,0,0,0,0,0,0,0] [000010000000] [0,0,0,0,0,0,0,0,0,0,0,0]
719 12 11 20 0 0 [50052CCC2450] [-5,-5,-5,-5,-5,0,0,0,0,0,0,0] [000010000000] [0,0,0,0,0,0,0,0,0,0,0,0]
720 12 11 20 0 0 [50052CCC2450] [-4,-4,-4,-4,-4,0,0,0,0,0,0,0] [000010000000] [0,0,0,0,0,0,0,0,0,0,0,0]
721 12 11 20 0 0 [50052CCC2450] [-3,-3,-3,-3,-3,0,0,0,0,0,0,0] [000010000000] [0,0,0,0,0,0,0,0,0,0,0,0]
722 12 11 20 0 0 [50052CCC2450] [-2,-2,-2,-2,-2,0,0,0,0,0,0,0] [000010000000] [0,0,0,0,0,0,0,0,0,0,0,0]
723 12 11 20 0 0 [50052CCC2450] [-1,-1,-1,-1,-1,0,0,0,0,0,0,0] [000010000000] [0,0,0,0,0,0,0,0,0,0,0,0]
724 12 11 20 0 0 [50052CCC2450] [0,0,0,0,0,0,0,0,0,0,0,0] [000000000000] [0,0,0,0,0,0,0,0,0,0,0,0]
725 12 11 20 0 0 [50052CCC2450] [0,0,0,0,0,0,0,0,0,0,0,0] [000000000000] [0,0,0,0,0,0,0,0,0,0,0,0]
726 12 11 21 0 0 [50052CCC2450] [0,0,0,0,0,0,0,0,0,0,0,0] [000000000000] [0,0,0,0,0,0,0,0,0,0,0,0]
727 12 11 22 0 0 [50052CCC2450] [0,0,0,0,0,0,0,0,0,0,0,0] [000000000000] [0,0,0,0,0,0,0,0,0,0,0,0]
728 12 11 23 0 0 [50052CCC2450] [0,0,0,0,0,0,0,0,0,0,0,0] [000000000000] [0,0,0,0,0,0,0,0,0,0,0,0]
729 12 11 24 0 0 [50052CCC2450] [0,0,0,0,0,0,0,0,0,0,0,0] [000000000000] [0,0,0,0,0,0,0,0,0,0,0,0]
730 12 11 25 0 0 [50052CCC2450] [0,0,0,0,0,0,0,0,0,0,0,0] [000000000000] [0,0,0,0,0,0,0,0,0,0,0,0]
731 12 11 26 0 0 [50052CCC2450] [0,0,0,0,0,0,0,0,0,0,0,0] [000000000000] [0,0,0,0,0,0,0,0,0,0,0,0]
732 12 11 27 0 0 [50052CCC2450] [0,0,0,0,0,0,0,0,0,0,0,0] [000000000000] [0,0,0,0,0,0,0,0,0,0,0,0]
733 12 11 28 0 0 [50052CCC2450] [0,0,0,0,0,0,0,0,0,0,0,0] [000000000000] [0,0,0,0,0,0,0,0,0,0,0,0]
734 12 11 29 0 0 [50052CCC2450] [0,0,0,0,0,0,0,0,0,0,0,0] [000000000000] [0,0,0,0,0,0,0,0,0,0,0,0]
735 12 11 30 0 0 [50052CCC2450] [0,0,0,0,0,0,0,0,0,0,0,0] [000000000000] [0,0,0,0,0,0,0,0,0,0,0,0]
736 12 11 31 0 0 [50052CCC2450] [0,0,0,0,0,0,0,0,0,0,0,0] [000000000000] [0,0,0,0,0,0,0,0,0,0,0,0]
737 12 11 32 0 0 [50052CCC2450] [0,0,0,0,0,0,0,0,0,0,0,0] [000000000000] [0,0,0,0,0,0,0,0,0,0,0,0]
738 12 11 33 0 0 [50052CCC2450] [0,0,0,0,0,0,0,0,0,0,0,0] [000000000000] [0,0,0,0,0,0,0,0,0,0,0,0]
739 12 11 34 0 0 [50052CCC2450] [0,0,0,0,0,0,0,0,0,0,0,0] [000000000000] [0,0,0,0,0,0,0,0,0,0,0,0]
740 12 11 35 0 0 [50052CCC2450] [0,0,0,0,0,0,0,0,0,0,0,0] [000000000000] [0,0,0,0,0,0,0,0,0,0,0,0]
741 12 11 36 0 0 [50052CCC2450] [0,0,0,0,0,0,0,0,0,0,0,0] [000000000000] [0,0,0,0,0,0,0,0,0,0,0,0]
742 12 11 37 0 0 [50052CCC2450] [0,0,0,0,0,0,0,0,0,0,0,0] [000000000000] [0,0,0,0,0,0,0,0,0,0,0,0]
743 12 11 38 0 0 [50052CCC2450] [0,0,0,0,0,0,0,0,0,0,0,0] [000000000000] [0,0,0,0,0,0,0,0,0,0,0,0]
744 12 11 39 0 0 [50052CCC2450] [0,0,0,0,0,0,0,0,0,0,0,0] [000000000000] [0,0,0,0,0,0,0,0,0,0,0,0]
745 12 11 40 0 0 [50052CCC2450] [0,0,0,0,0,0,0,0,0,0,0,0] [000000000000] [0,0,0,0,0,0,0,0,0,0,0,0]
746 12 11 41 0 0 [50052CCC2450] [0,0,0,0,0,0,0,0,0,0,0,0] [000000000000] [0,0,0,0,0,0,0,0,0,0,0,0]
747 12 11 42 0 0 [50052CCC2450] [0,0,0,0,0,0,0,0,0,0,0,0] [000000000000] [0,0,0,0,0,0,0,0,0,0,0,0]
748 12 11 43 0 0 [50052CCC2450] [0,0,0,0,0,0,0,0,0,0,0,0] [000000000000] [0,0,0,0,0,0,0,0,0,0,0,0]
# CLICK frame=748 canvas=(363,98) game=(363.0,34.0) cooldown=0 color=5
# SHOT_FIRED frame=748 dir=(4.1,-11.3) color=5
749 12 11 44 0 0 [50052CCC2450] [0,0,0,0,0,0,0,0,0,0,0,0] [000000000000] [0,0,0,0,0,0,0,0,0,0,0,0]
750 12 11 45 0 0 [50052CCC2450] [0,0,0,0,0,0,0,0,0,0,0,0] [000000000000] [0,0,0,0,0,0,0,0,0,0,0,0]
751 12 11 46 0 0 [50052CCC2450] [0,0,0,0,0,0,0,0,0,0,0,0] [000000000000] [0,0,0,0,0,0,0,0,0,0,0,0]
752 12 11 47 0 0 [50052CCC2450] [0,0,0,0,0,0,0,0,0,0,0,0] [000000000000] [0,0,0,0,0,0,0,0,0,0,0,0]
753 12 11 48 0 0 [50052CCC2450] [0,0,0,0,0,0,0,0,0,0,0,0] [000000000000] [0,0,0,0,0,0,0,0,0,0,0,0]
754 12 11 49 0 0 [50052CCC2450] [0,0,0,0,0,0,0,0,0,0,0,0] [000000000000] [0,0,0,0,0,0,0,0,0,0,0,0]
755 12 11 50 0 0 [50052CCC2450] [0,0,0,0,0,0,0,0,0,0,0,0] [000000000000] [0,0,0,0,0,0,0,0,0,0,0,0]
756 12 11 51 0 0 [50052CCC2450] [0,0,0,0,0,0,0,0,0,0,0,0] [000000000000] [0,0,0,0,0,0,0,0,0,0,0,0]
757 12 11 52 0 0 [50052CCC2450] [0,0,0,0,0,0,0,0,0,0,0,0] [000000000000] [0,0,0,0,0,0,0,0,0,0,0,0]
758 12 11 53 0 0 [50052CCC2450] [0,0,0,0,0,0,0,0,0,0,0,0] [000000000000] [0,0,0,0,0,0,0,0,0,0,0,0]
759 12 11 54 0 0 [50052CCC2450] [0,0,0,0,0,0,0,0,0,0,0,0] [000000000000] [0,0,0,0,0,0,0,0,0,0,0,0]
760 12 11 55 0 0 [50052CCC2450] [0,0,0,0,0,0,0,0,0,0,0,0] [000000000000] [0,0,0,0,0,0,0,0,0,0,0,0]
761 12 11 56 0 0 [50052CCC2450] [0,0,0,0,0,0,0,0,0,0,0,0] [000000000000] [0,0,0,0,0,0,0,0,0,0,0,0]
762 12 11 57 0 0 [50052CCC2450] [0,0,0,0,0,0,0,0,0,0,0,0] [000000000000] [0,0,0,0,0,0,0,0,0,0,0,0]
763 12 11 58 0 0 [50052CCC2450] [0,0,0,0,0,0,0,0,0,0,0,0] [000000000000] [0,0,0,0,0,0,0,0,0,0,0,0]
764 12 11 59 0 0 [50052CCC2450] [0,0,0,0,0,0,0,0,0,0,0,0] [000000000000] [0,0,0,0,0,0,0,0,0,0,0,0]
765 12 11 60 0 0 [50052CCC2450] [0,0,0,0,0,0,0,0,0,0,0,0] [000000000000] [0,0,0,0,0,0,0,0,0,0,0,0]
766 12 11 61 0 0 [50052CCC2450] [0,0,0,0,0,0,0,0,0,0,0,0] [000000000000] [0,0,0,0,0,0,0,0,0,0,0,0]
767 12 11 62 0 0 [50052CCC2450] [0,0,0,0,0,0,0,0,0,0,0,0] [000000000000] [0,0,0,0,0,0,0,0,0,0,0,0]
768 12 11 63 0 0 [50052CCC2450] [0,0,0,0,0,0,0,0,0,0,0,0] [000000000000] [0,0,0,0,0,0,0,0,0,0,0,0]
769 11 11 0 0 0 [50052CC2450] [64,64,64,64,64,0,0,0,0,0,0] [00001000000] [0,0,0,0,0,0,0,0,0,0,0]
770 12 11 0 0 0 [50052CC24505] [63,63,63,63,63,0,0,0,0,0,0,0] [000010000000] [0,0,0,0,0,0,0,0,0,0,0,0]
# COLLISION frame=770 ball=(359.0,44.9) hit_idx=9 target_idx=9 color=5
771 13 12 0 0 0 [50052CC245505] [-2,-2,-2,-2,-2,-64,-64,-64,-64,-32,0,0,0] [0000100001000] [0,0,0,0,0,0,0,0,0,0,0,0,0]
772 13 12 0 0 0 [50052CC245505] [-1,-1,-1,-1,-1,-63,-63,-63,-63,-31,0,0,0] [0000100001000] [0,0,0,0,0,0,0,0,0,0,0,0,0]
773 13 12 0 0 0 [50052CC245505] [0,0,0,0,0,-62,-62,-62,-62,-30,0,0,0] [0000100001000] [0,0,0,0,0,0,0,0,0,0,0,0,0]
774 13 12 0 0 0 [50052CC245505] [0,0,0,0,0,-61,-61,-61,-61,-29,0,0,0] [0000100001000] [0,0,0,0,0,0,0,0,0,0,0,0,0]
775 13 12 0 0 0 [50052CC245505] [0,0,0,0,0,-60,-60,-60,-60,-28,0,0,0] [0000100001000] [0,0,0,0,0,0,0,0,0,0,0,0,0]
776 13 12 0 0 0 [50052CC245505] [0,0,0,0,0,-59,-59,-59,-59,-27,0,0,0] [0000100001000] [0,0,0,0,0,0,0,0,0,0,0,0,0]
777 13 12 0 0 0 [50052CC245505] [0,0,0,0,0,-58,-58,-58,-58,-26,0,0,0] [0000100001000] [0,0,0,0,0,0,0,0,0,0,0,0,0]
778 13 12 0 0 0 [50052CC245505] [0,0,0,0,0,-57,-57,-57,-57,-25,0,0,0] [0000100001000] [0,0,0,0,0,0,0,0,0,0,0,0,0]
779 13 12 0 0 0 [50052CC245505] [0,0,0,0,0,-56,-56,-56,-56,-24,0,0,0] [0000100001000] [0,0,0,0,0,0,0,0,0,0,0,0,0]
780 13 12 0 0 0 [50052CC245505] [0,0,0,0,0,-55,-55,-55,-55,-23,0,0,0] [0000100001000] [0,0,0,0,0,0,0,0,0,0,0,0,0]
781 13 12 0 0 0 [50052CC245505] [0,0,0,0,0,-54,-54,-54,-54,-22,0,0,0] [0000100001000] [0,0,0,0,0,0,0,0,0,0,0,0,0]
782 13 12 0 0 0 [50052CC245505] [0,0,0,0,0,-53,-53,-53,-53,-21,0,0,0] [0000100001000] [0,0,0,0,0,0,0,0,0,0,0,0,0]
783 13 12 0 0 0 [50052CC245505] [0,0,0,0,0,-52,-52,-52,-52,-20,0,0,0] [0000100001000] [0,0,0,0,0,0,0,0,0,0,0,0,0]
784 13 12 0 0 0 [50052CC245505] [0,0,0,0,0,-51,-51,-51,-51,-19,0,0,0] [0000100001000] [0,0,0,0,0,0,0,0,0,0,0,0,0]
785 13 12 0 0 0 [50052CC245505] [0,0,0,0,0,-50,-50,-50,-50,-18,0,0,0] [0000100001000] [0,0,0,0,0,0,0,0,0,0,0,0,0]
786 13 12 0 0 0 [50052CC245505] [0,0,0,0,0,-49,-49,-49,-49,-17,0,0,0] [0000100001000] [0,0,0,0,0,0,0,0,0,0,0,0,0]
787 13 12 0 0 0 [50052CC245505] [0,0,0,0,0,-48,-48,-48,-48,-16,0,0,0] [0000100001000] [0,0,0,0,0,0,0,0,0,0,0,0,0]
788 13 12 0 0 0 [50052CC245505] [0,0,0,0,0,-47,-47,-47,-47,-15,0,0,0] [0000100001000] [0,0,0,0,0,0,0,0,0,0,0,0,0]
789 13 12 0 0 0 [50052CC245505] [0,0,0,0,0,-46,-46,-46,-46,-14,0,0,0] [0000100001000] [0,0,0,0,0,0,0,0,0,0,0,0,0]
790 13 12 0 0 0 [50052CC245505] [0,0,0,0,0,-45,-45,-45,-45,-13,0,0,0] [0000100001000] [0,0,0,0,0,0,0,0,0,0,0,0,0]
791 13 12 0 0 0 [50052CC245505] [0,0,0,0,0,-44,-44,-44,-44,-12,0,0,0] [0000100001000] [0,0,0,0,0,0,0,0,0,0,0,0,0]
792 13 12 0 0 0 [50052CC245505] [0,0,0,0,0,-43,-43,-43,-43,-11,0,0,0] [0000100001000] [0,0,0,0,0,0,0,0,0,0,0,0,0]
793 13 12 0 0 0 [50052CC245505] [0,0,0,0,0,-42,-42,-42,-42,-10,0,0,0] [0000100001000] [0,0,0,0,0,0,0,0,0,0,0,0,0]
794 13 12 0 0 0 [50052CC245505] [0,0,0,0,0,-41,-41,-41,-41,-9,0,0,0] [0000100001000] [0,0,0,0,0,0,0,0,0,0,0,0,0]
795 13 12 0 0 0 [50052CC245505] [0,0,0,0,0,-40,-40,-40,-40,-8,0,0,0] [0000100001000] [0,0,0,0,0,0,0,0,0,0,0,0,0]
796 13 12 0 0 0 [50052CC245505] [0,0,0,0,0,-39,-39,-39,-39,-7,0,0,0] [0000100001000] [0,0,0,0,0,0,0,0,0,0,0,0,0]
797 13 12 0 0 0 [50052CC245505] [0,0,0,0,0,-38,-38,-38,-38,-6,0,0,0] [0000100001000] [0,0,0,0,0,0,0,0,0,0,0,0,0]
798 13 12 0 0 0 [50052CC245505] [0,0,0,0,0,-37,-37,-37,-37,-5,0,0,0] [0000100001000] [0,0,0,0,0,0,0,0,0,0,0,0,0]
799 13 12 0 0 0 [50052CC245505] [0,0,0,0,0,-36,-36,-36,-36,-4,0,0,0] [0000100001000] [0,0,0,0,0,0,0,0,0,0,0,0,0]
800 13 12 0 0 0 [50052CC245505] [0,0,0,0,0,-35,-35,-35,-35,-3,0,0,0] [0000100001000] [0,0,0,0,0,0,0,0,0,0,0,0,0]
801 13 12 0 0 0 [50052CC245505] [0,0,0,0,0,-34,-34,-34,-34,-2,0,0,0] [0000100001000] [0,0,0,0,0,0,0,0,0,0,0,0,0]
802 13 12 0 0 0 [50052CC245505] [0,0,0,0,0,-33,-33,-33,-33,-1,0,0,0] [0000100001000] [0,0,0,0,0,0,0,0,0,0,0,0,0]
803 13 12 0 0 0 [50052CC245505] [0,0,0,0,0,-32,-32,-32,-32,0,0,0,0] [0000100001000] [0,0,0,0,0,0,0,0,0,0,0,0,0]
804 13 12 0 0 0 [50052CC245505] [0,0,0,0,0,-31,-31,-31,-31,0,0,0,0] [0000100001000] [0,0,0,0,0,0,0,0,0,0,0,0,0]
805 13 12 0 0 0 [50052CC245505] [0,0,0,0,0,-30,-30,-30,-30,0,0,0,0] [0000100001000] [0,0,0,0,0,0,0,0,0,0,0,0,0]
806 13 12 0 0 0 [50052CC245505] [0,0,0,0,0,-29,-29,-29,-29,0,0,0,0] [0000100001000] [0,0,0,0,0,0,0,0,0,0,0,0,0]
807 13 12 0 0 0 [50052CC245505] [0,0,0,0,0,-28,-28,-28,-28,0,0,0,0] [0000100001000] [0,0,0,0,0,0,0,0,0,0,0,0,0]
808 13 12 0 0 0 [50052CC245505] [0,0,0,0,0,-27,-27,-27,-27,0,0,0,0] [0000100001000] [0,0,0,0,0,0,0,0,0,0,0,0,0]
809 13 12 0 0 0 [50052CC245505] [0,0,0,0,0,-26,-26,-26,-26,0,0,0,0] [0000100001000] [0,0,0,0,0,0,0,0,0,0,0,0,0]
810 13 12 0 0 0 [50052CC245505] [0,0,0,0,0,-25,-25,-25,-25,0,0,0,0] [0000100001000] [0,0,0,0,0,0,0,0,0,0,0,0,0]
811 13 12 0 0 0 [50052CC245505] [0,0,0,0,0,-24,-24,-24,-24,0,0,0,0] [0000100001000] [0,0,0,0,0,0,0,0,0,0,0,0,0]
812 13 12 0 0 0 [50052CC245505] [0,0,0,0,0,-23,-23,-23,-23,0,0,0,0] [0000100001000] [0,0,0,0,0,0,0,0,0,0,0,0,0]
813 13 12 0 0 0 [50052CC245505] [0,0,0,0,0,-22,-22,-22,-22,0,0,0,0] [0000100001000] [0,0,0,0,0,0,0,0,0,0,0,0,0]
814 13 12 0 0 0 [50052CC245505] [0,0,0,0,0,-21,-21,-21,-21,0,0,0,0] [0000100001000] [0,0,0,0,0,0,0,0,0,0,0,0,0]
815 13 12 0 0 0 [50052CC245505] [0,0,0,0,0,-20,-20,-20,-20,0,0,0,0] [0000100001000] [0,0,0,0,0,0,0,0,0,0,0,0,0]
816 13 12 0 0 0 [50052CC245505] [0,0,0,0,0,-19,-19,-19,-19,0,0,0,0] [0000100001000] [0,0,0,0,0,0,0,0,0,0,0,0,0]
817 13 12 0 0 0 [50052CC245505] [0,0,0,0,0,-18,-18,-18,-18,0,0,0,0] [0000100001000] [0,0,0,0,0,0,0,0,0,0,0,0,0]
818 13 12 0 0 0 [50052CC245505] [0,0,0,0,0,-17,-17,-17,-17,0,0,0,0] [0000100001000] [0,0,0,0,0,0,0,0,0,0,0,0,0]
819 13 12 0 0 0 [50052CC245505] [0,0,0,0,0,-16,-16,-16,-16,0,0,0,0] [0000100001000] [0,0,0,0,0,0,0,0,0,0,0,0,0]
820 13 12 0 0 0 [50052CC245505] [0,0,0,0,0,-15,-15,-15,-15,0,0,0,0] [0000100001000] [0,0,0,0,0,0,0,0,0,0,0,0,0]
821 13 12 0 0 0 [50052CC245505] [0,0,0,0,0,-14,-14,-14,-14,0,0,0,0] [0000100001000] [0,0,0,0,0,0,0,0,0,0,0,0,0]
822 13 12 0 0 0 [50052CC245505] [0,0,0,0,0,-13,-13,-13,-13,0,0,0,0] [0000100001000] [0,0,0,0,0,0,0,0,0,0,0,0,0]
823 13 12 0 0 0 [50052CC245505] [0,0,0,0,0,-12,-12,-12,-12,0,0,0,0] [0000100001000] [0,0,0,0,0,0,0,0,0,0,0,0,0]
824 13 12 0 0 0 [50052CC245505] [0,0,0,0,0,-11,-11,-11,-11,0,0,0,0] [0000100001000] [0,0,0,0,0,0,0,0,0,0,0,0,0]
825 13 12 0 0 0 [50052CC245505] [0,0,0,0,0,-10,-10,-10,-10,0,0,0,0] [0000100001000] [0,0,0,0,0,0,0,0,0,0,0,0,0]
826 13 12 0 0 0 [50052CC245505] [0,0,0,0,0,-9,-9,-9,-9,0,0,0,0] [0000100001000] [0,0,0,0,0,0,0,0,0,0,0,0,0]
827 13 12 0 0 0 [50052CC245505] [0,0,0,0,0,-8,-8,-8,-8,0,0,0,0] [0000100001000] [0,0,0,0,0,0,0,0,0,0,0,0,0]
828 13 12 0 0 0 [50052CC245505] [0,0,0,0,0,-7,-7,-7,-7,0,0,0,0] [0000100001000] [0,0,0,0,0,0,0,0,0,0,0,0,0]
829 13 12 0 0 0 [50052CC245505] [0,0,0,0,0,-6,-6,-6,-6,0,0,0,0] [0000100001000] [0,0,0,0,0,0,0,0,0,0,0,0,0]
830 13 12 0 0 0 [50052CC245505] [0,0,0,0,0,-5,-5,-5,-5,0,0,0,0] [0000100001000] [0,0,0,0,0,0,0,0,0,0,0,0,0]
831 13 12 0 0 0 [50052CC245505] [0,0,0,0,0,-4,-4,-4,-4,0,0,0,0] [0000100001000] [0,0,0,0,0,0,0,0,0,0,0,0,0]
832 13 12 0 0 0 [50052CC245505] [0,0,0,0,0,-3,-3,-3,-3,0,0,0,0] [0000100001000] [0,0,0,0,0,0,0,0,0,0,0,0,0]
833 12 11 0 0 0 [50052C245505] [64,64,64,64,64,-2,-2,-2,0,0,0,0] [000010001000] [0,0,0,0,0,0,0,0,0,0,0,0]
834 12 11 0 0 0 [50052C245505] [63,63,63,63,63,-1,-1,-1,0,0,0,0] [000010001000] [0,0,0,0,0,0,0,0,0,0,0,0]
835 12 11 0 0 0 [50052C245505] [62,62,62,62,62,0,0,0,0,0,0,0] [000010000000] [0,0,0,0,0,0,0,0,0,0,0,0]
836 12 11 0 0 0 [50052C245505] [61,61,61,61,61,0,0,0,0,0,0,0] [000010000000] [0,0,0,0,0,0,0,0,0,0,0,0]
837 12 11 0 0 0 [50052C245505] [60,60,60,60,60,0,0,0,0,0,0,0] [000010000000] [0,0,0,0,0,0,0,0,0,0,0,0]
838 12 11 0 0 0 [50052C245505] [59,59,59,59,59,0,0,0,0,0,0,0] [000010000000] [0,0,0,0,0,0,0,0,0,0,0,0]
839 12 11 0 0 0 [50052C245505] [58,58,58,58,58,0,0,0,0,0,0,0] [000010000000] [0,0,0,0,0,0,0,0,0,0,0,0]
840 12 11 0 0 0 [50052C245505] [57,57,57,57,57,0,0,0,0,0,0,0] [000010000000] [0,0,0,0,0,0,0,0,0,0,0,0]
841 12 11 0 0 0 [50052C245505] [56,56,56,56,56,0,0,0,0,0,0,0] [000010000000] [0,0,0,0,0,0,0,0,0,0,0,0]
842 12 11 0 0 0 [50052C245505] [55,55,55,55,55,0,0,0,0,0,0,0] [000010000000] [0,0,0,0,0,0,0,0,0,0,0,0]
843 12 11 0 0 0 [50052C245505] [54,54,54,54,54,0,0,0,0,0,0,0] [000010000000] [0,0,0,0,0,0,0,0,0,0,0,0]
844 12 11 0 0 0 [50052C245505] [53,53,53,53,53,0,0,0,0,0,0,0] [000010000000] [0,0,0,0,0,0,0,0,0,0,0,0]
845 12 11 0 0 0 [50052C245505] [52,52,52,52,52,0,0,0,0,0,0,0] [000010000000] [0,0,0,0,0,0,0,0,0,0,0,0]
846 12 11 0 0 0 [50052C245505] [51,51,51,51,51,0,0,0,0,0,0,0] [000010000000] [0,0,0,0,0,0,0,0,0,0,0,0]
847 12 11 0 0 0 [50052C245505] [50,50,50,50,50,0,0,0,0,0,0,0] [000010000000] [0,0,0,0,0,0,0,0,0,0,0,0]
848 12 11 0 0 0 [50052C245505] [49,49,49,49,49,0,0,0,0,0,0,0] [000010000000] [0,0,0,0,0,0,0,0,0,0,0,0]
849 12 11 0 0 0 [50052C245505] [48,48,48,48,48,0,0,0,0,0,0,0] [000010000000] [0,0,0,0,0,0,0,0,0,0,0,0]
850 12 11 0 0 0 [50052C245505] [47,47,47,47,47,0,0,0,0,0,0,0] [000010000000] [0,0,0,0,0,0,0,0,0,0,0,0]
851 12 11 0 0 0 [50052C245505] [46,46,46,46,46,0,0,0,0,0,0,0] [000010000000] [0,0,0,0,0,0,0,0,0,0,0,0]
852 12 11 0 0 0 [50052C245505] [45,45,45,45,45,0,0,0,0,0,0,0] [000010000000] [0,0,0,0,0,0,0,0,0,0,0,0]
853 12 11 0 0 0 [50052C245505] [44,44,44,44,44,0,0,0,0,0,0,0] [000010000000] [0,0,0,0,0,0,0,0,0,0,0,0]
854 12 11 0 0 0 [50052C245505] [43,43,43,43,43,0,0,0,0,0,0,0] [000010000000] [0,0,0,0,0,0,0,0,0,0,0,0]
855 12 11 0 0 0 [50052C245505] [42,42,42,42,42,0,0,0,0,0,0,0] [000010000000] [0,0,0,0,0,0,0,0,0,0,0,0]
856 12 11 0 0 0 [50052C245505] [41,41,41,41,41,0,0,0,0,0,0,0] [000010000000] [0,0,0,0,0,0,0,0,0,0,0,0]
857 12 11 0 0 0 [50052C245505] [40,40,40,40,40,0,0,0,0,0,0,0] [000010000000] [0,0,0,0,0,0,0,0,0,0,0,0]
858 12 11 0 0 0 [50052C245505] [39,39,39,39,39,0,0,0,0,0,0,0] [000010000000] [0,0,0,0,0,0,0,0,0,0,0,0]
859 12 11 0 0 0 [50052C245505] [38,38,38,38,38,0,0,0,0,0,0,0] [000010000000] [0,0,0,0,0,0,0,0,0,0,0,0]
860 12 11 0 0 0 [50052C245505] [37,37,37,37,37,0,0,0,0,0,0,0] [000010000000] [0,0,0,0,0,0,0,0,0,0,0,0]
861 12 11 0 0 0 [50052C245505] [36,36,36,36,36,0,0,0,0,0,0,0] [000010000000] [0,0,0,0,0,0,0,0,0,0,0,0]
862 12 11 0 0 0 [50052C245505] [35,35,35,35,35,0,0,0,0,0,0,0] [000010000000] [0,0,0,0,0,0,0,0,0,0,0,0]
863 12 11 0 0 0 [50052C245505] [34,34,34,34,34,0,0,0,0,0,0,0] [000010000000] [0,0,0,0,0,0,0,0,0,0,0,0]
864 12 11 0 0 0 [50052C245505] [33,33,33,33,33,0,0,0,0,0,0,0] [000010000000] [0,0,0,0,0,0,0,0,0,0,0,0]
865 12 11 0 0 0 [50052C245505] [32,32,32,32,32,0,0,0,0,0,0,0] [000010000000] [0,0,0,0,0,0,0,0,0,0,0,0]
866 12 11 0 0 0 [50052C245505] [31,31,31,31,31,0,0,0,0,0,0,0] [000010000000] [0,0,0,0,0,0,0,0,0,0,0,0]
# CLICK frame=866 canvas=(402,115) game=(402.0,51.0) cooldown=0 color=5
# SHOT_FIRED frame=866 dir=(5.7,-10.5) color=5
867 12 11 0 0 0 [50052C245505] [30,30,30,30,30,0,0,0,0,0,0,0] [000010000000] [0,0,0,0,0,0,0,0,0,0,0,0]
868 12 11 0 0 0 [50052C245505] [29,29,29,29,29,0,0,0,0,0,0,0] [000010000000] [0,0,0,0,0,0,0,0,0,0,0,0]
869 12 11 0 0 0 [50052C245505] [28,28,28,28,28,0,0,0,0,0,0,0] [000010000000] [0,0,0,0,0,0,0,0,0,0,0,0]
870 12 11 0 0 0 [50052C245505] [27,27,27,27,27,0,0,0,0,0,0,0] [000010000000] [0,0,0,0,0,0,0,0,0,0,0,0]
871 12 11 0 0 0 [50052C245505] [26,26,26,26,26,0,0,0,0,0,0,0] [000010000000] [0,0,0,0,0,0,0,0,0,0,0,0]
872 12 11 0 0 0 [50052C245505] [25,25,25,25,25,0,0,0,0,0,0,0] [000010000000] [0,0,0,0,0,0,0,0,0,0,0,0]
873 12 11 0 0 0 [50052C245505] [24,24,24,24,24,0,0,0,0,0,0,0] [000010000000] [0,0,0,0,0,0,0,0,0,0,0,0]
874 12 11 0 0 0 [50052C245505] [23,23,23,23,23,0,0,0,0,0,0,0] [000010000000] [0,0,0,0,0,0,0,0,0,0,0,0]
875 12 11 0 0 0 [50052C245505] [22,22,22,22,22,0,0,0,0,0,0,0] [000010000000] [0,0,0,0,0,0,0,0,0,0,0,0]
876 12 11 0 0 0 [50052C245505] [21,21,21,21,21,0,0,0,0,0,0,0] [000010000000] [0,0,0,0,0,0,0,0,0,0,0,0]
877 12 11 0 0 0 [50052C245505] [20,20,20,20,20,0,0,0,0,0,0,0] [000010000000] [0,0,0,0,0,0,0,0,0,0,0,0]
878 12 11 0 0 0 [50052C245505] [19,19,19,19,19,0,0,0,0,0,0,0] [000010000000] [0,0,0,0,0,0,0,0,0,0,0,0]
879 12 11 0 0 0 [50052C245505] [18,18,18,18,18,0,0,0,0,0,0,0] [000010000000] [0,0,0,0,0,0,0,0,0,0,0,0]
880 12 11 0 0 0 [50052C245505] [17,17,17,17,17,0,0,0,0,0,0,0] [000010000000] [0,0,0,0,0,0,0,0,0,0,0,0]
881 12 11 0 0 0 [50052C245505] [16,16,16,16,16,0,0,0,0,0,0,0] [000010000000] [0,0,0,0,0,0,0,0,0,0,0,0]
882 12 11 0 0 0 [50052C245505] [15,15,15,15,15,0,0,0,0,0,0,0] [000010000000] [0,0,0,0,0,0,0,0,0,0,0,0]
883 12 11 0 0 0 [50052C245505] [14,14,14,14,14,0,0,0,0,0,0,0] [000010000000] [0,0,0,0,0,0,0,0,0,0,0,0]
884 12 11 0 0 0 [50052C245505] [13,13,13,13,13,0,0,0,0,0,0,0] [000010000000] [0,0,0,0,0,0,0,0,0,0,0,0]
885 12 11 0 0 0 [50052C245505] [12,12,12,12,12,0,0,0,0,0,0,0] [000010000000] [0,0,0,0,0,0,0,0,0,0,0,0]
886 12 11 0 0 0 [50052C245505] [11,11,11,11,11,0,0,0,0,0,0,0] [000010000000] [0,0,0,0,0,0,0,0,0,0,0,0]
887 12 11 0 0 0 [50052C245505] [10,10,10,10,10,0,0,0,0,0,0,0] [000010000000] [0,0,0,0,0,0,0,0,0,0,0,0]
888 12 11 0 0 0 [50052C245505] [9,9,9,9,9,0,0,0,0,0,0,0] [000010000000] [0,0,0,0,0,0,0,0,0,0,0,0]
# COLLISION frame=888 ball=(396.2,61.7) hit_idx=8 target_idx=8 color=5
889 13 12 0 1 0 [50052C24SSS05] [-56,-56,-56,-56,-56,-64,-64,-64,0,0,0,0,0] [0000100100010] [0,0,0,0,0,0,0,0,0,0,0,0,0]
890 12 11 0 0 0 [50052C24SS05] [9,9,9,9,9,1,1,1,64,64,0,0] [000010010010] [0,0,0,0,0,0,0,0,0,0,0,0]
891 12 11 0 0 0 [50052C24SS05] [8,8,8,8,8,0,0,0,63,63,0,0] [000010010010] [0,0,0,0,0,0,0,0,0,0,0,0]
892 12 11 0 0 0 [50052C24SS05] [7,7,7,7,7,0,0,0,62,62,0,0] [000010010010] [0,0,0,0,0,0,0,0,0,0,0,0]
893 12 11 0 0 0 [50052C24SS05] [6,6,6,6,6,0,0,0,61,61,0,0] [000010010010] [0,0,0,0,0,0,0,0,0,0,0,0]
894 12 11 0 0 0 [50052C24SS05] [5,5,5,5,5,0,0,0,60,60,0,0] [000010010010] [0,0,0,0,0,0,0,0,0,0,0,0]
895 12 11 0 0 0 [50052C24SS05] [4,4,4,4,4,0,0,0,59,59,0,0] [000010010010] [0,0,0,0,0,0,0,0,0,0,0,0]
896 12 11 0 0 0 [50052C24SS05] [3,3,3,3,3,0,0,0,58,58,0,0] [000010010010] [0,0,0,0,0,0,0,0,0,0,0,0]
897 12 11 0 0 0 [50052C24SS05] [2,2,2,2,2,0,0,0,57,57,0,0] [000010010010] [0,0,0,0,0,0,0,0,0,0,0,0]
898 12 11 0 0 0 [50052C24SS05] [1,1,1,1,1,0,0,0,56,56,0,0] [000010010010] [0,0,0,0,0,0,0,0,0,0,0,0]
899 12 11 0 0 0 [50052C24SS05] [0,0,0,0,0,0,0,0,55,55,0,0] [000000010010] [0,0,0,0,0,0,0,0,0,0,0,0]
900 12 11 0 0 0 [50052C24SS05] [0,0,0,0,0,0,0,0,54,54,0,0] [000000010010] [0,0,0,0,0,0,0,0,0,0,0,0]
901 12 11 0 0 0 [50052C24SS05] [0,0,0,0,0,0,0,0,53,53,0,0] [000000010010] [0,0,0,0,0,0,0,0,0,0,0,0]
902 12 11 0 0 0 [50052C24SS05] [0,0,0,0,0,0,0,0,52,52,0,0] [000000010010] [0,0,0,0,0,0,0,0,0,0,0,0]
903 12 11 0 0 0 [50052C24SS05] [0,0,0,0,0,0,0,0,51,51,0,0] [000000010010] [0,0,0,0,0,0,0,0,0,0,0,0]
904 12 11 0 0 0 [50052C24SS05] [0,0,0,0,0,0,0,0,50,50,0,0] [000000010010] [0,0,0,0,0,0,0,0,0,0,0,0]
905 12 11 0 0 0 [50052C24SS05] [0,0,0,0,0,0,0,0,49,49,0,0] [000000010010] [0,0,0,0,0,0,0,0,0,0,0,0]
906 12 11 0 0 0 [50052C24SS05] [0,0,0,0,0,0,0,0,48,48,0,0] [000000010010] [0,0,0,0,0,0,0,0,0,0,0,0]
907 12 11 0 0 0 [50052C24SS05] [0,0,0,0,0,0,0,0,47,47,0,0] [000000010010] [0,0,0,0,0,0,0,0,0,0,0,0]
908 12 11 0 0 0 [50052C24SS05] [0,0,0,0,0,0,0,0,46,46,0,0] [000000010010] [0,0,0,0,0,0,0,0,0,0,0,0]
909 12 11 0 0 0 [50052C24SS05] [0,0,0,0,0,0,0,0,45,45,0,0] [000000010010] [0,0,0,0,0,0,0,0,0,0,0,0]
910 12 11 0 0 0 [50052C24SS05] [0,0,0,0,0,0,0,0,44,44,0,0] [000000010010] [0,0,0,0,0,0,0,0,0,0,0,0]
911 12 11 0 0 0 [50052C24SS05] [0,0,0,0,0,0,0,0,43,43,0,0] [000000010010] [0,0,0,0,0,0,0,0,0,0,0,0]
912 12 11 0 0 0 [50052C24SS05] [0,0,0,0,0,0,0,0,42,42,0,0] [000000010010] [0,0,0,0,0,0,0,0,0,0,0,0]
913 12 11 0 0 0 [50052C24SS05] [0,0,0,0,0,0,0,0,41,41,0,0] [000000010010] [0,0,0,0,0,0,0,0,0,0,0,0]
914 12 11 0 0 0 [50052C24SS05] [0,0,0,0,0,0,0,0,40,40,0,0] [000000010010] [0,0,0,0,0,0,0,0,0,0,0,0]
915 12 11 0 0 0 [50052C24SS05] [0,0,0,0,0,0,0,0,39,39,0,0] [000000010010] [0,0,0,0,0,0,0,0,0,0,0,0]
916 12 11 0 0 0 [50052C24SS05] [0,0,0,0,0,0,0,0,38,38,0,0] [000000010010] [0,0,0,0,0,0,0,0,0,0,0,0]
917 12 11 0 0 0 [50052C24SS05] [0,0,0,0,0,0,0,0,37,37,0,0] [000000010010] [0,0,0,0,0,0,0,0,0,0,0,0]
918 12 11 0 0 0 [50052C24SS05] [0,0,0,0,0,0,0,0,36,36,0,0] [000000010010] [0,0,0,0,0,0,0,0,0,0,0,0]
919 12 11 0 0 0 [50052C24SS05] [0,0,0,0,0,0,0,0,35,35,0,0] [000000010010] [0,0,0,0,0,0,0,0,0,0,0,0]
920 12 11 0 0 0 [50052C24SS05] [0,0,0,0,0,0,0,0,34,34,0,0] [000000010010] [0,0,0,0,0,0,0,0,0,0,0,0]
921 12 11 0 0 0 [50052C24SS05] [0,0,0,0,0,0,0,0,33,33,0,0] [000000010010] [0,0,0,0,0,0,0,0,0,0,0,0]
922 12 11 0 0 0 [50052C24SS05] [0,0,0,0,0,0,0,0,32,32,0,0] [000000010010] [0,0,0,0,0,0,0,0,0,0,0,0]
923 12 11 0 0 0 [50052C24SS05] [0,0,0,0,0,0,0,0,31,31,0,0] [000000010010] [0,0,0,0,0,0,0,0,0,0,0,0]
924 12 11 0 0 0 [50052C24SS05] [0,0,0,0,0,0,0,0,30,30,0,0] [000000010010] [0,0,0,0,0,0,0,0,0,0,0,0]
925 12 11 0 0 0 [50052C24SS05] [0,0,0,0,0,0,0,0,29,29,0,0] [000000010010] [0,0,0,0,0,0,0,0,0,0,0,0]
926 12 11 0 0 0 [50052C24SS05] [0,0,0,0,0,0,0,0,28,28,0,0] [000000010010] [0,0,0,0,0,0,0,0,0,0,0,0]
927 12 11 0 0 0 [50052C24SS05] [0,0,0,0,0,0,0,0,27,27,0,0] [000000010010] [0,0,0,0,0,0,0,0,0,0,0,0]
928 12 11 0 0 0 [50052C24SS05] [0,0,0,0,0,0,0,0,26,26,0,0] [000000010010] [0,0,0,0,0,0,0,0,0,0,0,0]
929 12 11 0 0 0 [50052C24SS05] [0,0,0,0,0,0,0,0,25,25,0,0] [000000010010] [0,0,0,0,0,0,0,0,0,0,0,0]
930 12 11 0 0 0 [50052C24SS05] [0,0,0,0,0,0,0,0,24,24,0,0] [000000010010] [0,0,0,0,0,0,0,0,0,0,0,0]
931 12 11 0 0 0 [50052C24SS05] [0,0,0,0,0,0,0,0,23,23,0,0] [000000010010] [0,0,0,0,0,0,0,0,0,0,0,0]
932 12 11 0 0 0 [50052C24SS05] [0,0,0,0,0,0,0,0,22,22,0,0] [000000010010] [0,0,0,0,0,0,0,0,0,0,0,0]
933 12 11 0 0 0 [50052C24SS05] [0,0,0,0,0,0,0,0,21,21,0,0] [000000010010] [0,0,0,0,0,0,0,0,0,0,0,0]
934 12 11 0 0 0 [50052C24SS05] [0,0,0,0,0,0,0,0,20,20,0,0] [000000010010] [0,0,0,0,0,0,0,0,0,0,0,0]
935 12 11 0 0 0 [50052C24SS05] [0,0,0,0,0,0,0,0,19,19,0,0] [000000010010] [0,0,0,0,0,0,0,0,0,0,0,0]
936 12 11 0 0 0 [50052C24SS05] [0,0,0,0,0,0,0,0,18,18,0,0] [000000010010] [0,0,0,0,0,0,0,0,0,0,0,0]
937 12 11 0 0 0 [50052C24SS05] [0,0,0,0,0,0,0,0,17,17,0,0] [000000010010] [0,0,0,0,0,0,0,0,0,0,0,0]
938 12 11 0 0 0 [50052C24SS05] [0,0,0,0,0,0,0,0,16,16,0,0] [000000010010] [0,0,0,0,0,0,0,0,0,0,0,0]
939 12 11 0 0 0 [50052C24SS05] [0,0,0,0,0,0,0,0,15,15,0,0] [000000010010] [0,0,0,0,0,0,0,0,0,0,0,0]
940 12 11 0 0 0 [50052C24SS05] [0,0,0,0,0,0,0,0,14,14,0,0] [000000010010] [0,0,0,0,0,0,0,0,0,0,0,0]
941 12 11 0 0 0 [50052C24SS05] [0,0,0,0,0,0,0,0,13,13,0,0] [000000010010] [0,0,0,0,0,0,0,0,0,0,0,0]
942 12 11 0 0 0 [50052C24SS05] [0,0,0,0,0,0,0,0,12,12,0,0] [000000010010] [0,0,0,0,0,0,0,0,0,0,0,0]
943 12 11 0 0 0 [50052C24SS05] [0,0,0,0,0,0,0,0,11,11,0,0] [000000010010] [0,0,0,0,0,0,0,0,0,0,0,0]
944 12 11 0 0 0 [50052C24SS05] [0,0,0,0,0,0,0,0,10,10,0,0] [000000010010] [0,0,0,0,0,0,0,0,0,0,0,0]
945 12 11 0 0 0 [50052C24SS05] [0,0,0,0,0,0,0,0,9,9,0,0] [000000010010] [0,0,0,0,0,0,0,0,0,0,0,0]
946 12 11 0 0 0 [50052C24SS05] [0,0,0,0,0,0,0,0,8,8,0,0] [000000010010] [0,0,0,0,0,0,0,0,0,0,0,0]
947 12 11 0 0 0 [50052C24SS05] [0,0,0,0,0,0,0,0,7,7,0,0] [000000010010] [0,0,0,0,0,0,0,0,0,0,0,0]
948 12 11 0 0 0 [50052C24SS05] [0,0,0,0,0,0,0,0,6,6,0,0] [000000010010] [0,0,0,0,0,0,0,0,0,0,0,0]
949 12 11 0 0 0 [50052C24SS05] [0,0,0,0,0,0,0,0,5,5,0,0] [000000010010] [0,0,0,0,0,0,0,0,0,0,0,0]
950 12 11 0 0 0 [50052C24SS05] [0,0,0,0,0,0,0,0,4,4,0,0] [000000010010] [0,0,0,0,0,0,0,0,0,0,0,0]
951 12 11 0 0 0 [50052C24SS05] [0,0,0,0,0,0,0,0,3,3,0,0] [000000010010] [0,0,0,0,0,0,0,0,0,0,0,0]
952 12 11 0 0 0 [50052C24SS05] [0,0,0,0,0,0,0,0,2,2,0,0] [000000010010] [0,0,0,0,0,0,0,0,0,0,0,0]
953 12 11 0 0 0 [50052C24SS05] [0,0,0,0,0,0,0,0,1,1,0,0] [000000010010] [0,0,0,0,0,0,0,0,0,0,0,0]
954 11 10 0 0 0 [50052C24S05] [64,64,64,64,64,64,64,64,64,0,0] [00000001010] [0,0,0,0,0,0,0,0,0,0,0]
955 11 10 1 0 0 [50052C24S05] [63,63,63,63,63,63,63,63,63,0,0] [00000001010] [0,0,0,0,0,0,0,0,0,0,0]
956 11 10 2 0 0 [50052C24S05] [62,62,62,62,62,62,62,62,62,0,0] [00000001010] [0,0,0,0,0,0,0,0,0,0,0]
957 11 10 3 0 0 [50052C24S05] [61,61,61,61,61,61,61,61,61,0,0] [00000001010] [0,0,0,0,0,0,0,0,0,0,0]
958 11 10 4 0 0 [50052C24S05] [60,60,60,60,60,60,60,60,60,0,0] [00000001010] [0,0,0,0,0,0,0,0,0,0,0]
959 11 10 5 0 0 [50052C24S05] [59,59,59,59,59,59,59,59,59,0,0] [00000001010] [0,0,0,0,0,0,0,0,0,0,0]
960 11 10 6 0 0 [50052C24S05] [58,58,58,58,58,58,58,58,58,0,0] [00000001010] [0,0,0,0,0,0,0,0,0,0,0]
961 11 10 7 0 0 [50052C24S05] [57,57,57,57,57,57,57,57,57,0,0] [00000001010] [0,0,0,0,0,0,0,0,0,0,0]
962 11 10 8 0 0 [50052C24S05] [56,56,56,56,56,56,56,56,56,0,0] [00000001010] [0,0,0,0,0,0,0,0,0,0,0]
963 11 10 9 0 0 [50052C24S05] [55,55,55,55,55,55,55,55,55,0,0] [00000001010] [0,0,0,0,0,0,0,0,0,0,0]
964 11 10 10 0 0 [50052C24S05] [54,54,54,54,54,54,54,54,54,0,0] [00000001010] [0,0,0,0,0,0,0,0,0,0,0]
965 11 10 11 0 0 [50052C24S05] [53,53,53,53,53,53,53,53,53,0,0] [00000001010] [0,0,0,0,0,0,0,0,0,0,0]
966 11 10 12 0 0 [50052C24S05] [52,52,52,52,52,52,52,52,52,0,0] [00000001010] [0,0,0,0,0,0,0,0,0,0,0]
967 11 10 13 0 0 [50052C24S05] [51,51,51,51,51,51,51,51,51,0,0] [00000001010] [0,0,0,0,0,0,0,0,0,0,0]
968 11 10 14 0 0 [50052C24S05] [50,50,50,50,50,50,50,50,50,0,0] [00000001010] [0,0,0,0,0,0,0,0,0,0,0]
969 11 10 15 0 0 [50052C24S05] [49,49,49,49,49,49,49,49,49,0,0] [00000001010] [0,0,0,0,0,0,0,0,0,0,0]
970 11 10 16 0 0 [50052C24S05] [48,48,48,48,48,48,48,48,48,0,0] [00000001010] [0,0,0,0,0,0,0,0,0,0,0]
971 11 10 17 0 0 [50052C24S05] [47,47,47,47,47,47,47,47,47,0,0] [00000001010] [0,0,0,0,0,0,0,0,0,0,0]
972 11 10 18 0 0 [50052C24S05] [46,46,46,46,46,46,46,46,46,0,0] [00000001010] [0,0,0,0,0,0,0,0,0,0,0]
973 11 10 19 0 0 [50052C24S05] [45,45,45,45,45,45,45,45,45,0,0] [00000001010] [0,0,0,0,0,0,0,0,0,0,0]
974 11 10 20 0 0 [50052C24S05] [44,44,44,44,44,44,44,44,44,0,0] [00000001010] [0,0,0,0,0,0,0,0,0,0,0]
975 11 10 21 0 0 [50052C24S05] [43,43,43,43,43,43,43,43,43,0,0] [00000001010] [0,0,0,0,0,0,0,0,0,0,0]
976 11 10 22 0 0 [50052C24S05] [42,42,42,42,42,42,42,42,42,0,0] [00000001010] [0,0,0,0,0,0,0,0,0,0,0]
977 11 10 23 0 0 [50052C24S05] [41,41,41,41,41,41,41,41,41,0,0] [00000001010] [0,0,0,0,0,0,0,0,0,0,0]
978 11 10 24 0 0 [50052C24S05] [40,40,40,40,40,40,40,40,40,0,0] [00000001010] [0,0,0,0,0,0,0,0,0,0,0]
979 11 10 25 0 0 [50052C24S05] [39,39,39,39,39,39,39,39,39,0,0] [00000001010] [0,0,0,0,0,0,0,0,0,0,0]
980 11 10 26 0 0 [50052C24S05] [38,38,38,38,38,38,38,38,38,0,0] [00000001010] [0,0,0,0,0,0,0,0,0,0,0]
981 11 10 27 0 0 [50052C24S05] [37,37,37,37,37,37,37,37,37,0,0] [00000001010] [0,0,0,0,0,0,0,0,0,0,0]
982 11 10 28 0 0 [50052C24S05] [36,36,36,36,36,36,36,36,36,0,0] [00000001010] [0,0,0,0,0,0,0,0,0,0,0]
983 11 10 29 0 0 [50052C24S05] [35,35,35,35,35,35,35,35,35,0,0] [00000001010] [0,0,0,0,0,0,0,0,0,0,0]
984 11 10 30 0 0 [50052C24S05] [34,34,34,34,34,34,34,34,34,0,0] [00000001010] [0,0,0,0,0,0,0,0,0,0,0]
985 11 10 31 0 0 [50052C24S05] [33,33,33,33,33,33,33,33,33,0,0] [00000001010] [0,0,0,0,0,0,0,0,0,0,0]
986 11 10 32 0 0 [50052C24S05] [32,32,32,32,32,32,32,32,32,0,0] [00000001010] [0,0,0,0,0,0,0,0,0,0,0]
987 11 10 33 0 0 [50052C24S05] [31,31,31,31,31,31,31,31,31,0,0] [00000001010] [0,0,0,0,0,0,0,0,0,0,0]
988 11 10 34 0 0 [50052C24S05] [30,30,30,30,30,30,30,30,30,0,0] [00000001010] [0,0,0,0,0,0,0,0,0,0,0]
989 11 10 35 0 0 [50052C24S05] [29,29,29,29,29,29,29,29,29,0,0] [00000001010] [0,0,0,0,0,0,0,0,0,0,0]
990 11 10 36 0 0 [50052C24S05] [28,28,28,28,28,28,28,28,28,0,0] [00000001010] [0,0,0,0,0,0,0,0,0,0,0]
991 11 10 37 0 0 [50052C24S05] [27,27,27,27,27,27,27,27,27,0,0] [00000001010] [0,0,0,0,0,0,0,0,0,0,0]
992 11 10 38 0 0 [50052C24S05] [26,26,26,26,26,26,26,26,26,0,0] [00000001010] [0,0,0,0,0,0,0,0,0,0,0]
993 11 10 39 0 0 [50052C24S05] [25,25,25,25,25,25,25,25,25,0,0] [00000001010] [0,0,0,0,0,0,0,0,0,0,0]
# CLICK frame=993 canvas=(417,147) game=(417.0,83.0) cooldown=0 color=4
# SHOT_FIRED frame=993 dir=(6.8,-9.9) color=4
994 11 10 40 0 0 [50052C24S05] [24,24,24,24,24,24,24,24,24,0,0] [00000001010] [0,0,0,0,0,0,0,0,0,0,0]
995 11 10 41 0 0 [50052C24S05] [23,23,23,23,23,23,23,23,23,0,0] [00000001010] [0,0,0,0,0,0,0,0,0,0,0]
996 11 10 42 0 0 [50052C24S05] [22,22,22,22,22,22,22,22,22,0,0] [00000001010] [0,0,0,0,0,0,0,0,0,0,0]
997 11 10 43 0 0 [50052C24S05] [21,21,21,21,21,21,21,21,21,0,0] [00000001010] [0,0,0,0,0,0,0,0,0,0,0]
998 11 10 44 0 0 [50052C24S05] [20,20,20,20,20,20,20,20,20,0,0] [00000001010] [0,0,0,0,0,0,0,0,0,0,0]
999 11 10 45 0 0 [50052C24S05] [19,19,19,19,19,19,19,19,19,0,0] [00000001010] [0,0,0,0,0,0,0,0,0,0,0]
1000 11 10 46 0 0 [50052C24S05] [18,18,18,18,18,18,18,18,18,0,0] [00000001010] [0,0,0,0,0,0,0,0,0,0,0]
1001 11 10 47 0 0 [50052C24S05] [17,17,17,17,17,17,17,17,17,0,0] [00000001010] [0,0,0,0,0,0,0,0,0,0,0]
1002 11 10 48 0 0 [50052C24S05] [16,16,16,16,16,16,16,16,16,0,0] [00000001010] [0,0,0,0,0,0,0,0,0,0,0]
1003 11 10 49 0 0 [50052C24S05] [15,15,15,15,15,15,15,15,15,0,0] [00000001010] [0,0,0,0,0,0,0,0,0,0,0]
1004 11 10 50 0 0 [50052C24S05] [14,14,14,14,14,14,14,14,14,0,0] [00000001010] [0,0,0,0,0,0,0,0,0,0,0]
1005 11 10 51 0 0 [50052C24S05] [13,13,13,13,13,13,13,13,13,0,0] [00000001010] [0,0,0,0,0,0,0,0,0,0,0]
1006 11 10 52 0 0 [50052C24S05] [12,12,12,12,12,12,12,12,12,0,0] [00000001010] [0,0,0,0,0,0,0,0,0,0,0]
1007 11 10 53 0 0 [50052C24S05] [11,11,11,11,11,11,11,11,11,0,0] [00000001010] [0,0,0,0,0,0,0,0,0,0,0]
1008 11 10 54 0 0 [50052C24S05] [10,10,10,10,10,10,10,10,10,0,0] [00000001010] [0,0,0,0,0,0,0,0,0,0,0]
1009 11 10 55 0 0 [50052C24S05] [9,9,9,9,9,9,9,9,9,0,0] [00000001010] [0,0,0,0,0,0,0,0,0,0,0]
1010 11 10 56 0 0 [50052C24S05] [8,8,8,8,8,8,8,8,8,0,0] [00000001010] [0,0,0,0,0,0,0,0,0,0,0]
1011 11 10 57 0 0 [50052C24S05] [7,7,7,7,7,7,7,7,7,0,0] [00000001010] [0,0,0,0,0,0,0,0,0,0,0]
1012 11 10 58 0 0 [50052C24S05] [6,6,6,6,6,6,6,6,6,0,0] [00000001010] [0,0,0,0,0,0,0,0,0,0,0]
1013 11 10 59 0 0 [50052C24S05] [5,5,5,5,5,5,5,5,5,0,0] [00000001010] [0,0,0,0,0,0,0,0,0,0,0]
1014 11 10 60 0 0 [50052C24S05] [4,4,4,4,4,4,4,4,4,0,0] [00000001010] [0,0,0,0,0,0,0,0,0,0,0]
1015 11 10 61 0 0 [50052C24S05] [3,3,3,3,3,3,3,3,3,0,0] [00000001010] [0,0,0,0,0,0,0,0,0,0,0]
# COLLISION frame=1015 ball=(421.1,77.1) hit_idx=7 target_idx=7 color=4
1016 12 11 62 0 0 [50052C244S05] [-62,-62,-62,-62,-62,-62,-62,-30,2,2,0,0] [000000011010] [0,0,0,0,0,0,0,0,0,0,0,0]
1017 12 11 62 0 0 [50052C244S05] [-61,-61,-61,-61,-61,-61,-61,-29,1,1,0,0] [000000011010] [0,0,0,0,0,0,0,0,0,0,0,0]
1018 12 11 62 0 0 [50052C244S05] [-60,-60,-60,-60,-60,-60,-60,-28,0,0,0,0] [000000011000] [0,0,0,0,0,0,0,0,0,0,0,0]
1019 12 11 62 0 0 [50052C244S05] [-59,-59,-59,-59,-59,-59,-59,-27,0,0,0,0] [000000011000] [0,0,0,0,0,0,0,0,0,0,0,0]
1020 12 11 62 0 0 [50052C244S05] [-58,-58,-58,-58,-58,-58,-58,-26,0,0,0,0] [000000011000] [0,0,0,0,0,0,0,0,0,0,0,0]
1021 12 11 62 0 0 [50052C244S05] [-57,-57,-57,-57,-57,-57,-57,-25,0,0,0,0] [000000011000] [0,0,0,0,0,0,0,0,0,0,0,0]
1022 12 11 62 0 0 [50052C244S05] [-56,-56,-56,-56,-56,-56,-56,-24,0,0,0,0] [000000011000] [0,0,0,0,0,0,0,0,0,0,0,0]
1023 12 11 62 0 0 [50052C244S05] [-55,-55,-55,-55,-55,-55,-55,-23,0,0,0,0] [000000011000] [0,0,0,0,0,0,0,0,0,0,0,0]
1024 12 11 62 0 0 [50052C244S05] [-54,-54,-54,-54,-54,-54,-54,-22,0,0,0,0] [000000011000] [0,0,0,0,0,0,0,0,0,0,0,0]
1025 12 11 62 0 0 [50052C244S05] [-53,-53,-53,-53,-53,-53,-53,-21,0,0,0,0] [000000011000] [0,0,0,0,0,0,0,0,0,0,0,0]
1026 12 11 62 0 0 [50052C244S05] [-52,-52,-52,-52,-52,-52,-52,-20,0,0,0,0] [000000011000] [0,0,0,0,0,0,0,0,0,0,0,0]
1027 12 11 62 0 0 [50052C244S05] [-51,-51,-51,-51,-51,-51,-51,-19,0,0,0,0] [000000011000] [0,0,0,0,0,0,0,0,0,0,0,0]
1028 12 11 62 0 0 [50052C244S05] [-50,-50,-50,-50,-50,-50,-50,-18,0,0,0,0] [000000011000] [0,0,0,0,0,0,0,0,0,0,0,0]
1029 12 11 62 0 0 [50052C244S05] [-49,-49,-49,-49,-49,-49,-49,-17,0,0,0,0] [000000011000] [0,0,0,0,0,0,0,0,0,0,0,0]
1030 12 11 62 0 0 [50052C244S05] [-48,-48,-48,-48,-48,-48,-48,-16,0,0,0,0] [000000011000] [0,0,0,0,0,0,0,0,0,0,0,0]
1031 12 11 62 0 0 [50052C244S05] [-47,-47,-47,-47,-47,-47,-47,-15,0,0,0,0] [000000011000] [0,0,0,0,0,0,0,0,0,0,0,0]
1032 12 11 62 0 0 [50052C244S05] [-46,-46,-46,-46,-46,-46,-46,-14,0,0,0,0] [000000011000] [0,0,0,0,0,0,0,0,0,0,0,0]
1033 12 11 62 0 0 [50052C244S05] [-45,-45,-45,-45,-45,-45,-45,-13,0,0,0,0] [000000011000] [0,0,0,0,0,0,0,0,0,0,0,0]
1034 12 11 62 0 0 [50052C244S05] [-44,-44,-44,-44,-44,-44,-44,-12,0,0,0,0] [000000011000] [0,0,0,0,0,0,0,0,0,0,0,0]
1035 12 11 62 0 0 [50052C244S05] [-43,-43,-43,-43,-43,-43,-43,-11,0,0,0,0] [000000011000] [0,0,0,0,0,0,0,0,0,0,0,0]
1036 12 11 62 0 0 [50052C244S05] [-42,-42,-42,-42,-42,-42,-42,-10,0,0,0,0] [000000011000] [0,0,0,0,0,0,0,0,0,0,0,0]
1037 12 11 62 0 0 [50052C244S05] [-41,-41,-41,-41,-41,-41,-41,-9,0,0,0,0] [000000011000] [0,0,0,0,0,0,0,0,0,0,0,0]
1038 12 11 62 0 0 [50052C244S05] [-40,-40,-40,-40,-40,-40,-40,-8,0,0,0,0] [000000011000] [0,0,0,0,0,0,0,0,0,0,0,0]
1039 12 11 62 0 0 [50052C244S05] [-39,-39,-39,-39,-39,-39,-39,-7,0,0,0,0] [000000011000] [0,0,0,0,0,0,0,0,0,0,0,0]
1040 12 11 62 0 0 [50052C244S05] [-38,-38,-38,-38,-38,-38,-38,-6,0,0,0,0] [000000011000] [0,0,0,0,0,0,0,0,0,0,0,0]
1041 12 11 62 0 0 [50052C244S05] [-37,-37,-37,-37,-37,-37,-37,-5,0,0,0,0] [000000011000] [0,0,0,0,0,0,0,0,0,0,0,0]
1042 12 11 62 0 0 [50052C244S05] [-36,-36,-36,-36,-36,-36,-36,-4,0,0,0,0] [000000011000] [0,0,0,0,0,0,0,0,0,0,0,0]
1043 12 11 62 0 0 [50052C244S05] [-35,-35,-35,-35,-35,-35,-35,-3,0,0,0,0] [000000011000] [0,0,0,0,0,0,0,0,0,0,0,0]
1044 12 11 62 0 0 [50052C244S05] [-34,-34,-34,-34,-34,-34,-34,-2,0,0,0,0] [000000011000] [0,0,0,0,0,0,0,0,0,0,0,0]
1045 12 11 62 0 0 [50052C244S05] [-33,-33,-33,-33,-33,-33,-33,-1,0,0,0,0] [000000011000] [0,0,0,0,0,0,0,0,0,0,0,0]
1046 12 11 62 0 0 [50052C244S05] [-32,-32,-32,-32,-32,-32,-32,0,0,0,0,0] [000000010000] [0,0,0,0,0,0,0,0,0,0,0,0]
1047 12 11 62 0 0 [50052C244S05] [-31,-31,-31,-31,-31,-31,-31,0,0,0,0,0] [000000010000] [0,0,0,0,0,0,0,0,0,0,0,0]
1048 12 11 62 0 0 [50052C244S05] [-30,-30,-30,-30,-30,-30,-30,0,0,0,0,0] [000000010000] [0,0,0,0,0,0,0,0,0,0,0,0]
1049 12 11 62 0 0 [50052C244S05] [-29,-29,-29,-29,-29,-29,-29,0,0,0,0,0] [000000010000] [0,0,0,0,0,0,0,0,0,0,0,0]
1050 12 11 62 0 0 [50052C244S05] [-28,-28,-28,-28,-28,-28,-28,0,0,0,0,0] [000000010000] [0,0,0,0,0,0,0,0,0,0,0,0]
1051 12 11 62 0 0 [50052C244S05] [-27,-27,-27,-27,-27,-27,-27,0,0,0,0,0] [000000010000] [0,0,0,0,0,0,0,0,0,0,0,0]
1052 12 11 62 0 0 [50052C244S05] [-26,-26,-26,-26,-26,-26,-26,0,0,0,0,0] [000000010000] [0,0,0,0,0,0,0,0,0,0,0,0]
1053 12 11 62 0 0 [50052C244S05] [-25,-25,-25,-25,-25,-25,-25,0,0,0,0,0] [000000010000] [0,0,0,0,0,0,0,0,0,0,0,0]
1054 12 11 62 0 0 [50052C244S05] [-24,-24,-24,-24,-24,-24,-24,0,0,0,0,0] [000000010000] [0,0,0,0,0,0,0,0,0,0,0,0]
1055 12 11 62 0 0 [50052C244S05] [-23,-23,-23,-23,-23,-23,-23,0,0,0,0,0] [000000010000] [0,0,0,0,0,0,0,0,0,0,0,0]
1056 12 11 62 0 0 [50052C244S05] [-22,-22,-22,-22,-22,-22,-22,0,0,0,0,0] [000000010000] [0,0,0,0,0,0,0,0,0,0,0,0]
1057 12 11 62 0 0 [50052C244S05] [-21,-21,-21,-21,-21,-21,-21,0,0,0,0,0] [000000010000] [0,0,0,0,0,0,0,0,0,0,0,0]
1058 12 11 62 0 0 [50052C244S05] [-20,-20,-20,-20,-20,-20,-20,0,0,0,0,0] [000000010000] [0,0,0,0,0,0,0,0,0,0,0,0]
1059 12 11 62 0 0 [50052C244S05] [-19,-19,-19,-19,-19,-19,-19,0,0,0,0,0] [000000010000] [0,0,0,0,0,0,0,0,0,0,0,0]
1060 12 11 62 0 0 [50052C244S05] [-18,-18,-18,-18,-18,-18,-18,0,0,0,0,0] [000000010000] [0,0,0,0,0,0,0,0,0,0,0,0]
1061 12 11 62 0 0 [50052C244S05] [-17,-17,-17,-17,-17,-17,-17,0,0,0,0,0] [000000010000] [0,0,0,0,0,0,0,0,0,0,0,0]
1062 12 11 62 0 0 [50052C244S05] [-16,-16,-16,-16,-16,-16,-16,0,0,0,0,0] [000000010000] [0,0,0,0,0,0,0,0,0,0,0,0]
1063 12 11 62 0 0 [50052C244S05] [-15,-15,-15,-15,-15,-15,-15,0,0,0,0,0] [000000010000] [0,0,0,0,0,0,0,0,0,0,0,0]
1064 12 11 62 0 0 [50052C244S05] [-14,-14,-14,-14,-14,-14,-14,0,0,0,0,0] [000000010000] [0,0,0,0,0,0,0,0,0,0,0,0]
1065 12 11 62 0 0 [50052C244S05] [-13,-13,-13,-13,-13,-13,-13,0,0,0,0,0] [000000010000] [0,0,0,0,0,0,0,0,0,0,0,0]
1066 12 11 62 0 0 [50052C244S05] [-12,-12,-12,-12,-12,-12,-12,0,0,0,0,0] [000000010000] [0,0,0,0,0,0,0,0,0,0,0,0]
1067 12 11 62 0 0 [50052C244S05] [-11,-11,-11,-11,-11,-11,-11,0,0,0,0,0] [000000010000] [0,0,0,0,0,0,0,0,0,0,0,0]
1068 12 11 62 0 0 [50052C244S05] [-10,-10,-10,-10,-10,-10,-10,0,0,0,0,0] [000000010000] [0,0,0,0,0,0,0,0,0,0,0,0]
1069 12 11 62 0 0 [50052C244S05] [-9,-9,-9,-9,-9,-9,-9,0,0,0,0,0] [000000010000] [0,0,0,0,0,0,0,0,0,0,0,0]
1070 12 11 62 0 0 [50052C244S05] [-8,-8,-8,-8,-8,-8,-8,0,0,0,0,0] [000000010000] [0,0,0,0,0,0,0,0,0,0,0,0]
1071 12 11 62 0 0 [50052C244S05] [-7,-7,-7,-7,-7,-7,-7,0,0,0,0,0] [000000010000] [0,0,0,0,0,0,0,0,0,0,0,0]
1072 12 11 62 0 0 [50052C244S05] [-6,-6,-6,-6,-6,-6,-6,0,0,0,0,0] [000000010000] [0,0,0,0,0,0,0,0,0,0,0,0]
1073 12 11 62 0 0 [50052C244S05] [-5,-5,-5,-5,-5,-5,-5,0,0,0,0,0] [000000010000] [0,0,0,0,0,0,0,0,0,0,0,0]
1074 12 11 62 0 0 [50052C244S05] [-4,-4,-4,-4,-4,-4,-4,0,0,0,0,0] [000000010000] [0,0,0,0,0,0,0,0,0,0,0,0]
# CLICK frame=1074 canvas=(498,219) game=(498.0,155.0) cooldown=0 color=2
# SHOT_FIRED frame=1074 dir=(10.1,-6.4) color=2
1075 12 11 62 0 0 [50052C244S05] [-3,-3,-3,-3,-3,-3,-3,0,0,0,0,0] [000000010000] [0,0,0,0,0,0,0,0,0,0,0,0]
1076 12 11 62 0 0 [50052C244S05] [-2,-2,-2,-2,-2,-2,-2,0,0,0,0,0] [000000010000] [0,0,0,0,0,0,0,0,0,0,0,0]
1077 12 11 62 0 0 [50052C244S05] [-1,-1,-1,-1,-1,-1,-1,0,0,0,0,0] [000000010000] [0,0,0,0,0,0,0,0,0,0,0,0]
1078 12 11 62 0 0 [50052C244S05] [0,0,0,0,0,0,0,0,0,0,0,0] [000000000000] [0,0,0,0,0,0,0,0,0,0,0,0]
1079 12 11 62 0 0 [50052C244S05] [0,0,0,0,0,0,0,0,0,0,0,0] [000000000000] [0,0,0,0,0,0,0,0,0,0,0,0]
1080 12 11 62 0 0 [50052C244S05] [0,0,0,0,0,0,0,0,0,0,0,0] [000000000000] [0,0,0,0,0,0,0,0,0,0,0,0]
1081 12 11 63 0 0 [50052C244S05] [0,0,0,0,0,0,0,0,0,0,0,0] [000000000000] [0,0,0,0,0,0,0,0,0,0,0,0]
1082 11 11 0 0 0 [50052C24405] [64,64,64,64,64,64,64,64,64,0,0] [00000000110] [0,0,0,0,0,0,0,0,0,0,0]
1083 12 11 1 0 0 [50052C244055] [63,63,63,63,63,63,63,63,63,0,0,0] [000000001100] [0,0,0,0,0,0,0,0,0,0,0,0]
1084 12 11 2 0 0 [50052C244055] [62,62,62,62,62,62,62,62,62,0,0,0] [000000001100] [0,0,0,0,0,0,0,0,0,0,0,0]
1085 12 11 3 0 0 [50052C244055] [61,61,61,61,61,61,61,61,61,0,0,0] [000000001100] [0,0,0,0,0,0,0,0,0,0,0,0]
1086 12 11 4 0 0 [50052C244055] [60,60,60,60,60,60,60,60,60,0,0,0] [000000001100] [0,0,0,0,0,0,0,0,0,0,0,0]
1087 12 11 5 0 0 [50052C244055] [59,59,59,59,59,59,59,59,59,0,0,0] [000000001100] [0,0,0,0,0,0,0,0,0,0,0,0]
1088 12 11 6 0 0 [50052C244055] [58,58,58,58,58,58,58,58,58,0,0,0] [000000001100] [0,0,0,0,0,0,0,0,0,0,0,0]
1089 12 11 7 0 0 [50052C244055] [57,57,57,57,57,57,57,57,57,0,0,0] [000000001100] [0,0,0,0,0,0,0,0,0,0,0,0]
1090 12 11 8 0 0 [50052C244055] [56,56,56,56,56,56,56,56,56,0,0,0] [000000001100] [0,0,0,0,0,0,0,0,0,0,0,0]
1091 12 11 9 0 0 [50052C244055] [55,55,55,55,55,55,55,55,55,0,0,0] [000000001100] [0,0,0,0,0,0,0,0,0,0,0,0]
1092 12 11 10 0 0 [50052C244055] [54,54,54,54,54,54,54,54,54,0,0,0] [000000001100] [0,0,0,0,0,0,0,0,0,0,0,0]
1093 12 11 11 0 0 [50052C244055] [53,53,53,53,53,53,53,53,53,0,0,0] [000000001100] [0,0,0,0,0,0,0,0,0,0,0,0]
1094 12 11 12 0 0 [50052C244055] [52,52,52,52,52,52,52,52,52,0,0,0] [000000001100] [0,0,0,0,0,0,0,0,0,0,0,0]
1095 12 11 13 0 0 [50052C244055] [51,51,51,51,51,51,51,51,51,0,0,0] [000000001100] [0,0,0,0,0,0,0,0,0,0,0,0]
1096 12 11 14 0 0 [50052C244055] [50,50,50,50,50,50,50,50,50,0,0,0] [000000001100] [0,0,0,0,0,0,0,0,0,0,0,0]
1097 12 11 15 0 0 [50052C244055] [49,49,49,49,49,49,49,49,49,0,0,0] [000000001100] [0,0,0,0,0,0,0,0,0,0,0,0]
1098 12 11 16 0 0 [50052C244055] [48,48,48,48,48,48,48,48,48,0,0,0] [000000001100] [0,0,0,0,0,0,0,0,0,0,0,0]
# COLLISION frame=1098 ball=(517.1,142.9) hit_idx=4 target_idx=5 color=2
1099 13 12 17 0 0 [500522C244055] [-17,-17,-17,-17,-17,15,47,47,47,47,0,0,0] [0000010001100] [0,0,0,0,0,0,0,0,0,0,0,0,0]
1100 13 12 17 0 0 [500522C244055] [-16,-16,-16,-16,-16,14,46,46,46,46,0,0,0] [0000010001100] [0,0,0,0,0,0,0,0,0,0,0,0,0]
1101 13 12 17 0 0 [500522C244055] [-15,-15,-15,-15,-15,13,45,45,45,45,0,0,0] [0000010001100] [0,0,0,0,0,0,0,0,0,0,0,0,0]
1102 13 12 17 0 0 [500522C244055] [-14,-14,-14,-14,-14,12,44,44,44,44,0,0,0] [0000010001100] [0,0,0,0,0,0,0,0,0,0,0,0,0]
1103 13 12 17 0 0 [500522C244055] [-13,-13,-13,-13,-13,11,43,43,43,43,0,0,0] [0000010001100] [0,0,0,0,0,0,0,0,0,0,0,0,0]
1104 13 12 17 0 0 [500522C244055] [-12,-12,-12,-12,-12,10,42,42,42,42,0,0,0] [0000010001100] [0,0,0,0,0,0,0,0,0,0,0,0,0]
1105 13 12 17 0 0 [500522C244055] [-11,-11,-11,-11,-11,9,41,41,41,41,0,0,0] [0000010001100] [0,0,0,0,0,0,0,0,0,0,0,0,0]
1106 13 12 17 0 0 [500522C244055] [-10,-10,-10,-10,-10,8,40,40,40,40,0,0,0] [0000010001100] [0,0,0,0,0,0,0,0,0,0,0,0,0]
1107 13 12 17 0 0 [500522C244055] [-9,-9,-9,-9,-9,7,39,39,39,39,0,0,0] [0000010001100] [0,0,0,0,0,0,0,0,0,0,0,0,0]
1108 13 12 17 0 0 [500522C244055] [-8,-8,-8,-8,-8,6,38,38,38,38,0,0,0] [0000010001100] [0,0,0,0,0,0,0,0,0,0,0,0,0]
1109 13 12 17 0 0 [500522C244055] [-7,-7,-7,-7,-7,5,37,37,37,37,0,0,0] [0000010001100] [0,0,0,0,0,0,0,0,0,0,0,0,0]
1110 13 12 17 0 0 [500522C244055] [-6,-6,-6,-6,-6,4,36,36,36,36,0,0,0] [0000010001100] [0,0,0,0,0,0,0,0,0,0,0,0,0]
1111 13 12 17 0 0 [500522C244055] [-5,-5,-5,-5,-5,3,35,35,35,35,0,0,0] [0000010001100] [0,0,0,0,0,0,0,0,0,0,0,0,0]
1112 13 12 17 0 0 [500522C244055] [-4,-4,-4,-4,-4,2,34,34,34,34,0,0,0] [0000010001100] [0,0,0,0,0,0,0,0,0,0,0,0,0]
1113 13 12 17 0 0 [500522C244055] [-3,-3,-3,-3,-3,1,33,33,33,33,0,0,0] [0000010001100] [0,0,0,0,0,0,0,0,0,0,0,0,0]
1114 13 12 17 0 0 [500522C244055] [-2,-2,-2,-2,-2,0,32,32,32,32,0,0,0] [0000010001100] [0,0,0,0,0,0,0,0,0,0,0,0,0]
1115 13 12 17 0 0 [500522C244055] [-1,-1,-1,-1,-1,0,31,31,31,31,0,0,0] [0000010001100] [0,0,0,0,0,0,0,0,0,0,0,0,0]
1116 13 12 17 0 0 [500522C244055] [0,0,0,0,0,0,30,30,30,30,0,0,0] [0000010001100] [0,0,0,0,0,0,0,0,0,0,0,0,0]
1117 13 12 17 0 0 [500522C244055] [0,0,0,0,0,0,29,29,29,29,0,0,0] [0000010001100] [0,0,0,0,0,0,0,0,0,0,0,0,0]
1118 13 12 17 0 0 [500522C244055] [0,0,0,0,0,0,28,28,28,28,0,0,0] [0000010001100] [0,0,0,0,0,0,0,0,0,0,0,0,0]
1119 13 12 17 0 0 [500522C244055] [0,0,0,0,0,0,27,27,27,27,0,0,0] [0000010001100] [0,0,0,0,0,0,0,0,0,0,0,0,0]
1120 13 12 17 0 0 [500522C244055] [0,0,0,0,0,0,26,26,26,26,0,0,0] [0000010001100] [0,0,0,0,0,0,0,0,0,0,0,0,0]
1121 13 12 17 0 0 [500522C244055] [0,0,0,0,0,0,25,25,25,25,0,0,0] [0000010001100] [0,0,0,0,0,0,0,0,0,0,0,0,0]
1122 13 12 17 0 0 [500522C244055] [0,0,0,0,0,0,24,24,24,24,0,0,0] [0000010001100] [0,0,0,0,0,0,0,0,0,0,0,0,0]
1123 13 12 17 0 0 [500522C244055] [0,0,0,0,0,0,23,23,23,23,0,0,0] [0000010001100] [0,0,0,0,0,0,0,0,0,0,0,0,0]
1124 13 12 17 0 0 [500522C244055] [0,0,0,0,0,0,22,22,22,22,0,0,0] [0000010001100] [0,0,0,0,0,0,0,0,0,0,0,0,0]
1125 13 12 17 0 0 [500522C244055] [0,0,0,0,0,0,21,21,21,21,0,0,0] [0000010001100] [0,0,0,0,0,0,0,0,0,0,0,0,0]
1126 13 12 17 0 0 [500522C244055] [0,0,0,0,0,0,20,20,20,20,0,0,0] [0000010001100] [0,0,0,0,0,0,0,0,0,0,0,0,0]
1127 13 12 17 0 0 [500522C244055] [0,0,0,0,0,0,19,19,19,19,0,0,0] [0000010001100] [0,0,0,0,0,0,0,0,0,0,0,0,0]
1128 13 12 17 0 0 [500522C244055] [0,0,0,0,0,0,18,18,18,18,0,0,0] [0000010001100] [0,0,0,0,0,0,0,0,0,0,0,0,0]
1129 13 12 17 0 0 [500522C244055] [0,0,0,0,0,0,17,17,17,17,0,0,0] [0000010001100] [0,0,0,0,0,0,0,0,0,0,0,0,0]
1130 13 12 17 0 0 [500522C244055] [0,0,0,0,0,0,16,16,16,16,0,0,0] [0000010001100] [0,0,0,0,0,0,0,0,0,0,0,0,0]
1131 13 12 17 0 0 [500522C244055] [0,0,0,0,0,0,15,15,15,15,0,0,0] [0000010001100] [0,0,0,0,0,0,0,0,0,0,0,0,0]
1132 13 12 17 0 0 [500522C244055] [0,0,0,0,0,0,14,14,14,14,0,0,0] [0000010001100] [0,0,0,0,0,0,0,0,0,0,0,0,0]
1133 13 12 17 0 0 [500522C244055] [0,0,0,0,0,0,13,13,13,13,0,0,0] [0000010001100] [0,0,0,0,0,0,0,0,0,0,0,0,0]
1134 13 12 17 0 0 [500522C244055] [0,0,0,0,0,0,12,12,12,12,0,0,0] [0000010001100] [0,0,0,0,0,0,0,0,0,0,0,0,0]
1135 13 12 17 0 0 [500522C244055] [0,0,0,0,0,0,11,11,11,11,0,0,0] [0000010001100] [0,0,0,0,0,0,0,0,0,0,0,0,0]
1136 13 12 17 0 0 [500522C244055] [0,0,0,0,0,0,10,10,10,10,0,0,0] [0000010001100] [0,0,0,0,0,0,0,0,0,0,0,0,0]
1137 13 12 17 0 0 [500522C244055] [0,0,0,0,0,0,9,9,9,9,0,0,0] [0000010001100] [0,0,0,0,0,0,0,0,0,0,0,0,0]
1138 13 12 17 0 0 [500522C244055] [0,0,0,0,0,0,8,8,8,8,0,0,0] [0000010001100] [0,0,0,0,0,0,0,0,0,0,0,0,0]
1139 13 12 17 0 0 [500522C244055] [0,0,0,0,0,0,7,7,7,7,0,0,0] [0000010001100] [0,0,0,0,0,0,0,0,0,0,0,0,0]
1140 13 12 17 0 0 [500522C244055] [0,0,0,0,0,0,6,6,6,6,0,0,0] [0000010001100] [0,0,0,0,0,0,0,0,0,0,0,0,0]
1141 13 12 17 0 0 [500522C244055] [0,0,0,0,0,0,5,5,5,5,0,0,0] [0000010001100] [0,0,0,0,0,0,0,0,0,0,0,0,0]
1142 13 12 17 0 0 [500522C244055] [0,0,0,0,0,0,4,4,4,4,0,0,0] [0000010001100] [0,0,0,0,0,0,0,0,0,0,0,0,0]
1143 13 12 17 0 0 [500522C244055] [0,0,0,0,0,0,3,3,3,3,0,0,0] [0000010001100] [0,0,0,0,0,0,0,0,0,0,0,0,0]
1144 13 12 17 0 0 [500522C244055] [0,0,0,0,0,0,2,2,2,2,0,0,0] [0000010001100] [0,0,0,0,0,0,0,0,0,0,0,0,0]
1145 13 12 17 0 0 [500522C244055] [0,0,0,0,0,0,1,1,1,1,0,0,0] [0000010001100] [0,0,0,0,0,0,0,0,0,0,0,0,0]
1146 13 12 17 0 0 [500522C244055] [0,0,0,0,0,0,0,0,0,0,0,0,0] [0000000000000] [0,0,0,0,0,0,0,0,0,0,0,0,0]
1147 13 12 17 0 0 [500522C244055] [0,0,0,0,0,0,0,0,0,0,0,0,0] [0000000000000] [0,0,0,0,0,0,0,0,0,0,0,0,0]
1148 13 12 17 0 0 [500522C244055] [0,0,0,0,0,0,0,0,0,0,0,0,0] [0000000000000] [0,0,0,0,0,0,0,0,0,0,0,0,0]
1149 13 12 17 0 0 [500522C244055] [0,0,0,0,0,0,0,0,0,0,0,0,0] [0000000000000] [0,0,0,0,0,0,0,0,0,0,0,0,0]
1150 13 12 17 0 0 [500522C244055] [0,0,0,0,0,0,0,0,0,0,0,0,0] [0000000000000] [0,0,0,0,0,0,0,0,0,0,0,0,0]
1151 13 12 17 0 0 [500522C244055] [0,0,0,0,0,0,0,0,0,0,0,0,0] [0000000000000] [0,0,0,0,0,0,0,0,0,0,0,0,0]
1152 13 12 17 0 0 [500522C244055] [0,0,0,0,0,0,0,0,0,0,0,0,0] [0000000000000] [0,0,0,0,0,0,0,0,0,0,0,0,0]
1153 13 12 17 0 0 [500522C244055] [0,0,0,0,0,0,0,0,0,0,0,0,0] [0000000000000] [0,0,0,0,0,0,0,0,0,0,0,0,0]
1154 13 12 17 0 0 [500522C244055] [0,0,0,0,0,0,0,0,0,0,0,0,0] [0000000000000] [0,0,0,0,0,0,0,0,0,0,0,0,0]
1155 13 12 17 0 0 [500522C244055] [0,0,0,0,0,0,0,0,0,0,0,0,0] [0000000000000] [0,0,0,0,0,0,0,0,0,0,0,0,0]
1156 13 12 17 0 0 [500522C244055] [0,0,0,0,0,0,0,0,0,0,0,0,0] [0000000000000] [0,0,0,0,0,0,0,0,0,0,0,0,0]
1157 13 12 17 0 0 [500522C244055] [0,0,0,0,0,0,0,0,0,0,0,0,0] [0000000000000] [0,0,0,0,0,0,0,0,0,0,0,0,0]
1158 13 12 17 0 0 [500522C244055] [0,0,0,0,0,0,0,0,0,0,0,0,0] [0000000000000] [0,0,0,0,0,0,0,0,0,0,0,0,0]
1159 13 12 17 0 0 [500522C244055] [0,0,0,0,0,0,0,0,0,0,0,0,0] [0000000000000] [0,0,0,0,0,0,0,0,0,0,0,0,0]
1160 13 12 17 0 0 [500522C244055] [0,0,0,0,0,0,0,0,0,0,0,0,0] [0000000000000] [0,0,0,0,0,0,0,0,0,0,0,0,0]
1161 13 12 17 0 0 [500522C244055] [0,0,0,0,0,0,0,0,0,0,0,0,0] [0000000000000] [0,0,0,0,0,0,0,0,0,0,0,0,0]
1162 13 12 17 0 0 [500522C244055] [0,0,0,0,0,0,0,0,0,0,0,0,0] [0000000000000] [0,0,0,0,0,0,0,0,0,0,0,0,0]
1163 13 12 17 0 0 [500522C244055] [0,0,0,0,0,0,0,0,0,0,0,0,0] [0000000000000] [0,0,0,0,0,0,0,0,0,0,0,0,0]
1164 13 12 18 0 0 [500522C244055] [0,0,0,0,0,0,0,0,0,0,0,0,0] [0000000000000] [0,0,0,0,0,0,0,0,0,0,0,0,0]
1165 13 12 19 0 0 [500522C244055] [0,0,0,0,0,0,0,0,0,0,0,0,0] [0000000000000] [0,0,0,0,0,0,0,0,0,0,0,0,0]
1166 13 12 20 0 0 [500522C244055] [0,0,0,0,0,0,0,0,0,0,0,0,0] [0000000000000] [0,0,0,0,0,0,0,0,0,0,0,0,0]
1167 13 12 21 0 0 [500522C244055] [0,0,0,0,0,0,0,0,0,0,0,0,0] [0000000000000] [0,0,0,0,0,0,0,0,0,0,0,0,0]
1168 13 12 22 0 0 [500522C244055] [0,0,0,0,0,0,0,0,0,0,0,0,0] [0000000000000] [0,0,0,0,0,0,0,0,0,0,0,0,0]
1169 13 12 23 0 0 [500522C244055] [0,0,0,0,0,0,0,0,0,0,0,0,0] [0000000000000] [0,0,0,0,0,0,0,0,0,0,0,0,0]
1170 13 12 24 0 0 [500522C244055] [0,0,0,0,0,0,0,0,0,0,0,0,0] [0000000000000] [0,0,0,0,0,0,0,0,0,0,0,0,0]
1171 13 12 25 0 0 [500522C244055] [0,0,0,0,0,0,0,0,0,0,0,0,0] [0000000000000] [0,0,0,0,0,0,0,0,0,0,0,0,0]
1172 13 12 26 0 0 [500522C244055] [0,0,0,0,0,0,0,0,0,0,0,0,0] [0000000000000] [0,0,0,0,0,0,0,0,0,0,0,0,0]
1173 13 12 27 0 0 [500522C244055] [0,0,0,0,0,0,0,0,0,0,0,0,0] [0000000000000] [0,0,0,0,0,0,0,0,0,0,0,0,0]
1174 13 12 28 0 0 [500522C244055] [0,0,0,0,0,0,0,0,0,0,0,0,0] [0000000000000] [0,0,0,0,0,0,0,0,0,0,0,0,0]
1175 13 12 29 0 0 [500522C244055] [0,0,0,0,0,0,0,0,0,0,0,0,0] [0000000000000] [0,0,0,0,0,0,0,0,0,0,0,0,0]
1176 13 12 30 0 0 [500522C244055] [0,0,0,0,0,0,0,0,0,0,0,0,0] [0000000000000] [0,0,0,0,0,0,0,0,0,0,0,0,0]
1177 13 12 31 0 0 [500522C244055] [0,0,0,0,0,0,0,0,0,0,0,0,0] [0000000000000] [0,0,0,0,0,0,0,0,0,0,0,0,0]
1178 13 12 32 0 0 [500522C244055] [0,0,0,0,0,0,0,0,0,0,0,0,0] [0000000000000] [0,0,0,0,0,0,0,0,0,0,0,0,0]
1179 13 12 33 0 0 [500522C244055] [0,0,0,0,0,0,0,0,0,0,0,0,0] [0000000000000] [0,0,0,0,0,0,0,0,0,0,0,0,0]
1180 13 12 34 0 0 [500522C244055] [0,0,0,0,0,0,0,0,0,0,0,0,0] [0000000000000] [0,0,0,0,0,0,0,0,0,0,0,0,0]
1181 13 12 35 0 0 [500522C244055] [0,0,0,0,0,0,0,0,0,0,0,0,0] [0000000000000] [0,0,0,0,0,0,0,0,0,0,0,0,0]
1182 13 12 36 0 0 [500522C244055] [0,0,0,0,0,0,0,0,0,0,0,0,0] [0000000000000] [0,0,0,0,0,0,0,0,0,0,0,0,0]
1183 13 12 37 0 0 [500522C244055] [0,0,0,0,0,0,0,0,0,0,0,0,0] [0000000000000] [0,0,0,0,0,0,0,0,0,0,0,0,0]
1184 13 12 38 0 0 [500522C244055] [0,0,0,0,0,0,0,0,0,0,0,0,0] [0000000000000] [0,0,0,0,0,0,0,0,0,0,0,0,0]
1185 13 12 39 0 0 [500522C244055] [0,0,0,0,0,0,0,0,0,0,0,0,0] [0000000000000] [0,0,0,0,0,0,0,0,0,0,0,0,0]
1186 13 12 40 0 0 [500522C244055] [0,0,0,0,0,0,0,0,0,0,0,0,0] [0000000000000] [0,0,0,0,0,0,0,0,0,0,0,0,0]
1187 13 12 41 0 0 [500522C244055] [0,0,0,0,0,0,0,0,0,0,0,0,0] [0000000000000] [0,0,0,0,0,0,0,0,0,0,0,0,0]
1188 13 12 42 0 0 [500522C244055] [0,0,0,0,0,0,0,0,0,0,0,0,0] [0000000000000] [0,0,0,0,0,0,0,0,0,0,0,0,0]
1189 13 12 43 0 0 [500522C244055] [0,0,0,0,0,0,0,0,0,0,0,0,0] [0000000000000] [0,0,0,0,0,0,0,0,0,0,0,0,0]
1190 13 12 44 0 0 [500522C244055] [0,0,0,0,0,0,0,0,0,0,0,0,0] [0000000000000] [0,0,0,0,0,0,0,0,0,0,0,0,0]
1191 13 12 45 0 0 [500522C244055] [0,0,0,0,0,0,0,0,0,0,0,0,0] [0000000000000] [0,0,0,0,0,0,0,0,0,0,0,0,0]
1192 13 12 46 0 0 [500522C244055] [0,0,0,0,0,0,0,0,0,0,0,0,0] [0000000000000] [0,0,0,0,0,0,0,0,0,0,0,0,0]
1193 13 12 47 0 0 [500522C244055] [0,0,0,0,0,0,0,0,0,0,0,0,0] [0000000000000] [0,0,0,0,0,0,0,0,0,0,0,0,0]
1194 13 12 48 0 0 [500522C244055] [0,0,0,0,0,0,0,0,0,0,0,0,0] [0000000000000] [0,0,0,0,0,0,0,0,0,0,0,0,0]
1195 13 12 49 0 0 [500522C244055] [0,0,0,0,0,0,0,0,0,0,0,0,0] [0000000000000] [0,0,0,0,0,0,0,0,0,0,0,0,0]
1196 13 12 50 0 0 [500522C244055] [0,0,0,0,0,0,0,0,0,0,0,0,0] [0000000000000] [0,0,0,0,0,0,0,0,0,0,0,0,0]
1197 13 12 51 0 0 [500522C244055] [0,0,0,0,0,0,0,0,0,0,0,0,0] [0000000000000] [0,0,0,0,0,0,0,0,0,0,0,0,0]
1198 13 12 52 0 0 [500522C244055] [0,0,0,0,0,0,0,0,0,0,0,0,0] [0000000000000] [0,0,0,0,0,0,0,0,0,0,0,0,0]
1199 13 12 53 0 0 [500522C244055] [0,0,0,0,0,0,0,0,0,0,0,0,0] [0000000000000] [0,0,0,0,0,0,0,0,0,0,0,0,0]
1200 13 12 54 0 0 [500522C244055] [0,0,0,0,0,0,0,0,0,0,0,0,0] [0000000000000] [0,0,0,0,0,0,0,0,0,0,0,0,0]
1201 13 12 55 0 0 [500522C244055] [0,0,0,0,0,0,0,0,0,0,0,0,0] [0000000000000] [0,0,0,0,0,0,0,0,0,0,0,0,0]
1202 13 12 56 0 0 [500522C244055] [0,0,0,0,0,0,0,0,0,0,0,0,0] [0000000000000] [0,0,0,0,0,0,0,0,0,0,0,0,0]
1203 13 12 57 0 0 [500522C244055] [0,0,0,0,0,0,0,0,0,0,0,0,0] [0000000000000] [0,0,0,0,0,0,0,0,0,0,0,0,0]
1204 13 12 58 0 0 [500522C244055] [0,0,0,0,0,0,0,0,0,0,0,0,0] [0000000000000] [0,0,0,0,0,0,0,0,0,0,0,0,0]
1205 13 12 59 0 0 [500522C244055] [0,0,0,0,0,0,0,0,0,0,0,0,0] [0000000000000] [0,0,0,0,0,0,0,0,0,0,0,0,0]
1206 13 12 60 0 0 [500522C244055] [0,0,0,0,0,0,0,0,0,0,0,0,0] [0000000000000] [0,0,0,0,0,0,0,0,0,0,0,0,0]
1207 13 12 61 0 0 [500522C244055] [0,0,0,0,0,0,0,0,0,0,0,0,0] [0000000000000] [0,0,0,0,0,0,0,0,0,0,0,0,0]
1208 13 12 62 0 0 [500522C244055] [0,0,0,0,0,0,0,0,0,0,0,0,0] [0000000000000] [0,0,0,0,0,0,0,0,0,0,0,0,0]
1209 13 12 63 0 0 [500522C244055] [0,0,0,0,0,0,0,0,0,0,0,0,0] [0000000000000] [0,0,0,0,0,0,0,0,0,0,0,0,0]
1210 12 12 0 0 0 [500522244055] [64,64,64,64,64,64,0,0,0,0,0,0] [000001100000] [0,0,0,0,0,0,0,0,0,0,0,0]
1211 13 12 0 0 0 [5005222440554] [63,63,63,63,63,63,0,0,0,0,0,0,0] [0000011000000] [0,0,0,0,0,0,0,0,0,0,0,0,0]
1212 13 12 0 0 0 [5005222440554] [62,62,62,62,62,62,0,0,0,0,0,0,0] [0000011000000] [0,0,0,0,0,0,0,0,0,0,0,0,0]
1213 13 12 0 0 0 [5005222440554] [61,61,61,61,61,61,0,0,0,0,0,0,0] [0000011000000] [0,0,0,0,0,0,0,0,0,0,0,0,0]
1214 13 12 0 0 0 [5005222440554] [60,60,60,60,60,60,0,0,0,0,0,0,0] [0000011000000] [0,0,0,0,0,0,0,0,0,0,0,0,0]
1215 13 12 0 0 0 [5005222440554] [59,59,59,59,59,59,0,0,0,0,0,0,0] [0000011000000] [0,0,0,0,0,0,0,0,0,0,0,0,0]
1216 13 12 0 0 0 [5005222440554] [58,58,58,58,58,58,0,0,0,0,0,0,0] [0000011000000] [0,0,0,0,0,0,0,0,0,0,0,0,0]
1217 13 12 0 0 0 [5005222440554] [57,57,57,57,57,57,0,0,0,0,0,0,0] [0000011000000] [0,0,0,0,0,0,0,0,0,0,0,0,0]
1218 13 12 0 0 0 [5005222440554] [56,56,56,56,56,56,0,0,0,0,0,0,0] [0000011000000] [0,0,0,0,0,0,0,0,0,0,0,0,0]
1219 13 12 0 0 0 [5005222440554] [55,55,55,55,55,55,0,0,0,0,0,0,0] [0000011000000] [0,0,0,0,0,0,0,0,0,0,0,0,0]
1220 13 12 0 0 0 [5005222440554] [54,54,54,54,54,54,0,0,0,0,0,0,0] [0000011000000] [0,0,0,0,0,0,0,0,0,0,0,0,0]
1221 13 12 0 0 0 [5005222440554] [53,53,53,53,53,53,0,0,0,0,0,0,0] [0000011000000] [0,0,0,0,0,0,0,0,0,0,0,0,0]
1222 13 12 0 0 0 [5005222440554] [52,52,52,52,52,52,0,0,0,0,0,0,0] [0000011000000] [0,0,0,0,0,0,0,0,0,0,0,0,0]
1223 13 12 0 0 0 [5005222440554] [51,51,51,51,51,51,0,0,0,0,0,0,0] [0000011000000] [0,0,0,0,0,0,0,0,0,0,0,0,0]
1224 13 12 0 0 0 [5005222440554] [50,50,50,50,50,50,0,0,0,0,0,0,0] [0000011000000] [0,0,0,0,0,0,0,0,0,0,0,0,0]
1225 13 12 0 0 0 [5005222440554] [49,49,49,49,49,49,0,0,0,0,0,0,0] [0000011000000] [0,0,0,0,0,0,0,0,0,0,0,0,0]
1226 13 12 0 0 0 [5005222440554] [48,48,48,48,48,48,0,0,0,0,0,0,0] [0000011000000] [0,0,0,0,0,0,0,0,0,0,0,0,0]
1227 13 12 0 0 0 [5005222440554] [47,47,47,47,47,47,0,0,0,0,0,0,0] [0000011000000] [0,0,0,0,0,0,0,0,0,0,0,0,0]
1228 13 12 0 0 0 [5005222440554] [46,46,46,46,46,46,0,0,0,0,0,0,0] [0000011000000] [0,0,0,0,0,0,0,0,0,0,0,0,0]
1229 13 12 0 0 0 [5005222440554] [45,45,45,45,45,45,0,0,0,0,0,0,0] [0000011000000] [0,0,0,0,0,0,0,0,0,0,0,0,0]
1230 13 12 0 0 0 [5005222440554] [44,44,44,44,44,44,0,0,0,0,0,0,0] [0000011000000] [0,0,0,0,0,0,0,0,0,0,0,0,0]
1231 13 12 0 0 0 [5005222440554] [43,43,43,43,43,43,0,0,0,0,0,0,0] [0000011000000] [0,0,0,0,0,0,0,0,0,0,0,0,0]
1232 13 12 0 0 0 [5005222440554] [42,42,42,42,42,42,0,0,0,0,0,0,0] [0000011000000] [0,0,0,0,0,0,0,0,0,0,0,0,0]
1233 13 12 0 0 0 [5005222440554] [41,41,41,41,41,41,0,0,0,0,0,0,0] [0000011000000] [0,0,0,0,0,0,0,0,0,0,0,0,0]
1234 13 12 0 0 0 [5005222440554] [40,40,40,40,40,40,0,0,0,0,0,0,0] [0000011000000] [0,0,0,0,0,0,0,0,0,0,0,0,0]
1235 13 12 0 0 0 [5005222440554] [39,39,39,39,39,39,0,0,0,0,0,0,0] [0000011000000] [0,0,0,0,0,0,0,0,0,0,0,0,0]
1236 13 12 0 0 0 [5005222440554] [38,38,38,38,38,38,0,0,0,0,0,0,0] [0000011000000] [0,0,0,0,0,0,0,0,0,0,0,0,0]
1237 13 12 0 0 0 [5005222440554] [37,37,37,37,37,37,0,0,0,0,0,0,0] [0000011000000] [0,0,0,0,0,0,0,0,0,0,0,0,0]
1238 13 12 0 0 0 [5005222440554] [36,36,36,36,36,36,0,0,0,0,0,0,0] [0000011000000] [0,0,0,0,0,0,0,0,0,0,0,0,0]
1239 13 12 0 0 0 [5005222440554] [35,35,35,35,35,35,0,0,0,0,0,0,0] [0000011000000] [0,0,0,0,0,0,0,0,0,0,0,0,0]
1240 13 12 0 0 0 [5005222440554] [34,34,34,34,34,34,0,0,0,0,0,0,0] [0000011000000] [0,0,0,0,0,0,0,0,0,0,0,0,0]
1241 13 12 0 0 0 [5005222440554] [33,33,33,33,33,33,0,0,0,0,0,0,0] [0000011000000] [0,0,0,0,0,0,0,0,0,0,0,0,0]
1242 13 12 0 0 0 [5005222440554] [32,32,32,32,32,32,0,0,0,0,0,0,0] [0000011000000] [0,0,0,0,0,0,0,0,0,0,0,0,0]
1243 13 12 0 0 0 [5005222440554] [31,31,31,31,31,31,0,0,0,0,0,0,0] [0000011000000] [0,0,0,0,0,0,0,0,0,0,0,0,0]
1244 13 12 0 0 0 [5005222440554] [30,30,30,30,30,30,0,0,0,0,0,0,0] [0000011000000] [0,0,0,0,0,0,0,0,0,0,0,0,0]
1245 13 12 0 0 0 [5005222440554] [29,29,29,29,29,29,0,0,0,0,0,0,0] [0000011000000] [0,0,0,0,0,0,0,0,0,0,0,0,0]
1246 13 12 0 0 0 [5005222440554] [28,28,28,28,28,28,0,0,0,0,0,0,0] [0000011000000] [0,0,0,0,0,0,0,0,0,0,0,0,0]
1247 13 12 0 0 0 [5005222440554] [27,27,27,27,27,27,0,0,0,0,0,0,0] [0000011000000] [0,0,0,0,0,0,0,0,0,0,0,0,0]
1248 13 12 0 0 0 [5005222440554] [26,26,26,26,26,26,0,0,0,0,0,0,0] [0000011000000] [0,0,0,0,0,0,0,0,0,0,0,0,0]
1249 13 12 0 0 0 [5005222440554] [25,25,25,25,25,25,0,0,0,0,0,0,0] [0000011000000] [0,0,0,0,0,0,0,0,0,0,0,0,0]
1250 13 12 0 0 0 [5005222440554] [24,24,24,24,24,24,0,0,0,0,0,0,0] [0000011000000] [0,0,0,0,0,0,0,0,0,0,0,0,0]
1251 13 12 0 0 0 [5005222440554] [23,23,23,23,23,23,0,0,0,0,0,0,0] [0000011000000] [0,0,0,0,0,0,0,0,0,0,0,0,0]
1252 13 12 0 0 0 [5005222440554] [22,22,22,22,22,22,0,0,0,0,0,0,0] [0000011000000] [0,0,0,0,0,0,0,0,0,0,0,0,0]
1253 13 12 0 0 0 [5005222440554] [21,21,21,21,21,21,0,0,0,0,0,0,0] [0000011000000] [0,0,0,0,0,0,0,0,0,0,0,0,0]
1254 13 12 0 0 0 [5005222440554] [20,20,20,20,20,20,0,0,0,0,0,0,0] [0000011000000] [0,0,0,0,0,0,0,0,0,0,0,0,0]
1255 13 12 0 0 0 [5005222440554] [19,19,19,19,19,19,0,0,0,0,0,0,0] [0000011000000] [0,0,0,0,0,0,0,0,0,0,0,0,0]
1256 13 12 0 0 0 [5005222440554] [18,18,18,18,18,18,0,0,0,0,0,0,0] [0000011000000] [0,0,0,0,0,0,0,0,0,0,0,0,0]
1257 13 12 0 0 0 [5005222440554] [17,17,17,17,17,17,0,0,0,0,0,0,0] [0000011000000] [0,0,0,0,0,0,0,0,0,0,0,0,0]
1258 13 12 0 0 0 [5005222440554] [16,16,16,16,16,16,0,0,0,0,0,0,0] [0000011000000] [0,0,0,0,0,0,0,0,0,0,0,0,0]
1259 13 12 0 0 0 [5005SSS440554] [15,15,15,15,0,0,0,0,0,0,0,0,0] [0001000100000] [0,0,0,0,0,0,0,0,0,0,0,0,0]
1260 12 11 0 0 0 [5005SS440554] [64,64,64,64,64,64,0,0,0,0,0,0] [000100100000] [0,0,0,0,0,0,0,0,0,0,0,0]
1261 12 11 0 0 0 [5005SS440554] [63,63,63,63,63,63,0,0,0,0,0,0] [000100100000] [0,0,0,0,0,0,0,0,0,0,0,0]
1262 12 11 0 0 0 [5005SS440554] [62,62,62,62,62,62,0,0,0,0,0,0] [000100100000] [0,0,0,0,0,0,0,0,0,0,0,0]
1263 12 11 0 0 0 [5005SS440554] [61,61,61,61,61,61,0,0,0,0,0,0] [000100100000] [0,0,0,0,0,0,0,0,0,0,0,0]
1264 12 11 0 0 0 [5005SS440554] [60,60,60,60,60,60,0,0,0,0,0,0] [000100100000] [0,0,0,0,0,0,0,0,0,0,0,0]
1265 12 11 0 0 0 [5005SS440554] [59,59,59,59,59,59,0,0,0,0,0,0] [000100100000] [0,0,0,0,0,0,0,0,0,0,0,0]
1266 12 11 0 0 0 [5005SS440554] [58,58,58,58,58,58,0,0,0,0,0,0] [000100100000] [0,0,0,0,0,0,0,0,0,0,0,0]
1267 12 11 0 0 0 [5005SS440554] [57,57,57,57,57,57,0,0,0,0,0,0] [000100100000] [0,0,0,0,0,0,0,0,0,0,0,0]
1268 12 11 0 0 0 [5005SS440554] [56,56,56,56,56,56,0,0,0,0,0,0] [000100100000] [0,0,0,0,0,0,0,0,0,0,0,0]
1269 12 11 0 0 0 [5005SS440554] [55,55,55,55,55,55,0,0,0,0,0,0] [000100100000] [0,0,0,0,0,0,0,0,0,0,0,0]
1270 12 11 0 0 0 [5005SS440554] [54,54,54,54,54,54,0,0,0,0,0,0] [000100100000] [0,0,0,0,0,0,0,0,0,0,0,0]
1271 12 11 0 0 0 [5005SS440554] [53,53,53,53,53,53,0,0,0,0,0,0] [000100100000] [0,0,0,0,0,0,0,0,0,0,0,0]
1272 12 11 0 0 0 [5005SS440554] [52,52,52,52,52,52,0,0,0,0,0,0] [000100100000] [0,0,0,0,0,0,0,0,0,0,0,0]
1273 12 11 0 0 0 [5005SS440554] [51,51,51,51,51,51,0,0,0,0,0,0] [000100100000] [0,0,0,0,0,0,0,0,0,0,0,0]
1274 12 11 0 0 0 [5005SS440554] [50,50,50,50,50,50,0,0,0,0,0,0] [000100100000] [0,0,0,0,0,0,0,0,0,0,0,0]
1275 12 11 1 0 0 [5005SS440554] [49,49,49,49,49,49,0,0,0,0,0,0] [000100100000] [0,0,0,0,0,0,0,0,0,0,0,0]
1276 12 11 2 0 0 [5005SS440554] [48,48,48,48,48,48,0,0,0,0,0,0] [000100100000] [0,0,0,0,0,0,0,0,0,0,0,0]
1277 12 11 3 0 0 [5005SS440554] [47,47,47,47,47,47,0,0,0,0,0,0] [000100100000] [0,0,0,0,0,0,0,0,0,0,0,0]
1278 12 11 4 0 0 [5005SS440554] [46,46,46,46,46,46,0,0,0,0,0,0] [000100100000] [0,0,0,0,0,0,0,0,0,0,0,0]
1279 12 11 5 0 0 [5005SS440554] [45,45,45,45,45,45,0,0,0,0,0,0] [000100100000] [0,0,0,0,0,0,0,0,0,0,0,0]
1280 12 11 6 0 0 [5005SS440554] [44,44,44,44,44,44,0,0,0,0,0,0] [000100100000] [0,0,0,0,0,0,0,0,0,0,0,0]
1281 12 11 7 0 0 [5005SS440554] [43,43,43,43,43,43,0,0,0,0,0,0] [000100100000] [0,0,0,0,0,0,0,0,0,0,0,0]
1282 12 11 8 0 0 [5005SS440554] [42,42,42,42,42,42,0,0,0,0,0,0] [000100100000] [0,0,0,0,0,0,0,0,0,0,0,0]
1283 12 11 9 0 0 [5005SS440554] [41,41,41,41,41,41,0,0,0,0,0,0] [000100100000] [0,0,0,0,0,0,0,0,0,0,0,0]
1284 12 11 10 0 0 [5005SS440554] [40,40,40,40,40,40,0,0,0,0,0,0] [000100100000] [0,0,0,0,0,0,0,0,0,0,0,0]
1285 12 11 11 0 0 [5005SS440554] [39,39,39,39,39,39,0,0,0,0,0,0] [000100100000] [0,0,0,0,0,0,0,0,0,0,0,0]
1286 12 11 12 0 0 [5005SS440554] [38,38,38,38,38,38,0,0,0,0,0,0] [000100100000] [0,0,0,0,0,0,0,0,0,0,0,0]
1287 12 11 13 0 0 [5005SS440554] [37,37,37,37,37,37,0,0,0,0,0,0] [000100100000] [0,0,0,0,0,0,0,0,0,0,0,0]
1288 12 11 14 0 0 [5005SS440554] [36,36,36,36,36,36,0,0,0,0,0,0] [000100100000] [0,0,0,0,0,0,0,0,0,0,0,0]
1289 12 11 15 0 0 [5005SS440554] [35,35,35,35,35,35,0,0,0,0,0,0] [000100100000] [0,0,0,0,0,0,0,0,0,0,0,0]
1290 12 11 16 0 0 [5005SS440554] [34,34,34,34,34,34,0,0,0,0,0,0] [000100100000] [0,0,0,0,0,0,0,0,0,0,0,0]
1291 12 11 17 0 0 [5005SS440554] [33,33,33,33,33,33,0,0,0,0,0,0] [000100100000] [0,0,0,0,0,0,0,0,0,0,0,0]
1292 12 11 18 0 0 [5005SS440554] [32,32,32,32,32,32,0,0,0,0,0,0] [000100100000] [0,0,0,0,0,0,0,0,0,0,0,0]
1293 12 11 19 0 0 [5005SS440554] [31,31,31,31,31,31,0,0,0,0,0,0] [000100100000] [0,0,0,0,0,0,0,0,0,0,0,0]
1294 12 11 20 0 0 [5005SS440554] [30,30,30,30,30,30,0,0,0,0,0,0] [000100100000] [0,0,0,0,0,0,0,0,0,0,0,0]
1295 12 11 21 0 0 [5005SS440554] [29,29,29,29,29,29,0,0,0,0,0,0] [000100100000] [0,0,0,0,0,0,0,0,0,0,0,0]
1296 12 11 22 0 0 [5005SS440554] [28,28,28,28,28,28,0,0,0,0,0,0] [000100100000] [0,0,0,0,0,0,0,0,0,0,0,0]
1297 12 11 23 0 0 [5005SS440554] [27,27,27,27,27,27,0,0,0,0,0,0] [000100100000] [0,0,0,0,0,0,0,0,0,0,0,0]
1298 12 11 24 0 0 [5005SS440554] [26,26,26,26,26,26,0,0,0,0,0,0] [000100100000] [0,0,0,0,0,0,0,0,0,0,0,0]
1299 12 11 25 0 0 [5005SS440554] [25,25,25,25,25,25,0,0,0,0,0,0] [000100100000] [0,0,0,0,0,0,0,0,0,0,0,0]
1300 12 11 26 0 0 [5005SS440554] [24,24,24,24,24,24,0,0,0,0,0,0] [000100100000] [0,0,0,0,0,0,0,0,0,0,0,0]
1301 12 11 27 0 0 [5005SS440554] [23,23,23,23,23,23,0,0,0,0,0,0] [000100100000] [0,0,0,0,0,0,0,0,0,0,0,0]
1302 12 11 28 0 0 [5005SS440554] [22,22,22,22,22,22,0,0,0,0,0,0] [000100100000] [0,0,0,0,0,0,0,0,0,0,0,0]
1303 12 11 29 0 0 [5005SS440554] [21,21,21,21,21,21,0,0,0,0,0,0] [000100100000] [0,0,0,0,0,0,0,0,0,0,0,0]
1304 12 11 30 0 0 [5005SS440554] [20,20,20,20,20,20,0,0,0,0,0,0] [000100100000] [0,0,0,0,0,0,0,0,0,0,0,0]
1305 12 11 31 0 0 [5005SS440554] [19,19,19,19,19,19,0,0,0,0,0,0] [000100100000] [0,0,0,0,0,0,0,0,0,0,0,0]
1306 12 11 32 0 0 [5005SS440554] [18,18,18,18,18,18,0,0,0,0,0,0] [000100100000] [0,0,0,0,0,0,0,0,0,0,0,0]
1307 12 11 33 0 0 [5005SS440554] [17,17,17,17,17,17,0,0,0,0,0,0] [000100100000] [0,0,0,0,0,0,0,0,0,0,0,0]
1308 12 11 34 0 0 [5005SS440554] [16,16,16,16,16,16,0,0,0,0,0,0] [000100100000] [0,0,0,0,0,0,0,0,0,0,0,0]
1309 12 11 35 0 0 [5005SS440554] [15,15,15,15,15,15,0,0,0,0,0,0] [000100100000] [0,0,0,0,0,0,0,0,0,0,0,0]
1310 12 11 36 0 0 [5005SS440554] [14,14,14,14,14,14,0,0,0,0,0,0] [000100100000] [0,0,0,0,0,0,0,0,0,0,0,0]
1311 12 11 37 0 0 [5005SS440554] [13,13,13,13,13,13,0,0,0,0,0,0] [000100100000] [0,0,0,0,0,0,0,0,0,0,0,0]
1312 12 11 38 0 0 [5005SS440554] [12,12,12,12,12,12,0,0,0,0,0,0] [000100100000] [0,0,0,0,0,0,0,0,0,0,0,0]
1313 12 11 39 0 0 [5005SS440554] [11,11,11,11,11,11,0,0,0,0,0,0] [000100100000] [0,0,0,0,0,0,0,0,0,0,0,0]
1314 12 11 40 0 0 [5005SS440554] [10,10,10,10,10,10,0,0,0,0,0,0] [000100100000] [0,0,0,0,0,0,0,0,0,0,0,0]
1315 12 11 41 0 0 [5005SS440554] [9,9,9,9,9,9,0,0,0,0,0,0] [000100100000] [0,0,0,0,0,0,0,0,0,0,0,0]
1316 12 11 42 0 0 [5005SS440554] [8,8,8,8,8,8,0,0,0,0,0,0] [000100100000] [0,0,0,0,0,0,0,0,0,0,0,0]
1317 12 11 43 0 0 [5005SS440554] [7,7,7,7,7,7,0,0,0,0,0,0] [000100100000] [0,0,0,0,0,0,0,0,0,0,0,0]
1318 12 11 44 0 0 [5005SS440554] [6,6,6,6,6,6,0,0,0,0,0,0] [000100100000] [0,0,0,0,0,0,0,0,0,0,0,0]
