# file opened: zuma_new_spg.asm
   1  0000              ; ===========================================================================
   2  0000              ; ZUMA DELUXE - TS-Config (ПОЛНАЯ ИГРА)
   3  0000              ; ===========================================================================
   4  0000
   5  0000                  DEVICE ZXSPECTRUM1024          ; SPG-сборка: 64 страницы (для двух canvas-экранов)
   6  0000                  OPT --syntax=ab
   7  0000
   8  0000              ; ================================================================
   9  0000              ; ПОРТЫ (TS-CONFIG)
  10  0000              ; ================================================================
  11  0000              VCONFIG  EQU #00AF
  12  0000              VPAGE    EQU #01AF
  13  0000              TSCONFIG EQU #06AF
  14  0000              PALSEL   EQU #07AF
  15  0000              FMADDR   EQU #15AF
  16  0000              SYSCONG  EQU #20AF
  17  0000              PAGE0    EQU #10AF
  18  0000              PAGE1    EQU #11AF
  19  0000              PAGE2    EQU #12AF
  20  0000              PAGE3    EQU #13AF
  21  0000              INTMASK  EQU #2AAF       ; маска IRQ: бит 0=frame, бит 1=line, бит 2=DMA
  22  0000              INTMSKF  EQU %00000001   ; включить только frame IRQ (vsync, 50 Гц)
  23  0000              TMPAGE   EQU #16AF
  24  0000              T0GPAGE  EQU #17AF
  25  0000              SGPAGE   EQU #19AF
  26  0000              T0XOFSL  EQU #40AF
  27  0000              T0XOFSH  EQU #41AF
  28  0000              T0YOFSL  EQU #42AF
  29  0000              T0YOFSH  EQU #43AF
  30  0000
  31  0000              ; ================================================================
  32  0000              ; DMA (TS-Conf) — для блита шаров цепочки в canvas
  33  0000              ; ================================================================
  34  0000              DMASADL  EQU #1AAF
  35  0000              DMASADH  EQU #1BAF
  36  0000              DMASADX  EQU #1CAF
  37  0000              DMADADL  EQU #1DAF
  38  0000              DMADADH  EQU #1EAF
  39  0000              DMADADX  EQU #1FAF
  40  0000              DMALEN   EQU #26AF
  41  0000              DMACTR   EQU #27AF
  42  0000              DMASTAT  EQU #27AF
  43  0000              DMANUM   EQU #28AF
  44  0000              DMAWNR   EQU #80
  45  0000              DMA_BLT_8BPP_MODE     EQU #B9    ; BLT1 + SALG + DALG + ASZ (с прозрачностью src=0)
  46  0000              DMA_BLT_NOTRANSP_MODE EQU #B1    ; BLT0 + SALG + DALG (БЕЗ прозрачности — для full copy)
  47  0000
  48  0000              ; --- Геометрия DMA-шара ---
  49  0000              ; Шар BALL_PIX × BALL_PIX (18×18). Решение X×2 granularity (Слободчиков):
  50  0000              ; 2 варианта спрайта на цвет:
  51  0000              ;   even — ball на col 0..BALL_PIX-1, col BALL_PIX..BALL_PIX+1 = pad (всё равно не
  52  0000              ;          копируется DMA: burst = BALL_PIX/2 words).
  53  0000              ;   odd  — ball сдвинут на +1 px ВНУТРИ спрайта: col 0 = transparent, ball на
  54  0000              ;          col 1..BALL_PIX (для odd последний pixel ball'а орig[BALL_PIX-1] оказывается
  55  0000              ;          на col BALL_PIX и DMA не копирует его → теряем 1 px по правому краю
  56  0000              ;          шара. На circular-mask edge это обычно прозрачный пиксель).
  57  0000              ; При blit'е: dst_X = X & #FE, sprite = (X & 1) ? odd : even.
  58  0000              ; Burst = BALL_PIX/2 words (= ширина DMA-копии = BALL_PIX px). Тот же overhead
  59  0000              ; что и до X-granularity workaround.
  60  0000              BALL_PIX           EQU 20       ; DMA-burst width в px (DMA_SPRITE_HALF=10, чтобы trackX=10 не уходил в TmpChainX<0 → preserve gap)
  61  0000              DMA_SPRITE_HALF    EQU BALL_PIX / 2          ; 9 — top-left offset = X - DMA_SPRITE_HALF
  62  0000              DMA_BURST_WORDS    EQU BALL_PIX / 2          ; 9 words в burst (DMA копирует BALL_PIX px по X)
  63  0000              CANVAS_W           EQU 360
  64  0000              CANVAS_H           EQU 288
  65  0000              ; Ограничение по X: dst_X = X & #FE, DMA пишет dst_X..dst_X+BALL_PIX-1.
  66  0000              ; Условие видимости: dst_X+BALL_PIX <= CANVAS_W → X & #FE <= CANVAS_W-BALL_PIX.
  67  0000              ; X = CANVAS_W-BALL_PIX+1 даёт dst_X = CANVAS_W-BALL_PIX — допустимо.
  68  0000              DMA_X_MAX          EQU CANVAS_W - BALL_PIX + 2    ; 344 — X >= этого значит шар выходит за правый край
  69  0000
  70  0000              BALLS_DMA_EVEN_PAGE EQU #40    ; #40..#45 — even спрайты 6 цветов (col 0..17 = шар)
  71  0000              BALLS_DMA_ODD_PAGE  EQU #48    ; #48..#4D — odd спрайты (col 1..17 = шар сдвинут +1, col 18+ обрезается DMA-burst'ом)
  72  0000              CANVAS_A_PAGE_BASE EQU #10    ; visible canvas pages #10..#18 (9 pages × 16K)
  73  0000
  74  0000              ; ================================================================
  75  0000              ; ПОРТЫ КЛАВИАТУРЫ
  76  0000              ; ================================================================
  77  0000              KEY_O     EQU #DFFE   ; Бит 1 - влево
  78  0000              KEY_P     EQU #DFFE   ; Бит 0 - вправо
  79  0000              KEY_SPACE EQU #7FFE   ; Бит 0 - пробел (выстрел)
  80  0000
  81  0000              ; ================================================================
  82  0000              ; ПОРТЫ МЫШИ (Kempston Mouse — ZX Evolution / UnrealSpeccy)
  83  0000              ; ================================================================
  84  0000              MOUSE_X   EQU #FBDF   ; X счётчик (8-bit, относительный)
  85  0000              MOUSE_Y   EQU #FFDF   ; Y счётчик (8-bit, относительный)
  86  0000              MOUSE_BTN EQU #FADF   ; Кнопки: бит 0 = правая, бит 1 = левая (1=нажата)
  87  0000
  88  0000              ; ================================================================
  89  0000              ; КОНСТАНТЫ
  90  0000              ; ================================================================
  91  0000              FM_EN    EQU #10    ; %00010000 — FMEN: включает FM доступ (#0000=CRAM, #0200=SFILE)
  92  0000              GFX_PAGE EQU 8
  93  0000              MAP_PAGE EQU 9
  94  0000
  95  0000              ; TSU SPSIZE / SPACT / SPLEAP
  96  0000              SPSIZ8   EQU #00    ; размер 8
  97  0000              SPSIZ16  EQU #02    ; размер 16
  98  0000              SPSIZ24  EQU #04    ; размер 24
  99  0000              SPSIZ32  EQU #06    ; размер 32
 100  0000              SPACT    EQU #20    ; бит ACT — спрайт включён
 101  0000              SPLEAP   EQU #40    ; «sprite is last in current layer» (на это полагаться нельзя
 102  0000                                  ; в нашей реализации — оставлено как константа, не используется)
 103  0000
 104  0000              ; Раскладка SFILE (85 descriptors × 6 байт = 510 байт #0200..#03FD).
 105  0000              ; TSU рендерит descriptors в порядке SFILE, ПОЗДНИЕ поверх ранних (z-order).
 106  0000              ; ACT=0 СТОПИТ рендеринг → следующий descriptor не нарисуется. Поэтому:
 107  0000              ;  • frog/preview всегда активны;
 108  0000              ;  • chain рисуется через DMA в canvas, TSU-слоты DESC_CHAIN0[60] просто
 109  0000              ;    держатся off-screen (Y=#2C + ACT=1) чтобы TSU дошёл до курсора;
 110  0000              ;  • для летящих шаров неактивные слоты тоже ACT=1 + offscreen.
 111  0000              ;   #0200 — лягушка (64×64)
 112  0000              ;   #0206 — mouth-preview (24×24)
 113  0000              ;   #020C — back-preview (8×8)
 114  0000              ;   #0212..#0379 — 60 chain-слотов (360 байт, off-screen для DMA-чейна)
 115  0000              ;   #037A..#03D9 — 16 летящих шаров (96 байт)
 116  0000              ;   #03DA — курсор (16×16)
 117  0000              ;   #03E0..#03FD — пусто
 118  0000              DESC_FROG         EQU #0200    ; 64×64 жаба
 119  0000              DESC_PREVIEW      EQU #0206    ; 24×24 mouth ball — текущий цвет, во рту
 120  0000              DESC_BACK_PREVIEW EQU #020C    ; 8×8 spine preview — следующий цвет, на спине
 121  0000              DESC_CHAIN0       EQU #0212    ; 60 chain-слотов (360 байт) → off-screen, реальный chain в canvas
 122  0000              DESC_BALL0        EQU #037A    ; 16 летящих шаров (96 байт)
 123  0000              DESC_CURSOR       EQU #03DA    ; 16×16 курсор
 124  0000
 125  0000              SCR_W    EQU 360
 126  0000              SCR_H    EQU 288
 127  0000              SPR_SIZE EQU 64                                  ; frog 64×64
 128  0000
 129  0000              MIN_X EQU 0
 130  0000              MAX_X EQU 296                                    ; SCR_W - SPR_SIZE
 131  0000              MIN_Y EQU 0
 132  0000              MAX_Y EQU 224                                    ; SCR_H - SPR_SIZE
 133  0000
 134  0000              ; tiltspiral 5:4 (без letterbox) — smart crop tx[26..613], ty[0..470]
 135  0000              ; gx=242 gy=248 → screen (132, 152) → top-left (100, 120)
 136  0000              FROG_INIT_X EQU 100
 137  0000              FROG_INIT_Y EQU 120
 138  0000
 139  0000              MOUSE_INIT_X EQU FROG_INIT_X + 72                ; 220 — справа от жабы → стартовый угол ~0
 140  0000              MOUSE_INIT_Y EQU FROG_INIT_Y + 32                ; 144 — центр жабы по Y (SPR_SIZE/2)
 141  0000
 142  0000              ; Cursor 16x16 in 360x288 screen — top-left limits
 143  0000              CURSOR_MIN_X EQU 0
 144  0000              CURSOR_MIN_Y EQU 0
 145  0000              CURSOR_MAX_X EQU SCR_W - 16                     ; 344
 146  0000              CURSOR_MAX_Y EQU SCR_H - 16                     ; 272
 147  0000
 148  0000              MAX_BALLS     EQU 16            ; летящих шаров (cooldown 20 frames между выстрелами хватает)
 149  0000              MAX_CHAIN_BALLS EQU 240         ; VDC chain physics limit. HD оригинал: 256. У нас 240 чтобы
 150  0000                                              ; TrackData (12386 байт) поместился в slot 2 (16K) без spillover.
 151  0000                                              ; Если перенести TrackData на свою page — можно поднять до 255.
 152  0000              TSU_CHAIN_SPRITES EQU 60        ; зарезервированных SFILE-дескрипторов для off-screen TSU-цепочки.
 153  0000                                              ; Физический chain рисуется через DMA в canvas; TSU-слоты лишь
 154  0000                                              ; держатся ACT=1+offscreen, чтобы TSU дошёл до courseur. Поэтому
 155  0000                                              ; SFILE-сторона не масштабируется с MAX_CHAIN_BALLS.
 156  0000
 157  0000              ; Параметры уровня (level1 / lvl11 в оригинальной Zuma):
 158  0000              LEVEL_START_BALLS  EQU 35       ; быстрая фаза: 35 шаров вылезают «поездом»
 159  0000              LEVEL_REPEAT_BALLS EQU 50       ; нормальная фаза: ещё 50 шаров обычной скоростью
 160  0000              LEVEL_TOTAL_BALLS  EQU LEVEL_START_BALLS + LEVEL_REPEAT_BALLS  ; 85 — после спавн прекращается
 161  0000              FAST_ADVANCE       EQU 12       ; кол-во MoveChain'ов за кадр в fast-фазе (norm = 1 за 2 кадра)
 162  0000              ; --- Размер шара и cell-spacing (см. также make_dma_balls.py: BALL_PIX) ---
 163  0000              BALL_DIAMETER      EQU 20       ; диаметр DMA-копии (= 10 words x 20 lines). Visible круг = 18-19 px (radius 9.5 в png-маске).
 164  0000              CELL_SIZE          EQU 32       ; шаг между cell-позициями (в семплах трека).
 165  0000                                              ; cell-step px = TrackLen / TRACK_NUM_SLOTS ~= 1986/96 ~= 20.7.
 166  0000                                              ; Уменьшить до 18..24 если хотим плотнее.
 167  0000              CHAIN_SPACING      EQU CELL_SIZE  ; legacy alias
 168  0000
 169  0000              ; ----- VDC (Virtual Discrete Chain) — текущая модель цепочки
 170  0000              ;
 171  0000              ; Каждый физический трек уровня имеет свой ChainStateBlock. Сейчас один (Chain0).
 172  0000              ; В оригинальной Zuma бывают уровни с двумя tracks → потребуется Chain1_*.
 173  0000              ; Slot k (целое 0..SlotsLen-1) — ячейка вдоль трека на t-позиции k*CELL_SIZE.
 174  0000              ; Координаты берутся из TrackData[t] напрямую — отдельный CellTable не нужен.
 175  0000              ;
 176  0000              ; Chain0_Slots[k] хранит цвет (0..NUM_BALL_COLORS-1) либо GAP-маркер (>= NUM_BALL_COLORS).
 177  0000              ; Chain0_SlotOffsets[k] — signed sub-cell delta (-128..+127) для smooth animation
 178  0000              ;   при match/insert/cascade compactify; общее движение — discrete по cell-grid.
 179  0000              ; Chain0_HeadSlotAbs — абсолютный track-slot для Chain0_Slots[0] (head).
 180  0000              ; Chain0_HeadSub — sub-cell (0..CELL_SIZE-1) для непрерывного движения head'а.
 181  0000              ; Chain0_SlotsLen — длина active range (head..tail включительно).
 182  0000              ;
 183  0000              ; t-позиция шара в slot k:
 184  0000              ;   t = (Chain0_HeadSlotAbs - k) * CELL_SIZE + Chain0_HeadSub + Chain0_SlotOffsets[k]
 185  0000              ;
 186  0000              ; Match-3 detect: window-3 scan по Chain0_Slots[]. s[k]==s[k+1]==s[k+2] && s[k] color → match.
 187  0000              ; Match-3 apply: Slots[lb..rb] := GAP_STOP, ChainStalled=1, GapStep начинает закрывать.
 188  0000              ; --- VDC GAP-маркеры (виртуальные цвета). Любой Slots[k] >= NUM_BALL_COLORS = GAP. ---
 189  0000              GAP_STOP            EQU #FE   ; после stop-mode match. Двигается вправо (к tail в массиве).
 190  0000              GAP_CASCADE         EQU #FD   ; после cascade-mode match. Двигается влево (к head).
 191  0000              GAP_MARKER          EQU GAP_STOP    ; legacy alias (init/render/scan не различают)
 192  0000              MAX_SLOTS_PER_CHAIN EQU MAX_CHAIN_BALLS  ; 60: совместимо с ChainPrev*[] arrays
 193  0000              NUM_BALL_COLORS     EQU 6                ; max доступных цветов (compile-time, для array sizes / GAP detect).
 194  0000                                                      ; Реальное число цветов на уровне берётся из LevelNumColors (runtime).
 195  0000              GAP_STEP_FRAMES     EQU CELL_SIZE        ; кадров на 1 cell-step (= 32 frames per cell @ 1 px/frame decay)
 196  0000              EXPLOSION_FRAMES    EQU 14               ; длительность explosion-анимации до перехода в GAP_STOP
 197  0000              EXPLOSION_HIDE_AT   EQU 6                ; с какого кадра скрывать шар (frames 1..5 видны, 6..14 скрыты)
 198  0000              DM3_OFFSET_GAP_MAX  EQU 8                ; макс. |offset diff| между соседями run'а в DetectMatch3
 199  0000                                                        ; (= визуальная зазора, при котором ещё считаем что шары
 200  0000                                                        ; «коснулись». При большем — match НЕ считается, ждём
 201  0000                                                        ; пока offset decay сведёт зазор. Полу-ball width = 9 px.)
 202  0000
 203  0000              ; BlitChainToShadow per-slot classification (заполняется в BcsPreClassify, читается PASS1/PASS2).
 204  0000              ; PRESERVE значит «оставить шар в shadow как есть» — фикс хвоста при cascade roll-back.
 205  0000              BCS_DRAW            EQU 0    ; нормальный blit (есть кэш геометрии)
 206  0000              BCS_DESTROY         EQU 1    ; шар удалён (i>=SlotsLen / GAP) → restore golden, prev → invalid
 207  0000              BCS_PRESERVE        EQU 2    ; off-track / off-canvas → shadow не трогаем, prev не invalid'им
 208  0000
 209  0000              ; Killzone (череп с лучами в конце трека) — DMA blit 64×64 на canvas.
 210  0000              ; 64x64 при stride 512 = 32K → разбит на 2 src pages: top rows 0..31, bot 32..63.
 211  0000              KILLZONE_DMA_PAGE_TOP EQU #46
 212  0000              KILLZONE_DMA_PAGE_BOT EQU #47
 213  0000              KZ_PIX             EQU 64
 214  0000              ROTATION_SPEED EQU 4
 215  0000
 216  0000              ; ================================================================
 217  0000              ; СТРУКТУРА ШАРА (8 байт) — летящий после выстрела
 218  0000              ; ================================================================
 219  0000              BALL_X      EQU 0
 220  0000              BALL_Y      EQU 2
 221  0000              BALL_ANGLE  EQU 4
 222  0000              BALL_SPEED  EQU 5
 223  0000              BALL_ACTIVE EQU 6
 224  0000              BALL_COLOR  EQU 7
 225  0000
 226  0000              ; ================================================================
 227  0000              ; ЦЕПОЧКА — VDC МОДЕЛЬ (Virtual Discrete Chain). См. полное описание выше.
 228  0000              ; Slots[k] = цвет либо GAP-маркер (>= NUM_BALL_COLORS).
 229  0000              ; t_i = (Chain0_HeadSlotAbs - i) * CELL_SIZE + Chain0_HeadSub + SlotOffsets[i]
 230  0000              ; SlotsLen — количество активных slots (head=0, tail=SlotsLen-1).
 231  0000              ; Insert: shift_right(Slots, idx) + Slots[idx]=color + SlotsLen += 1 + HSA += 1.
 232  0000              ; Spawn: Slots[SlotsLen] = color, SlotsLen += 1 (новый шар на хвостовой стороне).
 233  0000              ; Match-3: window-3 scan ставит GAP_STOP в lb..rb, GapStep сдвигает GAP'ы к концу
 234  0000              ; массива, при close SlotsLen уменьшается на 1.
 235  0000              ; ================================================================
 236  0000
 237  0000              ; ================================================================
 238  0000              ; КОД
 239  0000              ; ================================================================
 240  0000                  ORG #6000
 241  6000
 242  6000              Entry:
 243  6000 F3               DI
 244  6001 31 FF BF         LD SP, #BFFF
 245  6004
 246  6004                  ; ---------- ИНИЦИАЛИЗАЦИЯ ЖЕЛЕЗА ----------
 247  6004 01 AF 20         LD BC, SYSCONG
 247  6007 3E 06          LD A, %00000110
 247  6009 ED 79          OUT (C), A     ; 14 MHz + аппаратный кэш
 248  600B 01 AF 00         LD BC, VCONFIG
 248  600E 3E C2          LD A, %11000010
 248  6010 ED 79          OUT (C), A  ; 360x288, 256c, NOGFX=0 — canvas включён
 249  6012 01 AF 01         LD BC, VPAGE
 249  6015 3E 10          LD A, #10
 249  6017 ED 79          OUT (C), A  ; canvas-bitmap начинается с page 16
 250  6019
 251  6019                  ; Палитра (включая bg-canvas палитру в CRAM #0100..#01FF)
 252  6019                  ; DMA-шары используют TSU-палитру (#20..#7F) — отдельная загрузка не нужна
 253  6019 CD 4B 89         CALL InitPalette
 254  601C
 255  601C                  ; TSU — sprite-graphics в page 6/7 (уже разложены через INCBIN)
 256  601C 01 AF 19         LD BC, SGPAGE
 256  601F 3E 06          LD A, 6
 256  6021 ED 79          OUT (C), A
 257  6023 01 AF 06         LD BC, TSCONFIG
 257  6026 3E 80          LD A, %10000000
 257  6028 ED 79          OUT (C), A   ; TSU sprites вкл
 258  602A
 259  602A                  ; ---------- ИНИЦИАЛИЗАЦИЯ ИГРЫ ----------
 260  602A CD 0B 61         CALL InitGame
 261  602D
 262  602D                  ; ---------- IM 2 + frame IRQ для Fixed Timestep ----------
 263  602D                  ; ISR-handler в page 5 (наш код). I=#5E, peripheral data byte для frame IRQ
 264  602D                  ; (= INTRAME=#FF). Vector address = (#5E<<8)|#FF = #5EFF. Z80 читает word
 265  602D                  ; #5EFF/#5F00 → ISR address. Записываем эти 2 байта runtime, чтобы получить
 266  602D                  ; адрес IRQHandler в RAM (page 5 byte #1EFF/#1F00).
 267  602D 3E FF            LD A, LOW(IRQHandler)
 268  602F 32 FF 5E         LD (#5EFF), A
 269  6032 3E 60            LD A, HIGH(IRQHandler)
 270  6034 32 00 5F         LD (#5F00), A
 271  6037 3E 5E            LD A, #5E
 272  6039 ED 47            LD I, A
 273  603B ED 5E            IM 2
 274  603D 01 AF 2A         LD BC, INTMASK
 274  6040 3E 01          LD A, INTMSKF
 274  6042 ED 79          OUT (C), A    ; разрешить только frame IRQ
 275  6044 AF               XOR A
 275  6045 32 BD 89       LD (TickCount), A
 275  6048 32 BE 89       LD (ProcessedTicks), A
 276  604B FB               EI
 277  604C
 278  604C              ; ============================================================================
 279  604C              ; FIXED TIMESTEP MAIN LOOP
 280  604C              ; ISR инкрементирует TickCount каждый vblank (50 Hz). MainLoop "догоняет":
 281  604C              ; пока ProcessedTicks < TickCount → выполнить UpdateGame + INC ProcessedTicks.
 282  604C              ; Когда тики обработаны — RenderFrame (swap+sprites+DMA blit) и HALT (sleep).
 283  604C              ; Если кадр рендера затянулся (>20мс) — успело пройти 2+ IRQ → следующий цикл
 284  604C              ; выполнит UpdateGame дважды → game speed остаётся 50 Hz, рендер визуально 25.
 285  604C              ; Никаких race conditions: вся логика атомарна в MainLoop, ISR только тик.
 286  604C              ; ============================================================================
 287  604C              MainLoop:
 288  604C F3               DI
 289  604D 3A BD 89         LD A, (TickCount)
 290  6050 47               LD B, A
 291  6051 3A BE 89         LD A, (ProcessedTicks)
 292  6054 FB               EI
 293  6055 B8               CP B
 294  6056 28 09            JR Z, .ml_render
 295  6058 CD 67 60         CALL UpdateGame
 296  605B 21 BE 89         LD HL, ProcessedTicks
 297  605E 34               INC (HL)
 298  605F 18 EB            JR MainLoop
 299  6061              .ml_render:
 300  6061 CD BE 60         CALL RenderFrame
 301  6064 76               HALT                                      ; сон до следующего IRQ
 302  6065 18 E5            JR MainLoop
 303  6067
 304  6067              ; ============================================================================
 305  6067              ; UPDATE GAME — атомарный шаг логики (= 1 tick = 20 мс).
 306  6067              ; Mouse/input, motion, collisions, chain advance, spawn, cooldown.
 307  6067              ; НЕ trogает canvas / DMA / TSU спрайты — это в RenderFrame.
 308  6067              ; ============================================================================
 309  6067              UpdateGame:
 310  6067 CD 8D 88         CALL HandleMouse
 311  606A CD A2 62         CALL HandleInput
 312  606D CD AC 63         CALL UpdateBalls
 313  6070 CD B0 65         CALL CheckCollisions
 314  6073 CD C7 6B         CALL CheckBallChainCollisions
 315  6076
 316  6076 3A BC 89         LD A, (FrameCounter)
 317  6079 3C               INC A
 318  607A 32 BC 89         LD (FrameCounter), A
 319  607D
 320  607D 3A BF 89         LD A, (BallsSpawned)
 321  6080 FE 23            CP LEVEL_START_BALLS
 322  6082 38 20            JR C, .ug_fast
 323  6084
 324  6084 3A BC 89         LD A, (FrameCounter)
 325  6087 E6 01            AND 1
 326  6089 20 06            JR NZ, .ug_after_advance
 327  608B CD A3 70         CALL MoveChain
 328  608E CD FA 6D         CALL AnimateChain
 329  6091              .ug_after_advance:
 330  6091
 331  6091 3A BF 89         LD A, (BallsSpawned)
 332  6094 FE 55            CP LEVEL_TOTAL_BALLS
 333  6096 30 1B            JR NC, .ug_after_spawn
 334  6098 3A BC 89         LD A, (FrameCounter)
 335  609B E6 3F            AND 63
 336  609D 20 14            JR NZ, .ug_after_spawn
 337  609F CD 15 67         CALL TrySpawnAndCount
 338  60A2 18 0F            JR .ug_after_spawn
 339  60A4
 340  60A4              .ug_fast:
 341  60A4 06 0C            LD B, FAST_ADVANCE
 342  60A6              .ug_fast_advance:
 343  60A6 C5               PUSH BC
 344  60A7 CD A3 70         CALL MoveChain
 345  60AA C1               POP BC
 346  60AB 10 F9            DJNZ .ug_fast_advance
 347  60AD CD FA 6D         CALL AnimateChain
 348  60B0 CD 15 67         CALL TrySpawnAndCount
 349  60B3              .ug_after_spawn:
 350  60B3
 351  60B3 3A A9 89         LD A, (ShotCooldown)
 352  60B6 B7               OR A
 353  60B7 28 04            JR Z, .ug_skip_cd
 354  60B9 3D               DEC A
 355  60BA 32 A9 89         LD (ShotCooldown), A
 356  60BD              .ug_skip_cd:
 357  60BD C9               RET
 358  60BE
 359  60BE              ; ============================================================================
 360  60BE              ; RENDER FRAME — atomic swap + все DMA/TSU writes.
 361  60BE              ; Вызывается раз когда вся логика догнала тики.
 362  60BE              ; ============================================================================
 363  60BE              RenderFrame:
 364  60BE                  ; ====== СВОП BUFFER (atomic) ======
 365  60BE 3A A6 75         LD A, (VisiblePageBase)
 365  60C1 EE 30          XOR #30
 365  60C3 32 A6 75       LD (VisiblePageBase), A
 366  60C6 3A A7 75         LD A, (ShadowPageBase)
 366  60C9 EE 30          XOR #30
 366  60CB 32 A7 75       LD (ShadowPageBase), A
 367  60CE 3A A6 75         LD A, (VisiblePageBase)
 367  60D1 01 AF 01       LD BC, VPAGE
 367  60D4 ED 79          OUT (C), A
 368  60D6
 369  60D6                  ; DEBUG: пиксель (0,287) = цвет FrogAngle
 370  60D6 01 AF 13         LD BC, PAGE3
 370  60D9 3E 18          LD A, #18
 370  60DB ED 79          OUT (C), A
 371  60DD 3A 8F 89         LD A, (FrogAngle)
 372  60E0 32 00 FE         LD (#FE00), A
 373  60E3 01 AF 13         LD BC, PAGE3
 373  60E6 AF             XOR A
 373  60E7 ED 79          OUT (C), A
 374  60E9
 375  60E9 CD 37 66         CALL UpdateFrogSprite
 376  60EC CD 3C 87         CALL UpdatePreviewSprite
 377  60EF CD 97 66         CALL UpdateBallSprites
 378  60F2 CD E5 86         CALL HideChainSprites
 379  60F5 CD 98 85         CALL BlitKillzoneToShadow
 380  60F8 CD 0C 87         CALL UpdateCursorSprite
 381  60FB CD 69 72         CALL BlitChainToShadow
 382  60FE C9               RET
 383  60FF
 384  60FF              ; ============================================================================
 385  60FF              ; IRQ HANDLER (IM 2) — единственная задача: инкремент TickCount каждый vblank.
 386  60FF              ; Никаких DMA/блокирующих writes — иначе race с BlitChainToShadow.
 387  60FF              ; ============================================================================
 388  60FF              IRQHandler:
 389  60FF F5               PUSH AF
 390  6100 3A BD 89         LD A, (TickCount)
 391  6103 3C               INC A
 392  6104 32 BD 89         LD (TickCount), A
 393  6107 F1               POP AF
 394  6108 FB               EI
 395  6109 ED 4D            RETI
 396  610B
 397  610B              ; ================================================================
 398  610B              ; ИНИЦИАЛИЗАЦИЯ ИГРЫ
 399  610B              ; ================================================================
 400  610B              InitGame:
 401  610B                  ; Позиция лягушки — центр экрана с поправкой на canvas-сдвиг (SCR_OFFS).
 402  610B 21 64 00         LD HL, FROG_INIT_X
 402  610E 22 8B 89       LD (FrogX), HL
 403  6111 21 78 00         LD HL, FROG_INIT_Y
 403  6114 22 8D 89       LD (FrogY), HL
 404  6117 AF               XOR A
 404  6118 32 8F 89       LD (FrogAngle), A
 405  611B
 406  611B                  ; Очистка всех шаров (MAX_BALLS*8 = 256 байт через LDIR)
 407  611B 21 E5 89         LD HL, BallTable
 408  611E 36 00            LD (HL), 0
 409  6120 11 E6 89         LD DE, BallTable+1
 410  6123 01 7F 00         LD BC, MAX_BALLS*8-1
 411  6126 ED B0            LDIR
 412  6128
 413  6128                  ; Очистка SFILE: 510 байт = 85 дескрипторов × 6 байт (#0200..#03FD).
 414  6128                  ; ВАЖНО: LDIR здесь не работает — read через FM_EN отдаёт ROM, не SFILE,
 415  6128                  ; и LDIR копирует ROM в SFILE → случайные ACT bits → призраки.
 416  6128                  ; Поэтому пишем immediate-нулями через LD (HL), 0.
 417  6128 01 AF 15         LD BC, FMADDR
 417  612B 3E 10          LD A, FM_EN
 417  612D ED 79          OUT (C), A
 418  612F 21 00 02         LD HL, #0200
 419  6132 06 FF            LD B, 255
 420  6134              .is_clr1:
 421  6134 36 00            LD (HL), 0
 422  6136 23               INC HL
 423  6137 10 FB            DJNZ .is_clr1
 424  6139 06 FF            LD B, 255
 425  613B              .is_clr2:
 426  613B 36 00            LD (HL), 0
 427  613D 23               INC HL
 428  613E 10 FB            DJNZ .is_clr2                ; всего 510 байт #0200..#03FD
 429  6140 01 AF 15         LD BC, FMADDR
 429  6143 AF             XOR A
 429  6144 ED 79          OUT (C), A
 430  6146
 431  6146                  ; --- Инициализация цепочки: пусто, шары приедут «поездом» в fast-фазе
 432  6146 AF               XOR A
 433  6147 32 BF 89         LD (BallsSpawned), A
 434  614A 32 C0 89         LD (ChainStalled), A
 435  614D 32 97 89         LD (CascadeState), A
 436  6150 32 98 89         LD (CascadeIdx), A
 437  6153 32 99 89         LD (CascadeWait), A
 438  6156 32 9A 89         LD (CascadeDelay), A
 439  6159 32 9B 89         LD (StopModeTimer), A
 440  615C 32 9C 89         LD (CompactTimer), A
 441  615F 32 9D 89         LD (GapStepCounter), A
 442  6162 32 BC 89         LD (FrameCounter), A
 443  6165 3E FF            LD A, #FF
 444  6167 32 9F 89         LD (MatchScanIdx), A   ; "no scan pending"
 445  616A
 446  616A                  ; --- ВАЖНО: явно инициализируем page bases (после F12 reset значения могут
 447  616A                  ; быть corruptВанные → DMA blit в page 5 (main0 = код/данные) → memory corruption).
 448  616A 3E 10            LD A, CANVAS_A_PAGE_BASE
 449  616C 32 A6 75         LD (VisiblePageBase), A
 450  616F 3E 20            LD A, CANVAS_B_PAGE_BASE
 451  6171 32 A7 75         LD (ShadowPageBase), A
 452  6174
 453  6174                  ; --- Killzone: позиция = конец трека (TrackData[TRACK_NUM_POINTS-1])
 454  6174                  ; ВАЖНО: track data spillover в slot 2 → нужно явно убедиться что PAGE2=2.
 455  6174 01 AF 12         LD BC, PAGE2
 455  6177 3E 02          LD A, 2
 455  6179 ED 79          OUT (C), A
 456  617B 21 17 0C         LD HL, TRACK_NUM_POINTS - 1
 457  617E 29               ADD HL, HL
 457  617F 29             ADD HL, HL                 ; HL = (TRACK_NUM_POINTS-1) * 4
 458  6180 11 49 94         LD DE, TrackData
 459  6183 19               ADD HL, DE
 460  6184 7E               LD A, (HL)
 460  6185 32 A3 89       LD (KzCenterX), A
 460  6188 23             INC HL
 461  6189 7E               LD A, (HL)
 461  618A 32 A4 89       LD (KzCenterX+1), A
 461  618D 23             INC HL
 462  618E 7E               LD A, (HL)
 462  618F 32 A5 89       LD (KzCenterY), A
 462  6192 23             INC HL
 463  6193 7E               LD A, (HL)
 463  6194 32 A6 89       LD (KzCenterY+1), A
 464  6197 AF               XOR A
 465  6198 32 A1 89         LD (KzFrame), A
 466  619B 32 A2 89         LD (KzFrameWait), A
 467  619E 3E 01            LD A, 1
 468  61A0 32 A7 89         LD (KzVisible), A
 469  61A3                  ; --- Chain0 slot-state: заполнить GAP_MARKER (= GAP_STOP), offsets/Shot2/scalars обнулить.
 470  61A3 21 75 8A         LD HL, Chain0_Slots
 471  61A6 06 F0            LD B, MAX_SLOTS_PER_CHAIN
 472  61A8              .ig_c0slots_gap:
 473  61A8 36 FE            LD (HL), GAP_MARKER
 474  61AA 23               INC HL
 475  61AB 10 FB            DJNZ .ig_c0slots_gap
 476  61AD 21 65 8B         LD HL, Chain0_SlotOffsets
 477  61B0 06 F0            LD B, MAX_SLOTS_PER_CHAIN
 478  61B2              .ig_c0offs_clr:
 479  61B2 36 00            LD (HL), 0
 480  61B4 23               INC HL
 481  61B5 10 FB            DJNZ .ig_c0offs_clr
 482  61B7 21 55 8C         LD HL, Chain0_Shot2
 483  61BA 06 F0            LD B, MAX_SLOTS_PER_CHAIN
 484  61BC              .ig_c0shot2_clr:
 485  61BC 36 00            LD (HL), 0
 486  61BE 23               INC HL
 487  61BF 10 FB            DJNZ .ig_c0shot2_clr
 488  61C1 AF               XOR A
 489  61C2 32 25 8F         LD (Chain0_HeadSlotAbs), A
 490  61C5 32 26 8F         LD (Chain0_HeadSub), A
 491  61C8 32 27 8F         LD (Chain0_SlotsLen), A
 492  61CB
 493  61CB                  ; Инициализируем MouseBtnPrev = 1 — pretend "ЛКМ нажата при старте".
 494  61CB                  ; Edge detection требует release→press, поэтому первый кадр НЕ выстрелит,
 495  61CB                  ; даже если порт показывает LMB pressed (auto-fire bug).
 496  61CB 3E 01            LD A, 1
 497  61CD 32 B2 89         LD (MouseBtnPrev), A
 498  61D0
 499  61D0                  ; --- RNG seeds. BallColorSeed зарождаем от RTC секунд × константа,
 500  61D0                  ;     чтобы preview-цвет был непредсказуем уже с первого выстрела.
 501  61D0                  ;     ChainColorSeed — фиксированный (последовательность стабильна).
 502  61D0 CD B2 67         CALL ReadRTCSeconds                   ; A = 0..59
 503  61D3 B7               OR A
 504  61D4 20 02            JR NZ, .ig_seed_have
 505  61D6 3E 11            LD A, 17                              ; защита если RTC = 0
 506  61D8              .ig_seed_have:
 507  61D8 67               LD H, A
 508  61D9 2E A5            LD L, $A5                             ; ненулевой младший байт
 509  61DB 22 92 89         LD (BallColorSeed), HL
 510  61DE 21 34 12         LD HL, $1234
 511  61E1 22 94 89         LD (ChainColorSeed), HL
 512  61E4 3E 01            LD A, 1
 513  61E6 32 96 89         LD (ChainColorFirst), A               ; первый вызов RandomChainColor scramble через RTC
 514  61E9
 515  61E9                  ; Уровень: количество цветов (TODO: брать из per-level config)
 516  61E9 3E 06            LD A, NUM_BALL_COLORS
 517  61EB 32 90 89         LD (LevelNumColors), A
 518  61EE
 519  61EE                  ; Обнуляем ChainPrevValidA/B (DS не очищает память, мусор → BlitChain crash)
 520  61EE 21 68 79         LD HL, ChainPrevValidA
 521  61F1 06 F0            LD B, MAX_CHAIN_BALLS
 522  61F3              .ig_clr_va:
 523  61F3 36 00            LD (HL), 0
 523  61F5 23             INC HL
 524  61F6 10 FB            DJNZ .ig_clr_va
 525  61F8 21 18 7E         LD HL, ChainPrevValidB
 526  61FB 06 F0            LD B, MAX_CHAIN_BALLS
 527  61FD              .ig_clr_vb:
 528  61FD 36 00            LD (HL), 0
 528  61FF 23             INC HL
 529  6200 10 FB            DJNZ .ig_clr_vb
 530  6202
 531  6202                  ; Explosion state: ExplodingFrame[] / ExplodingMarker[] = 0 (без stale при reset).
 532  6202 21 45 8D         LD HL, Chain0_ExplodingFrame
 533  6205 06 F0            LD B, MAX_SLOTS_PER_CHAIN
 534  6207              .ig_clr_ef:
 535  6207 36 00            LD (HL), 0
 535  6209 23             INC HL
 536  620A 10 FB            DJNZ .ig_clr_ef
 537  620C 21 35 8E         LD HL, Chain0_ExplodingMarker
 538  620F 06 F0            LD B, MAX_SLOTS_PER_CHAIN
 539  6211              .ig_clr_em:
 540  6211 36 00            LD (HL), 0
 540  6213 23             INC HL
 541  6214 10 FB            DJNZ .ig_clr_em
 542  6216 C9               RET
 543  6217
 544  6217              ; ================================================================
 545  6217              ; ПОРОЖДЕНИЕ ШАРА
 546  6217              ; Вход: A = угол, C = скорость
 547  6217              ; Позиция = FrogCenter + 6*Dir[N] (= ~24 пикселя от центра жабы по дуге).
 548  6217              ; Так шар появляется на ободе жабы в направлении выстрела.
 549  6217              ; ================================================================
 550  6217              SpawnBall:
 551  6217                  ; В VDC-модели стрельба разрешена ВСЕГДА: GAP-cells блокируют match-scan по слот-логике,
 552  6217                  ; offsets не используются. Игрок может накладывать gaps для extending pause.
 553  6217 32 B4 89         LD (TmpAngle), A
 554  621A 79               LD A, C
 555  621B 32 B5 89         LD (TmpSpeed), A
 556  621E
 557  621E                  ; Поиск свободного слота
 558  621E DD 21 E5 89      LD IX, BallTable
 559  6222 06 10            LD B, MAX_BALLS
 560  6224              .sb_find:
 561  6224 DD 7E 06         LD A, (IX+BALL_ACTIVE)
 562  6227 B7               OR A
 563  6228 28 08            JR Z, .sb_set
 564  622A 11 08 00         LD DE, 8
 565  622D DD 19            ADD IX, DE
 566  622F 10 F3            DJNZ .sb_find
 567  6231 C9               RET                          ; нет свободных слотов
 568  6232
 569  6232              .sb_set:
 570  6232                  ; NextBallColor = цвет ТЕКУЩЕГО выстрела (preview-шарик показывает его).
 571  6232                  ; После выстрела генерим новый цвет: LFSR × RTC_seconds mod 6.
 572  6232 3A 91 89         LD A, (NextBallColor)
 573  6235 DD 77 07         LD (IX+BALL_COLOR), A
 574  6238 CD 5E 68         CALL RandomBallColor
 575  623B 32 91 89         LD (NextBallColor), A
 576  623E
 577  623E 3A B4 89         LD A, (TmpAngle)
 578  6241 DD 77 04         LD (IX+BALL_ANGLE), A
 579  6244 AF               XOR A
 580  6245 DD 77 05         LD (IX+BALL_SPEED), A                 ; 0 = норм. шар (>0 = approach counter)
 581  6248 3E 01            LD A, 1
 582  624A DD 77 06         LD (IX+BALL_ACTIVE), A
 583  624D
 584  624D                  ; Index в таблицах Dir: N = угол >> 3 (0..31)
 585  624D 3A B4 89         LD A, (TmpAngle)
 586  6250 CB 3F            SRL A
 586  6252 CB 3F          SRL A
 586  6254 CB 3F          SRL A
 587  6256 5F               LD E, A
 588  6257 16 00            LD D, 0
 589  6259
 590  6259                  ; Стартовая позиция шара 16×16 = позиция preview-шарика во рту (+2*Dir смещение
 591  6259                  ; от центра жабы). Центр шара совпадает с центром preview, шар «выходит изо рта»
 592  6259                  ; в направлении полёта. См. UpdatePreviewSprite.
 593  6259                  ; --- X = FrogX + 8 + 2*DirX[N] ---
 594  6259 21 A9 8F         LD HL, DirXTable
 595  625C 19               ADD HL, DE
 596  625D 7E               LD A, (HL)                    ; signed -4..+4
 597  625E 87               ADD A, A                      ; A = 2*Dir
 598  625F 6F               LD L, A
 599  6260 26 00            LD H, 0
 600  6262 CB 7F            BIT 7, A
 601  6264 28 01            JR Z, .sb_x_pos
 602  6266 25               DEC H
 603  6267              .sb_x_pos:
 604  6267 ED 4B 8B 89      LD BC, (FrogX)
 605  626B 09               ADD HL, BC
 606  626C 01 14 00         LD BC, 20
 607  626F 09               ADD HL, BC                    ; HL = FrogX + 20 + 2*DirX (ball 24x24 top-left = FrogCenter - 12)
 608  6270 DD 75 00         LD (IX+BALL_X), L
 609  6273 7C               LD A, H
 610  6274 DD 77 01         LD (IX+BALL_X+1), A
 611  6277
 612  6277                  ; --- Y = FrogY + 8 + 2*DirY[N] ---
 613  6277 3A B4 89         LD A, (TmpAngle)
 614  627A CB 3F            SRL A
 614  627C CB 3F          SRL A
 614  627E CB 3F          SRL A
 615  6280 5F               LD E, A
 616  6281 16 00            LD D, 0
 617  6283 21 C9 8F         LD HL, DirYTable
 618  6286 19               ADD HL, DE
 619  6287 7E               LD A, (HL)
 620  6288 87               ADD A, A
 621  6289 6F               LD L, A
 622  628A 26 00            LD H, 0
 623  628C CB 7F            BIT 7, A
 624  628E 28 01            JR Z, .sb_y_pos
 625  6290 25               DEC H
 626  6291              .sb_y_pos:
 627  6291 ED 4B 8D 89      LD BC, (FrogY)
 628  6295 09               ADD HL, BC
 629  6296 01 14 00         LD BC, 20
 630  6299 09               ADD HL, BC                    ; HL = FrogY + 20 + 2*DirY (ball 24x24)
 631  629A DD 75 02         LD (IX+BALL_Y), L
 632  629D 7C               LD A, H
 633  629E DD 77 03         LD (IX+BALL_Y+1), A
 634  62A1 C9               RET
 635  62A2
 636  62A2              ; ================================================================
 637  62A2              ; ОБРАБОТКА ВВОДА — поворот O/P, выстрел Q
 638  62A2              ; O = бит 1 порта #DFFE, P = бит 0 порта #DFFE
 639  62A2              ; ================================================================
 640  62A2              HandleInput:
 641  62A2                  ; --- Поворот клавишами O/P ---
 642  62A2 01 FE DF         LD BC, KEY_O        ; #DFFE — общий порт для O и P
 643  62A5 ED 78            IN A, (C)
 644  62A7 5F               LD E, A             ; сохранить состояние строки клавиш
 645  62A8 CB 4F            BIT 1, A            ; O нажата?
 646  62AA 20 08            JR NZ, .check_p
 647  62AC 3A 8F 89         LD A, (FrogAngle)
 648  62AF D6 04            SUB ROTATION_SPEED
 649  62B1 32 8F 89         LD (FrogAngle), A
 650  62B4              .check_p:
 651  62B4 7B               LD A, E
 652  62B5 CB 47            BIT 0, A            ; P нажата?
 653  62B7 20 08            JR NZ, .check_space
 654  62B9 3A 8F 89         LD A, (FrogAngle)
 655  62BC C6 04            ADD A, ROTATION_SPEED
 656  62BE 32 8F 89         LD (FrogAngle), A
 657  62C1
 658  62C1              .check_space:
 659  62C1                  ; Строгий 1-нажатие = 1-выстрел. KeySpacePrev: 0=ready, 1=fired.
 660  62C1 01 FE 7F         LD BC, KEY_SPACE
 661  62C4 ED 78            IN A, (C)
 662  62C6 CB 47            BIT 0, A
 663  62C8 28 05            JR Z, .ks_pressed
 664  62CA AF               XOR A
 665  62CB 32 AA 89         LD (KeySpacePrev), A          ; released → reset
 666  62CE C9               RET
 667  62CF              .ks_pressed:
 668  62CF 3A AA 89         LD A, (KeySpacePrev)
 669  62D2 B7               OR A
 670  62D3 C0               RET NZ                         ; уже стреляли — ждём release
 671  62D4 3E 01            LD A, 1
 672  62D6 32 AA 89         LD (KeySpacePrev), A
 673  62D9 C3 9A 63         JP ShootBall
 674  62DC
 675  62DC              ; ================================================================
 676  62DC              ; УГОЛ ЛЯГУШКИ К КУРСОРУ МЫШИ
 677  62DC              ; Вход: MouseAbsX, MouseAbsY; лягушка зафиксирована в FrogX/FrogY
 678  62DC              ; Выход: FrogAngle (0=вправо, 64=вниз, 128=влево, 192=вверх)
 679  62DC              ; ================================================================
 680  62DC              ComputeFrogAngle:
 681  62DC                  ; dx = (MouseAbsX + 8) - (FrogX + 32) = MouseAbsX - FrogX - 24
 682  62DC                  ; (центр курсора 16×16 относительно центра жабы 64×64)
 683  62DC 2A AD 89         LD HL, (MouseAbsX)
 684  62DF ED 5B 8B 89      LD DE, (FrogX)
 685  62E3 A7               AND A
 686  62E4 ED 52            SBC HL, DE
 687  62E6 11 18 00         LD DE, 24
 688  62E9 A7               AND A
 689  62EA ED 52            SBC HL, DE
 690  62EC
 691  62EC 06 00            LD B, 0             ; флаги: бит0=dx<0, бит1=dy<0, бит2=|dy|>|dx|
 692  62EE CB 7C            BIT 7, H
 693  62F0 28 09            JR Z, .dx_pos
 694  62F2 CB C0            SET 0, B
 695  62F4 7C               LD A, H
 695  62F5 2F             CPL
 695  62F6 67             LD H, A
 696  62F7 7D               LD A, L
 696  62F8 2F             CPL
 696  62F9 6F             LD L, A
 697  62FA 23               INC HL
 698  62FB              .dx_pos:
 699  62FB 4D               LD C, L             ; C = |dx| (≤200, в 8 бит)
 700  62FC
 701  62FC                  ; dy = (MouseAbsY + 8) - (FrogY + 32) = MouseAbsY - FrogY - 24
 702  62FC 2A AF 89         LD HL, (MouseAbsY)
 703  62FF ED 5B 8D 89      LD DE, (FrogY)
 704  6303 A7               AND A
 705  6304 ED 52            SBC HL, DE
 706  6306 11 18 00         LD DE, 24
 707  6309 A7               AND A
 708  630A ED 52            SBC HL, DE
 709  630C
 710  630C CB 7C            BIT 7, H
 711  630E 28 09            JR Z, .dy_pos
 712  6310 CB C8            SET 1, B
 713  6312 7C               LD A, H
 713  6313 2F             CPL
 713  6314 67             LD H, A
 714  6315 7D               LD A, L
 714  6316 2F             CPL
 714  6317 6F             LD L, A
 715  6318 23               INC HL
 716  6319              .dy_pos:
 717  6319 5D               LD E, L             ; E = |dy| (≤167, в 8 бит)
 718  631A
 719  631A                  ; Если |dy| > |dx| — меняем местами, запоминаем флаг октанта
 720  631A 7B               LD A, E
 721  631B B9               CP C
 722  631C 38 05            JR C, .no_swap
 723  631E CB D0            SET 2, B
 724  6320 79               LD A, C
 724  6321 4B             LD C, E
 724  6322 5F             LD E, A
 725  6323              .no_swap:
 726  6323                  ; C = max(|dx|,|dy|), E = min(|dx|,|dy|)
 727  6323 79               LD A, C
 728  6324 B7               OR A
 729  6325 28 61            JR Z, .cfa_done     ; курсор на лягушке — не менять угол
 730  6327
 731  6327                  ; t = E*128 / C → 0..128 (4× разрешение vs исходных 32, плавнее на диагоналях)
 732  6327 26 00            LD H, 0
 733  6329 6B               LD L, E
 734  632A 29               ADD HL, HL
 734  632B 29             ADD HL, HL
 734  632C 29             ADD HL, HL
 735  632D 29               ADD HL, HL
 735  632E 29             ADD HL, HL
 735  632F 29             ADD HL, HL
 735  6330 29             ADD HL, HL
 736  6331                                      ; HL = E*128
 737  6331 CD 89 63         CALL Div16by8       ; A = HL / C (0..129)
 738  6334 FE 81            CP 129
 739  6336 38 02            JR C, .do_lookup
 740  6338 3E 80            LD A, 128           ; clamp до 128 (последний валидный индекс)
 741  633A              .do_lookup:
 742  633A 21 28 8F         LD HL, AtanTable
 743  633D 16 00            LD D, 0
 743  633F 5F             LD E, A
 744  6340 19               ADD HL, DE
 745  6341 7E               LD A, (HL)          ; A = угол 1-го октанта (0..32 в ед. 1/256 окружности)
 746  6342
 747  6342                  ; Если был swap — зеркалим к 90°: A = 64 - A
 748  6342 CB 50            BIT 2, B
 749  6344 28 04            JR Z, .no_mirror
 750  6346 5F               LD E, A
 750  6347 3E 40          LD A, 64
 750  6349 93             SUB E
 751  634A              .no_mirror:
 752  634A                  ; A = угол в квадранте 0..64 (0°..90° от оси X)
 753  634A                  ; Применяем знаки dx/dy
 754  634A CB 40            BIT 0, B
 755  634C 28 10            JR Z, .dx_pos2
 756  634E CB 48            BIT 1, B
 757  6350 28 06            JR Z, .q2
 758  6352                  ; Q3: dx<0, dy<0 → 128 + A (запад..север)
 759  6352 5F               LD E, A
 759  6353 3E 80          LD A, 128
 759  6355 83             ADD A, E
 760  6356 18 0C            JR .store
 761  6358              .q2:
 762  6358                  ; Q2: dx<0, dy≥0 → 128 - A (юг..запад)
 763  6358 5F               LD E, A
 763  6359 3E 80          LD A, 128
 763  635B 93             SUB E
 764  635C 18 06            JR .store
 765  635E              .dx_pos2:
 766  635E CB 48            BIT 1, B
 767  6360 28 02            JR Z, .store        ; Q1: dx≥0, dy≥0 → A (восток..юг)
 768  6362                  ; Q4: dx≥0, dy<0 → -A mod 256 (север..восток)
 769  6362 ED 44            NEG
 770  6364              .store:
 771  6364                  ; Вход: A = новый угол; C = max(|dx|,|dy|).
 772  6364                  ; Стратегия: гибрид «быстрый/медленный»
 773  6364                  ;   |diff| >= 4  → full update (быстрое движение)
 774  6364                  ;   1 <= |diff| <= 3 → шаг на 1 unit в направлении (плавное следование без отставания)
 775  6364                  ;   |diff| == 0  → no-op
 776  6364 47               LD B, A                ; B = new
 777  6365 79               LD A, C
 778  6366 FE 05            CP 5
 779  6368 38 1E            JR C, .cfa_done        ; deadzone: курсор точно на жабе
 780  636A 78               LD A, B
 781  636B 21 8F 89         LD HL, FrogAngle
 782  636E 96               SUB (HL)               ; A = signed (new - old) через wrap (8-bit)
 783  636F 28 17            JR Z, .cfa_done
 784  6371 57               LD D, A                ; D = signed diff (запомним знак)
 785  6372 CB 7F            BIT 7, A
 786  6374 28 02            JR Z, .gp_pos
 787  6376 ED 44            NEG                    ; A = |diff|
 788  6378              .gp_pos:
 789  6378 FE 04            CP 4
 790  637A 30 0B            JR NC, .gp_full        ; крупный сдвиг → full
 791  637C                  ; малый: шаг +/- 1 в направлении D
 792  637C 7E               LD A, (HL)             ; A = old FrogAngle
 793  637D CB 7A            BIT 7, D
 794  637F 20 03            JR NZ, .gp_dec
 795  6381 3C               INC A                  ; D >= 0 → шаг +1
 796  6382 18 01            JR .gp_save
 797  6384              .gp_dec:
 798  6384 3D               DEC A                  ; D < 0 → шаг -1
 799  6385              .gp_save:
 800  6385 77               LD (HL), A
 801  6386 C9               RET
 802  6387              .gp_full:
 803  6387 70               LD (HL), B             ; FrogAngle = new
 804  6388              .cfa_done:
 805  6388 C9               RET
 806  6389
 807  6389              ; ================================================================
 808  6389              ; Div16by8: HL / C → A (частное 0..129)  C ≠ 0
 809  6389              ; ================================================================
 810  6389              Div16by8:
 811  6389 AF               XOR A
 812  638A 16 00            LD D, 0
 813  638C              .d8_loop:
 814  638C 59               LD E, C
 815  638D A7               AND A
 816  638E ED 52            SBC HL, DE
 817  6390 38 06            JR C, .d8_restore
 818  6392 3C               INC A
 819  6393 FE 82            CP 130
 820  6395 38 F5            JR C, .d8_loop
 821  6397 C9               RET
 822  6398              .d8_restore:
 823  6398 19               ADD HL, DE
 824  6399 C9               RET
 825  639A
 826  639A              ; ================================================================
 827  639A              ; ВЫСТРЕЛ — каждое нажатие = отдельный выстрел (контролируется edge detection
 828  639A              ; в HandleInput.check_space и HandleMouse).
 829  639A              ; ================================================================
 830  639A              SHOT_COOLDOWN_FRAMES EQU 20           ; ~400ms на 50fps
 831  639A
 832  639A              ShootBall:
 833  639A 3A A9 89         LD A, (ShotCooldown)
 834  639D B7               OR A
 835  639E C0               RET NZ                        ; ещё перезаряжаемся — игнорируем
 836  639F 3E 14            LD A, SHOT_COOLDOWN_FRAMES
 837  63A1 32 A9 89         LD (ShotCooldown), A
 838  63A4 3A 8F 89         LD A, (FrogAngle)
 839  63A7 0E 03            LD C, 3
 840  63A9 C3 17 62         JP SpawnBall                 ; tail-call
 841  63AC
 842  63AC              ; ================================================================
 843  63AC              ; ОБНОВЛЕНИЕ ВСЕХ ШАРОВ
 844  63AC              ; ================================================================
 845  63AC              UpdateBalls:
 846  63AC DD 21 E5 89      LD IX, BallTable
 847  63B0 06 10            LD B, MAX_BALLS
 848  63B2
 849  63B2              .update_loop:
 850  63B2 DD 7E 06         LD A, (IX+BALL_ACTIVE)
 851  63B5 B7               OR A
 852  63B6 CA F7 64         JP Z, .next_ball
 853  63B9
 854  63B9                  ; Approach state: BALL_SPEED != 0 — шар привязан к target в цепочке
 855  63B9 DD 7E 05         LD A, (IX+BALL_SPEED)
 856  63BC B7               OR A
 857  63BD C2 CB 63         JP NZ, .approaching
 858  63C0
 859  63C0 C5               PUSH BC                 ; MoveBall/MulSigned ломают B
 860  63C1 CD 01 65         CALL MoveBall
 861  63C4 CD 50 65         CALL CheckBoundary
 862  63C7 C1               POP BC
 863  63C8 C3 F7 64         JP .next_ball
 864  63CB
 865  63CB              .approaching:
 866  63CB C5               PUSH BC
 867  63CC CD 50 65         CALL CheckBoundary       ; снимаем шар если ушёл за screen
 868  63CF DD 7E 06         LD A, (IX+BALL_ACTIVE)
 869  63D2 B7               OR A
 870  63D3 CA F6 64         JP Z, .ap_not_arrived
 871  63D6
 872  63D6                  ; Validate target_idx — если >= SlotsLen, цель устарела (match-3 укоротил цепочку)
 873  63D6 DD E5            PUSH IX
 873  63D8 E1             POP HL
 874  63D9 11 E5 89         LD DE, BallTable
 874  63DC A7             AND A
 874  63DD ED 52          SBC HL, DE
 875  63DF CB 3C            SRL H
 875  63E1 CB 1D          RR L
 875  63E3 CB 3C          SRL H
 875  63E5 CB 1D          RR L
 875  63E7 CB 3C          SRL H
 875  63E9 CB 1D          RR L
 876  63EB 11 65 8A         LD DE, BallTargetIdx
 876  63EE 19             ADD HL, DE
 877  63EF 7E               LD A, (HL)                                  ; A = target_idx
 878  63F0 21 27 8F         LD HL, Chain0_SlotsLen
 879  63F3 BE               CP (HL)
 880  63F4 38 0A            JR C, .ap_target_ok                         ; target_idx < SlotsLen — OK
 881  63F6 AF               XOR A                                       ; иначе — kill ball
 882  63F7 DD 77 06         LD (IX+BALL_ACTIVE), A
 883  63FA DD 77 05         LD (IX+BALL_SPEED), A
 884  63FD C3 F6 64         JP .ap_not_arrived
 885  6400              .ap_target_ok:
 886  6400                  ; ball_index = (IX - BallTable) / 8
 887  6400 DD E5            PUSH IX
 888  6402 E1               POP HL
 889  6403 11 E5 89         LD DE, BallTable
 890  6406 A7               AND A
 890  6407 ED 52          SBC HL, DE
 891  6409 CB 3C            SRL H
 891  640B CB 1D          RR L
 892  640D CB 3C            SRL H
 892  640F CB 1D          RR L
 893  6411 CB 3C            SRL H
 893  6413 CB 1D          RR L
 894  6415 11 65 8A         LD DE, BallTargetIdx
 895  6418 19               ADD HL, DE
 896  6419 7E               LD A, (HL)                            ; A = target_idx
 897  641A CD 7C 6D         CALL ComputeApproachTarget            ; → TmpTargetX, TmpTargetY (top-left)
 898  641D
 899  641D                  ; --- движение по X к TmpTargetX (шаг 4 пикс)
 900  641D DD 6E 00         LD L, (IX+BALL_X)
 900  6420 DD 66 01       LD H, (IX+BALL_X+1)
 901  6423 ED 5B D9 89      LD DE, (TmpTargetX)
 902  6427 A7               AND A
 903  6428 ED 52            SBC HL, DE                            ; HL = ball - target
 904  642A 30 21            JR NC, .ap_x_ge                       ; ball >= target → шаг назад
 905  642C                  ; ball < target → шаг вперёд
 906  642C AF               XOR A
 906  642D 95             SUB L
 906  642E 6F             LD L, A
 907  642F 3E 00            LD A, 0
 907  6431 9C             SBC A, H
 907  6432 67             LD H, A          ; HL = |dx|
 908  6433 7C               LD A, H
 908  6434 B7             OR A
 908  6435 20 0A          JR NZ, .ap_x_add4
 909  6437 7D               LD A, L
 909  6438 FE 05          CP 5
 909  643A 30 05          JR NC, .ap_x_add4
 910  643C                  ; |dx| <= 4 → ball.X = target.X
 911  643C 2A D9 89         LD HL, (TmpTargetX)
 912  643F 18 26            JR .ap_x_store
 913  6441              .ap_x_add4:
 914  6441 DD 6E 00         LD L, (IX+BALL_X)
 914  6444 DD 66 01       LD H, (IX+BALL_X+1)
 915  6447 11 04 00         LD DE, 4
 916  644A 19               ADD HL, DE
 917  644B 18 1A            JR .ap_x_store
 918  644D              .ap_x_ge:
 919  644D 7C               LD A, H
 919  644E B7             OR A
 919  644F 20 0A          JR NZ, .ap_x_sub4
 920  6451 7D               LD A, L
 920  6452 FE 05          CP 5
 920  6454 30 05          JR NC, .ap_x_sub4
 921  6456 2A D9 89         LD HL, (TmpTargetX)
 922  6459 18 0C            JR .ap_x_store
 923  645B              .ap_x_sub4:
 924  645B DD 6E 00         LD L, (IX+BALL_X)
 924  645E DD 66 01       LD H, (IX+BALL_X+1)
 925  6461 11 04 00         LD DE, 4
 926  6464 A7               AND A
 927  6465 ED 52            SBC HL, DE
 928  6467              .ap_x_store:
 929  6467 DD 75 00         LD (IX+BALL_X), L
 930  646A 7C               LD A, H
 930  646B DD 77 01       LD (IX+BALL_X+1), A
 931  646E
 932  646E                  ; --- движение по Y к TmpTargetY
 933  646E DD 6E 02         LD L, (IX+BALL_Y)
 933  6471 DD 66 03       LD H, (IX+BALL_Y+1)
 934  6474 ED 5B DB 89      LD DE, (TmpTargetY)
 935  6478 A7               AND A
 936  6479 ED 52            SBC HL, DE
 937  647B 30 21            JR NC, .ap_y_ge
 938  647D AF               XOR A
 938  647E 95             SUB L
 938  647F 6F             LD L, A
 939  6480 3E 00            LD A, 0
 939  6482 9C             SBC A, H
 939  6483 67             LD H, A
 940  6484 7C               LD A, H
 940  6485 B7             OR A
 940  6486 20 0A          JR NZ, .ap_y_add4
 941  6488 7D               LD A, L
 941  6489 FE 05          CP 5
 941  648B 30 05          JR NC, .ap_y_add4
 942  648D 2A DB 89         LD HL, (TmpTargetY)
 943  6490 18 26            JR .ap_y_store
 944  6492              .ap_y_add4:
 945  6492 DD 6E 02         LD L, (IX+BALL_Y)
 945  6495 DD 66 03       LD H, (IX+BALL_Y+1)
 946  6498 11 04 00         LD DE, 4
 947  649B 19               ADD HL, DE
 948  649C 18 1A            JR .ap_y_store
 949  649E              .ap_y_ge:
 950  649E 7C               LD A, H
 950  649F B7             OR A
 950  64A0 20 0A          JR NZ, .ap_y_sub4
 951  64A2 7D               LD A, L
 951  64A3 FE 05          CP 5
 951  64A5 30 05          JR NC, .ap_y_sub4
 952  64A7 2A DB 89         LD HL, (TmpTargetY)
 953  64AA 18 0C            JR .ap_y_store
 954  64AC              .ap_y_sub4:
 955  64AC DD 6E 02         LD L, (IX+BALL_Y)
 955  64AF DD 66 03       LD H, (IX+BALL_Y+1)
 956  64B2 11 04 00         LD DE, 4
 957  64B5 A7               AND A
 958  64B6 ED 52            SBC HL, DE
 959  64B8              .ap_y_store:
 960  64B8 DD 75 02         LD (IX+BALL_Y), L
 961  64BB 7C               LD A, H
 961  64BC DD 77 03       LD (IX+BALL_Y+1), A
 962  64BF
 963  64BF                  ; --- если ball == target по обеим осям → insert + delete
 964  64BF DD 6E 00         LD L, (IX+BALL_X)
 964  64C2 DD 66 01       LD H, (IX+BALL_X+1)
 965  64C5 ED 5B D9 89      LD DE, (TmpTargetX)
 966  64C9 A7               AND A
 966  64CA ED 52          SBC HL, DE
 967  64CC 20 28            JR NZ, .ap_not_arrived
 968  64CE DD 6E 02         LD L, (IX+BALL_Y)
 968  64D1 DD 66 03       LD H, (IX+BALL_Y+1)
 969  64D4 ED 5B DB 89      LD DE, (TmpTargetY)
 970  64D8 A7               AND A
 970  64D9 ED 52          SBC HL, DE
 971  64DB 20 19            JR NZ, .ap_not_arrived
 972  64DD
 973  64DD 3A BB 89         LD A, (TmpChainIdx)
 974  64E0 32 CA 89         LD (TmpInsertIdx), A
 975  64E3 DD 7E 07         LD A, (IX+BALL_COLOR)
 976  64E6 32 D8 89         LD (TmpInsertColor), A
 977  64E9 CD BB 68         CALL InsertChainBall
 978  64EC CD 8A 6A         CALL CheckMatch3                          ; pending compaction установит cascade flow
 979  64EF              .ap_combo_done:
 980  64EF AF               XOR A
 981  64F0 DD 77 06         LD (IX+BALL_ACTIVE), A
 982  64F3 DD 77 05         LD (IX+BALL_SPEED), A
 983  64F6              .ap_not_arrived:
 984  64F6 C1               POP BC
 985  64F7
 986  64F7              .next_ball:
 987  64F7 11 08 00         LD DE, 8
 988  64FA DD 19            ADD IX, DE
 989  64FC 05               DEC B
 990  64FD C2 B2 63         JP NZ, .update_loop
 991  6500 C9               RET
 992  6501
 993  6501              ; ================================================================
 994  6501              ; ДВИЖЕНИЕ ШАРА: BallX/Y += DirX/Y[N]. Скорость 4 пикс/кадр на осях.
 995  6501              ; ================================================================
 996  6501              MoveBall:
 997  6501 DD 7E 04         LD A, (IX+BALL_ANGLE)
 998  6504 CB 3F            SRL A
 998  6506 CB 3F          SRL A
 998  6508 CB 3F          SRL A           ; N = angle >> 3
 999  650A 5F               LD E, A
1000  650B 16 00            LD D, 0
1001  650D
1002  650D 21 A9 8F         LD HL, DirXTable
1003  6510 19               ADD HL, DE
1004  6511 7E               LD A, (HL)
1005  6512 6F               LD L, A
1006  6513 26 00            LD H, 0
1007  6515 CB 7F            BIT 7, A
1008  6517 28 01            JR Z, .mb_x_pos
1009  6519 25               DEC H
1010  651A              .mb_x_pos:
1011  651A DD 5E 00 DD      LD DE, (IX+BALL_X)
1011  651E 56 01
1012  6520 19               ADD HL, DE
1013  6521 DD 75 00         LD (IX+BALL_X), L
1014  6524 7C               LD A, H
1015  6525 DD 77 01         LD (IX+BALL_X+1), A
1016  6528
1017  6528 DD 7E 04         LD A, (IX+BALL_ANGLE)
1018  652B CB 3F            SRL A
1018  652D CB 3F          SRL A
1018  652F CB 3F          SRL A
1019  6531 5F               LD E, A
1020  6532 16 00            LD D, 0
1021  6534 21 C9 8F         LD HL, DirYTable
1022  6537 19               ADD HL, DE
1023  6538 7E               LD A, (HL)
1024  6539 6F               LD L, A
1025  653A 26 00            LD H, 0
1026  653C CB 7F            BIT 7, A
1027  653E 28 01            JR Z, .mb_y_pos
1028  6540 25               DEC H
1029  6541              .mb_y_pos:
1030  6541 DD 5E 02 DD      LD DE, (IX+BALL_Y)
1030  6545 56 03
1031  6547 19               ADD HL, DE
1032  6548 DD 75 02         LD (IX+BALL_Y), L
1033  654B 7C               LD A, H
1034  654C DD 77 03         LD (IX+BALL_Y+1), A
1035  654F C9               RET
1036  6550
1037  6550              ; ================================================================
1038  6550              ; ПРОВЕРКА ГРАНИЦ — Zuma-стиль: шар вылетает за экран → удаляется.
1039  6550              ; Удаляем когда top-left уходит за пределы видимой области.
1040  6550              ; ================================================================
1041  6550              CheckBoundary:
1042  6550                  ; X < 0 (signed) → удалить
1043  6550 DD 6E 00 DD      LD HL, (IX+BALL_X)
1043  6554 66 01
1044  6556 CB 7C            BIT 7, H
1045  6558 20 1B            JR NZ, .cb_remove
1046  655A                  ; X >= SCR_W (360) → удалить
1047  655A 11 68 01         LD DE, SCR_W
1048  655D A7               AND A
1049  655E ED 52            SBC HL, DE
1050  6560 30 13            JR NC, .cb_remove
1051  6562
1052  6562                  ; Y
1053  6562 DD 6E 02 DD      LD HL, (IX+BALL_Y)
1053  6566 66 03
1054  6568 CB 7C            BIT 7, H
1055  656A 20 09            JR NZ, .cb_remove
1056  656C 11 20 01         LD DE, SCR_H
1057  656F A7               AND A
1058  6570 ED 52            SBC HL, DE
1059  6572 30 01            JR NC, .cb_remove
1060  6574 C9               RET                         ; шар в пределах экрана
1061  6575
1062  6575              .cb_remove:
1063  6575 AF               XOR A
1064  6576 DD 77 06         LD (IX+BALL_ACTIVE), A
1065  6579                  ; Очищаем 6 байт дескриптора в SFILE — иначе TSU продолжит рисовать старые
1066  6579                  ; координаты пока UpdateBallSprites не дойдёт до этого слота. С skip-inactive
1067  6579                  ; в UBS, без этой очистки дескриптор живёт вечно.
1068  6579 E5               PUSH HL
1069  657A D5               PUSH DE
1070  657B C5               PUSH BC
1071  657C DD E5            PUSH IX
1072  657E E1               POP HL                          ; HL = IX
1073  657F 11 E5 89         LD DE, BallTable
1074  6582 A7               AND A
1075  6583 ED 52            SBC HL, DE                      ; HL = slot_index * 8 (BallTable struct stride)
1076  6585                  ; slot = HL/8 (slot 0..31, H=0)
1077  6585 7D               LD A, L
1078  6586 CB 3F            SRL A
1078  6588 CB 3F          SRL A
1078  658A CB 3F          SRL A           ; A = slot
1079  658C                  ; descriptor = DESC_BALL0 + slot*6
1080  658C 26 00            LD H, 0
1080  658E 6F             LD L, A
1081  658F 54               LD D, H
1081  6590 5D             LD E, L               ; DE = slot
1082  6591 29               ADD HL, HL                      ; HL = slot*2
1083  6592 19               ADD HL, DE                      ; HL = slot*3
1084  6593 29               ADD HL, HL                      ; HL = slot*6
1085  6594 11 7A 03         LD DE, DESC_BALL0
1086  6597 19               ADD HL, DE                      ; HL = descriptor address
1087  6598 01 AF 15         LD BC, FMADDR
1087  659B 3E 10          LD A, FM_EN
1087  659D ED 79          OUT (C), A
1088  659F AF               XOR A
1089  65A0 06 06            LD B, 6
1090  65A2              .cb_clr:
1091  65A2 77               LD (HL), A
1092  65A3 23               INC HL
1093  65A4 10 FC            DJNZ .cb_clr
1094  65A6 01 AF 15         LD BC, FMADDR
1094  65A9 AF             XOR A
1094  65AA ED 79          OUT (C), A
1095  65AC C1               POP BC
1096  65AD D1               POP DE
1097  65AE E1               POP HL
1098  65AF C9               RET
1099  65B0
1100  65B0              ; ================================================================
1101  65B0              ; ПРОВЕРКА КОЛЛИЗИЙ
1102  65B0              ; ================================================================
1103  65B0              CheckCollisions:
1104  65B0 CD B4 65         CALL CheckBallCollisions
1105  65B3 C9               RET
1106  65B4
1107  65B4              CheckBallCollisions:
1108  65B4 DD 21 E5 89      LD IX, BallTable
1109  65B8 06 10            LD B, MAX_BALLS
1110  65BA              .outer:
1111  65BA DD 7E 06         LD A, (IX+BALL_ACTIVE)
1112  65BD B7               OR A
1113  65BE 28 62            JR Z, .next_outer
1114  65C0
1115  65C0 FD 21 E5 89      LD IY, BallTable
1116  65C4 0E 10            LD C, MAX_BALLS
1117  65C6              .inner:
1118  65C6 FD 7E 06         LD A, (IY+BALL_ACTIVE)
1119  65C9 B7               OR A
1120  65CA 28 4E            JR Z, .next_inner
1121  65CC
1122  65CC                  ; Сравниваем адреса
1123  65CC DD 7D            LD A, IXL
1124  65CE FD BD            CP IYL
1125  65D0 20 06            JR NZ, .check
1126  65D2 DD 7C            LD A, IXH
1127  65D4 FD BC            CP IYH
1128  65D6 28 42            JR Z, .next_inner
1129  65D8
1130  65D8              .check:
1131  65D8 C5               PUSH BC                 ; B/C — счётчики циклов, сохраняем
1132  65D9                  ; |dx| → стек (BC сохранены, потому push дальше)
1133  65D9 DD 6E 00 DD      LD HL, (IX+BALL_X)
1133  65DD 66 01
1134  65DF FD 5E 00 FD      LD DE, (IY+BALL_X)
1134  65E3 56 01
1135  65E5 CD 2A 66         CALL AbsDiff16
1136  65E8 E5               PUSH HL                 ; save |dx| на стек
1137  65E9
1138  65E9                  ; |dy| → HL
1139  65E9 DD 6E 02 DD      LD HL, (IX+BALL_Y)
1139  65ED 66 03
1140  65EF FD 5E 02 FD      LD DE, (IY+BALL_Y)
1140  65F3 56 03
1141  65F5 CD 2A 66         CALL AbsDiff16
1142  65F8 D1               POP DE                  ; DE = |dx|
1143  65F9
1144  65F9                  ; Столкновение если |dx| < 16 и |dy| < 16 (16-bit checks)
1145  65F9 7A               LD A, D
1146  65FA B7               OR A
1147  65FB 20 1C            JR NZ, .cbc_no_hit      ; |dx| ≥ 256
1148  65FD 7B               LD A, E
1149  65FE FE 10            CP 16
1150  6600 30 17            JR NC, .cbc_no_hit
1151  6602 7C               LD A, H
1152  6603 B7               OR A
1153  6604 20 13            JR NZ, .cbc_no_hit
1154  6606 7D               LD A, L
1155  6607 FE 10            CP 16
1156  6609 30 0E            JR NC, .cbc_no_hit
1157  660B
1158  660B                  ; Отскок — swap углов
1159  660B DD 7E 04         LD A, (IX+BALL_ANGLE)
1160  660E 57               LD D, A
1161  660F FD 7E 04         LD A, (IY+BALL_ANGLE)
1162  6612 DD 77 04         LD (IX+BALL_ANGLE), A
1163  6615 7A               LD A, D
1164  6616 FD 77 04         LD (IY+BALL_ANGLE), A
1165  6619              .cbc_no_hit:
1166  6619 C1               POP BC                  ; восстановить счётчики
1167  661A
1168  661A              .next_inner:
1169  661A 11 08 00         LD DE, 8
1170  661D FD 19            ADD IY, DE
1171  661F 0D               DEC C
1172  6620 20 A4            JR NZ, .inner
1173  6622
1174  6622              .next_outer:
1175  6622 11 08 00         LD DE, 8
1176  6625 DD 19            ADD IX, DE
1177  6627 10 91            DJNZ .outer
1178  6629 C9               RET
1179  662A
1180  662A              ; ================================================================
1181  662A              ; АБСОЛЮТНАЯ РАЗНОСТЬ 16-БИТ
1182  662A              ; ================================================================
1183  662A              AbsDiff16:
1184  662A A7               AND A
1185  662B ED 52            SBC HL, DE
1186  662D 30 07            JR NC, .positive
1187  662F 7C               LD A, H
1188  6630 2F               CPL
1189  6631 67               LD H, A
1190  6632 7D               LD A, L
1191  6633 2F               CPL
1192  6634 6F               LD L, A
1193  6635 23               INC HL
1194  6636              .positive:
1195  6636 C9               RET
1196  6637
1197  6637              ; ================================================================
1198  6637              ; ОБНОВЛЕНИЕ СПРАЙТА ЛЯГУШКИ
1199  6637              ; ================================================================
1200  6637              UpdateFrogSprite:
1201  6637                  ; Кешируем CosTab16[N_dir] и SinTab16[N_dir] для последующих UpdatePreview/Back —
1202  6637                  ; не считать заново, экономит ~150 cycles на pre-frame.
1203  6637 3A 8F 89         LD A, (FrogAngle)
1204  663A CB 3F            SRL A
1204  663C CB 3F          SRL A
1204  663E CB 3F          SRL A           ; A = N_dir (0..31, индекс DirTable)
1205  6640 5F               LD E, A
1205  6641 16 00          LD D, 0
1206  6643 21 E9 8F         LD HL, CosTab16
1206  6646 19             ADD HL, DE
1207  6647 7E               LD A, (HL)
1207  6648 32 E2 89       LD (FrogDirCos), A
1208  664B 21 09 90         LD HL, SinTab16
1208  664E 19             ADD HL, DE
1209  664F 7E               LD A, (HL)
1209  6650 32 E3 89       LD (FrogDirSin), A
1210  6653
1211  6653 01 AF 15         LD BC, FMADDR
1211  6656 3E 10          LD A, FM_EN
1211  6658 ED 79          OUT (C), A
1212  665A 21 00 02         LD HL, #0200
1213  665D
1214  665D ED 5B 8D 89      LD DE, (FrogY)
1215  6661 73               LD (HL), E
1215  6662 23             INC HL
1216  6663 36 2E            LD (HL), %00101110              ; SPSIZ64+ACT
1217  6665 23               INC HL
1218  6666
1219  6666 ED 5B 8B 89      LD DE, (FrogX)
1220  666A 73               LD (HL), E
1220  666B 23             INC HL
1221  666C 7A               LD A, D
1221  666D E6 01          AND 1
1221  666F F6 0E          OR %00001110
1222  6671 77               LD (HL), A
1222  6672 23             INC HL
1223  6673
1224  6673                  ; TNUM frog 64×64: N_frame = (FrogAngle+192)>>3, TNUM = (N>>3)*512 + (N&7)*8.
1225  6673 3A 8F 89         LD A, (FrogAngle)
1226  6676 C6 C0            ADD A, 192
1227  6678 CB 3F            SRL A
1227  667A CB 3F          SRL A
1227  667C CB 3F          SRL A           ; A = N_frame (0..31)
1228  667E 57               LD D, A
1229  667F CB 3F            SRL A
1229  6681 CB 3F          SRL A
1230  6683 E6 06            AND %00000110                   ; A = (N>>3)*2 = TNUM[11:8]
1231  6685 5F               LD E, A
1232  6686 7A               LD A, D
1232  6687 E6 07          AND %00000111         ; A = N&7
1233  6689 87               ADD A, A
1233  668A 87             ADD A, A
1233  668B 87             ADD A, A  ; A = (N&7)*8 = TNUM[7:0]
1234  668C 77               LD (HL), A
1234  668D 23             INC HL
1235  668E 7B               LD A, E
1235  668F 77             LD (HL), A
1236  6690
1237  6690 01 AF 15         LD BC, FMADDR
1237  6693 AF             XOR A
1237  6694 ED 79          OUT (C), A
1238  6696 C9               RET
1239  6697
1240  6697              ; ================================================================
1241  6697              ; ОБНОВЛЕНИЕ СПРАЙТОВ ШАРОВ — пишем descriptor для ВСЕХ 32 слотов каждый кадр:
1242  6697              ; активные = данные шара, неактивные = 6 нулей (ACT=0). Это гарантирует, что
1243  6697              ; descriptors шаров не содержат stale данных от предыдущих кадров или ROM-мусор.
1244  6697              ; ================================================================
1245  6697              UpdateBallSprites:
1246  6697 DD 21 E5 89      LD IX, BallTable
1247  669B 0E 01            LD C, 1
1248  669D              .loop:
1249  669D C5               PUSH BC
1250  669E CD AE 66         CALL UpdateBallSprite
1251  66A1 C1               POP BC
1252  66A2 11 08 00         LD DE, 8
1253  66A5 DD 19            ADD IX, DE
1254  66A7 0C               INC C
1255  66A8 79               LD A, C
1256  66A9 FE 11            CP MAX_BALLS+1
1257  66AB 38 F0            JR C, .loop
1258  66AD C9               RET
1259  66AE
1260  66AE              ; ================================================================
1261  66AE              ; ОБНОВЛЕНИЕ СПРАЙТА ШАРА (16×16, 4bpp).
1262  66AE              ; Атлас в page 7 на TNUM 768 + COLOR*2 (от 768 до 778). SPAL = 2 + COLOR.
1263  66AE              ; Если ACTIVE=0, пишем нулевой дескриптор (ACT bit не установлен → невидимый).
1264  66AE              ; ================================================================
1265  66AE              UpdateBallSprite:
1266  66AE                  ; HL = DESC_BALL0 + (C-1)*6  (C = 1..MAX_BALLS).
1267  66AE                  ; Для C=1: HL = #020C (descriptor 2). Для C=32: HL = #02C6 (descriptor 33).
1268  66AE 79               LD A, C
1269  66AF 3D               DEC A
1270  66B0 6F               LD L, A
1271  66B1 26 00            LD H, 0
1272  66B3 54               LD D, H
1272  66B4 5D             LD E, L                       ; DE = C-1
1273  66B5 29               ADD HL, HL                              ; HL = 2*(C-1)
1274  66B6 19               ADD HL, DE                              ; HL = 3*(C-1)
1275  66B7 29               ADD HL, HL                              ; HL = 6*(C-1)
1276  66B8 11 7A 03         LD DE, DESC_BALL0
1277  66BB 19               ADD HL, DE                              ; HL = DESC_BALL0 + 6*(C-1)
1278  66BC
1279  66BC 01 AF 15         LD BC, FMADDR
1279  66BF 3E 10          LD A, FM_EN
1279  66C1 ED 79          OUT (C), A
1280  66C3
1281  66C3 DD 7E 06         LD A, (IX+BALL_ACTIVE)
1282  66C6 B7               OR A
1283  66C7 28 34            JR Z, .ubs_clear
1284  66C9
1285  66C9 DD 5E 02 DD      LD DE, (IX+BALL_Y)
1285  66CD 56 03
1286  66CF 73               LD (HL), E
1286  66D0 23             INC HL                  ; Y_L
1287  66D1 7A               LD A, D
1287  66D2 E6 01          AND 1
1287  66D4 F6 24          OR SPACT+SPSIZ24
1288  66D6 77               LD (HL), A
1288  66D7 23             INC HL                  ; Y flags + ACT + SIZE16
1289  66D8
1290  66D8 DD 5E 00 DD      LD DE, (IX+BALL_X)
1290  66DC 56 01
1291  66DE 73               LD (HL), E
1291  66DF 23             INC HL                  ; X_L
1292  66E0 7A               LD A, D
1292  66E1 E6 01          AND 1
1292  66E3 F6 04          OR SPSIZ24
1293  66E5 77               LD (HL), A
1293  66E6 23             INC HL                  ; X flags + SIZE24
1294  66E7
1295  66E7                  ; TNUM_L = COLOR * 3 (24×24 ball stride 3 cells; TNUM = 2304 + COLOR*3)
1296  66E7 DD 7E 07         LD A, (IX+BALL_COLOR)
1297  66EA 57               LD D, A
1297  66EB 87             ADD A, A
1297  66EC 82             ADD A, D
1298  66ED 77               LD (HL), A
1298  66EE 23             INC HL
1299  66EF
1300  66EF DD 7E 07         LD A, (IX+BALL_COLOR)
1301  66F2 C6 02            ADD A, 2
1302  66F4 87               ADD A, A
1302  66F5 87             ADD A, A
1302  66F6 87             ADD A, A
1302  66F7 87             ADD A, A
1303  66F8 F6 09            OR 9
1304  66FA 77               LD (HL), A
1305  66FB 18 11            JR .ubs_done
1306  66FD
1307  66FD              .ubs_clear:
1308  66FD 36 2C            LD (HL), #2C
1308  66FF 23             INC HL                ; Y_L = 44 (300 - 256)
1309  6700 36 25            LD (HL), SPACT+SPSIZ24+1
1309  6702 23             INC HL    ; Y=300 + ACT + SIZE24
1310  6703 36 00            LD (HL), 0
1310  6705 23             INC HL                  ; X_L = 0
1311  6706 36 04            LD (HL), SPSIZ24
1311  6708 23             INC HL            ; X_H + SIZE24
1312  6709 36 00            LD (HL), 0
1312  670B 23             INC HL                  ; TNUM_L
1313  670C 36 00            LD (HL), 0                            ; TNUM_H + SPAL=0
1314  670E
1315  670E              .ubs_done:
1316  670E 01 AF 15         LD BC, FMADDR
1316  6711 AF             XOR A
1316  6712 ED 79          OUT (C), A
1317  6714 C9               RET
1318  6715
1319  6715              ; ================================================================
1320  6715              ; TRY SPAWN AND COUNT — обёртка вокруг SpawnChainBall, считает фактически
1321  6715              ; добавленных шаров (ChainLen после − ChainLen до). Saturate at 255.
1322  6715              ; ================================================================
1323  6715              TrySpawnAndCount:
1324  6715 3A 27 8F         LD A, (Chain0_SlotsLen)
1325  6718 F5               PUSH AF                                ; сохраняем prev на стек
1326  6719 CD 2C 67         CALL SpawnChainBall
1327  671C D1               POP DE                                 ; D = prev SlotsLen
1328  671D 3A 27 8F         LD A, (Chain0_SlotsLen)
1329  6720 92               SUB D
1330  6721 C8               RET Z
1331  6722 21 BF 89         LD HL, BallsSpawned
1332  6725 86               ADD A, (HL)
1333  6726 30 02            JR NC, .tsc_save
1334  6728 3E FF            LD A, 255                              ; saturate
1335  672A              .tsc_save:
1336  672A 77               LD (HL), A
1337  672B C9               RET
1338  672C
1339  672C              ; ================================================================
1340  672C              ; SPAWN CHAIN BALL — добавить новый шар в tail (Slots[SlotsLen] = color).
1341  672C              ; Шар появится на t = (HSA - SlotsLen) * CELL_SIZE + HeadSub — может быть
1342  672C              ; отрицательным в начале; станет видимым по мере движения цепочки (HSA растёт).
1343  672C              ; ================================================================
1344  672C              ; Агрессивный спавн: спавним в цикле, пока есть место (= SlotsLen < MAX_SLOTS_PER_CHAIN)
1345  672C              ; и tail настроен (offset=0). Держит хвост прижатым к старту трека.
1346  672C              SpawnChainBall:
1347  672C              .scb_loop:
1348  672C                  ; Pending compaction (visible gap) — стоп.
1349  672C 3A 9C 89         LD A, (CompactTimer)
1350  672F B7               OR A
1351  6730 C0               RET NZ
1352  6731
1353  6731 3A 27 8F         LD A, (Chain0_SlotsLen)
1354  6734 FE F0            CP MAX_SLOTS_PER_CHAIN
1355  6736 D0               RET NC                               ; full → стоп
1356  6737
1357  6737                  ; Stall-animation safety: спавн разрешён только если tail-шар (SlotsLen-1)
1358  6737                  ; имеет offset=0 (= не двигается).
1359  6737 B7               OR A
1360  6738 28 0B            JR Z, .scb_check_place               ; SlotsLen=0 → нет tail-шара, OK
1361  673A 3D               DEC A
1362  673B 26 00            LD H, 0
1362  673D 6F             LD L, A
1363  673E 11 65 8B         LD DE, Chain0_SlotOffsets
1364  6741 19               ADD HL, DE
1365  6742 7E               LD A, (HL)
1366  6743 B7               OR A
1367  6744 C0               RET NZ                               ; tail offset ≠ 0 → не спавн
1368  6745              .scb_check_place:
1369  6745
1370  6745                  ; Должно быть HeadSlotAbs >= SlotsLen (иначе tail за стартом трека).
1371  6745 3A 25 8F         LD A, (Chain0_HeadSlotAbs)
1372  6748 21 27 8F         LD HL, Chain0_SlotsLen
1373  674B BE               CP (HL)
1374  674C D8               RET C                                ; HeadSlotAbs < SlotsLen → нет места
1375  674D
1376  674D                  ; Slots[SlotsLen] = NextChainColor; SlotOffsets[SlotsLen] = 0
1377  674D 3A 27 8F         LD A, (Chain0_SlotsLen)
1378  6750 26 00            LD H, 0
1378  6752 6F             LD L, A
1379  6753 11 75 8A         LD DE, Chain0_Slots
1380  6756 19               ADD HL, DE                              ; HL = &Slots[SlotsLen]
1381  6757
1382  6757                  ; Anti-3-in-row spawn-guard
1383  6757 3A C1 89         LD A, (NextChainColor)
1384  675A 47               LD B, A                                 ; B = candidate
1385  675B 3A 27 8F         LD A, (Chain0_SlotsLen)
1386  675E FE 02            CP 2
1387  6760 38 13            JR C, .scb_no_avoid                     ; SlotsLen<2 → нечему совпадать
1388  6762 E5               PUSH HL
1389  6763 2B               DEC HL                                  ; &Slots[len-1]
1390  6764 7E               LD A, (HL)
1391  6765 2B               DEC HL                                  ; &Slots[len-2]
1392  6766 BE               CP (HL)
1393  6767 20 0B            JR NZ, .scb_avoid_done
1394  6769 B8               CP B
1395  676A 20 08            JR NZ, .scb_avoid_done
1396  676C 78               LD A, B
1397  676D 3C               INC A
1398  676E FE 06            CP NUM_BALL_COLORS
1399  6770 38 01            JR C, .scb_avoid_store
1400  6772 AF               XOR A
1401  6773              .scb_avoid_store:
1402  6773 47               LD B, A
1403  6774              .scb_avoid_done:
1404  6774 E1               POP HL
1405  6775              .scb_no_avoid:
1406  6775 78               LD A, B
1407  6776 77               LD (HL), A
1408  6777
1409  6777                  ; SlotOffsets[SlotsLen] = SlotOffsets[SlotsLen-1] (или 0 если цепь пуста).
1410  6777                  ; Шар появляется 32 px позади хвоста с тем же offset → синхронный decay phase,
1411  6777                  ; ровный 32 px spacing, нет «дырок» между ним и хвостом.
1412  6777 3A 27 8F         LD A, (Chain0_SlotsLen)
1413  677A B7               OR A
1414  677B 28 0B            JR Z, .scb_off_zero
1415  677D 3D               DEC A
1416  677E 26 00            LD H, 0
1416  6780 6F             LD L, A
1417  6781 11 65 8B         LD DE, Chain0_SlotOffsets
1418  6784 19               ADD HL, DE
1419  6785 7E               LD A, (HL)                               ; A = SlotOffsets[SlotsLen-1]
1420  6786 18 01            JR .scb_off_set
1421  6788              .scb_off_zero:
1422  6788 AF               XOR A
1423  6789              .scb_off_set:
1424  6789 4F               LD C, A                                  ; C = new_offset
1425  678A 3A 27 8F         LD A, (Chain0_SlotsLen)
1426  678D 26 00            LD H, 0
1426  678F 6F             LD L, A
1427  6790 11 65 8B         LD DE, Chain0_SlotOffsets
1428  6793 19               ADD HL, DE
1429  6794 71               LD (HL), C
1430  6795
1431  6795 CD D3 67         CALL RandomChainColor
1432  6798 32 C1 89         LD (NextChainColor), A
1433  679B 3A 27 8F         LD A, (Chain0_SlotsLen)
1434  679E 3C               INC A
1435  679F 32 27 8F         LD (Chain0_SlotsLen), A
1436  67A2 18 88            JR .scb_loop
1437  67A4
1438  67A4              ; ================================================================
1439  67A4              ; LFSR16 — Galois 16-битный, polynomial $D008. Период 65535.
1440  67A4              ; Вход: HL = текущий seed (≠0). Выход: HL = новый seed.
1441  67A4              ; ================================================================
1442  67A4              LFSR16:
1443  67A4 CB 3C            SRL H
1444  67A6 CB 1D            RR L
1445  67A8 D0               RET NC
1446  67A9 7C               LD A, H
1446  67AA EE D0          XOR $D0
1446  67AC 67             LD H, A
1447  67AD 7D               LD A, L
1447  67AE EE 08          XOR $08
1447  67B0 6F             LD L, A
1448  67B1 C9               RET
1449  67B2
1450  67B2              ; ================================================================
1451  67B2              ; READ RTC SECONDS — читает регистр 0 GLUK CMOS RTC, возвращает binary 0..59.
1452  67B2              ; Порты #DFF7 (адрес) / #BFF7 (данные). Регистр 0 = секунды (BCD).
1453  67B2              ; ================================================================
1454  67B2              ReadRTCSeconds:
1455  67B2 01 F7 DF         LD BC, #DFF7
1456  67B5 AF               XOR A
1457  67B6 ED 79            OUT (C), A                            ; reg 0 = seconds
1458  67B8 01 F7 BF         LD BC, #BFF7
1459  67BB ED 78            IN A, (C)                             ; A = BCD seconds
1460  67BD 47               LD B, A
1461  67BE E6 0F            AND $0F                               ; low nibble
1462  67C0 4F               LD C, A
1463  67C1 78               LD A, B
1464  67C2 E6 F0            AND $F0
1465  67C4 CB 3F            SRL A
1465  67C6 CB 3F          SRL A
1465  67C8 CB 3F          SRL A
1465  67CA CB 3F          SRL A         ; high nibble (0..5)
1466  67CC 47               LD B, A
1467  67CD                  ; A = high*10 + low
1468  67CD 87               ADD A, A
1468  67CE 87             ADD A, A
1468  67CF 80             ADD A, B        ; *5
1469  67D0 87               ADD A, A                              ; *10
1470  67D1 81               ADD A, C                              ; +low
1471  67D2 C9               RET
1472  67D3
1473  67D3              ; ================================================================
1474  67D3              ; RANDOM CHAIN COLOR — LFSR без RTC. На ПЕРВОМ вызове seed scrambled
1475  67D3              ; через умножение low_byte(seed) на RTC секунды → разные стартовые
1476  67D3              ; последовательности per launch. Subsequent calls — чистый LFSR.
1477  67D3              ; Возвращает A в 0..5.
1478  67D3              ; ================================================================
1479  67D3              RandomChainColor:
1480  67D3 3A 96 89         LD A, (ChainColorFirst)
1481  67D6 B7               OR A
1482  67D7 28 29            JR Z, .rcc_normal
1483  67D9                  ; Первый вызов: scramble seed RTC секундами
1484  67D9 AF               XOR A
1485  67DA 32 96 89         LD (ChainColorFirst), A
1486  67DD CD B2 67         CALL ReadRTCSeconds
1487  67E0 B7               OR A
1488  67E1 20 02            JR NZ, .rcc_have_sec
1489  67E3 3E 01            LD A, 1                               ; защита от *0
1490  67E5              .rcc_have_sec:
1491  67E5 2A 94 89         LD HL, (ChainColorSeed)
1492  67E8 57               LD D, A                               ; D = RTC sec
1493  67E9 5F               LD E, A                               ; multiplier as DE
1494  67EA 7D               LD A, L                               ; A = low seed byte
1495  67EB 21 00 00         LD HL, 0
1496  67EE 06 08            LD B, 8
1497  67F0              .rcc_mul_seed:
1498  67F0 29               ADD HL, HL
1499  67F1 CB 27            SLA A
1500  67F3 30 01            JR NC, .rcc_no_add
1501  67F5 19               ADD HL, DE
1502  67F6              .rcc_no_add:
1503  67F6 10 F8            DJNZ .rcc_mul_seed
1504  67F8                  ; HL = low_seed * RTC_sec. Гарантируем не-ноль.
1505  67F8 7C               LD A, H
1505  67F9 B5             OR L
1506  67FA 20 03            JR NZ, .rcc_seed_ok
1507  67FC 21 34 12         LD HL, $1234
1508  67FF              .rcc_seed_ok:
1509  67FF 22 94 89         LD (ChainColorSeed), HL
1510  6802              .rcc_normal:
1511  6802 2A 94 89         LD HL, (ChainColorSeed)
1512  6805 CD A4 67         CALL LFSR16
1513  6808 22 94 89         LD (ChainColorSeed), HL
1514  680B                  ; mod LevelNumColors: 8x8 multiply A * E → HL, high byte = result.
1515  680B 7D               LD A, L                               ; A = random low byte
1516  680C 21 90 89         LD HL, LevelNumColors
1517  680F 5E               LD E, (HL)
1518  6810 16 00            LD D, 0
1519  6812 21 00 00         LD HL, 0
1520  6815 06 08            LD B, 8
1521  6817              .rcc_mul_n:
1522  6817 29               ADD HL, HL
1523  6818 CB 27            SLA A
1524  681A 30 01            JR NC, .rcc_mul_skip
1525  681C 19               ADD HL, DE
1526  681D              .rcc_mul_skip:
1527  681D 10 F8            DJNZ .rcc_mul_n
1528  681F 7C               LD A, H
1529  6820 C9               RET
1530  6821
1531  6821              ; ================================================================
1532  6821              ; COLOR BIT — для color N в 0..7 возвращает (1 << N).
1533  6821              ; Через таблицу, чтобы не клобберить BC. Clobbers HL/DE/A только.
1534  6821              ; ================================================================
1535  6821 01 02 04 08  ColorBitTable: DB 1, 2, 4, 8, 16, 32, 64, 128
1535  6825 10 20 40 80
1536  6829              ColorBit:
1537  6829 21 21 68         LD HL, ColorBitTable
1538  682C 16 00            LD D, 0
1539  682E 5F               LD E, A
1540  682F 19               ADD HL, DE
1541  6830 7E               LD A, (HL)
1542  6831 C9               RET
1543  6832
1544  6832              ; ================================================================
1545  6832              ; BUILD COLOR MASK — 6-бит маска цветов, присутствующих в цепочке.
1546  6832              ; Bit N = 1 если цвет N встречается в ChainColors[0..ChainLen-1].
1547  6832              ; Out: A = mask. Preserves BC, DE, HL.
1548  6832              ; ================================================================
1549  6832              BuildColorMask:
1550  6832 C5               PUSH BC
1551  6833 D5               PUSH DE
1552  6834 E5               PUSH HL
1553  6835 AF               XOR A
1554  6836 32 A8 89         LD (TmpColorMask), A
1555  6839 3A 27 8F         LD A, (Chain0_SlotsLen)
1556  683C B7               OR A
1557  683D 28 18            JR Z, .bcm_done
1558  683F 47               LD B, A
1559  6840 21 75 8A         LD HL, Chain0_Slots
1560  6843              .bcm_loop:
1561  6843 7E               LD A, (HL)
1562  6844 FE 06            CP 6
1563  6846 30 0C            JR NC, .bcm_skip                       ; цвет >=6 (включая GAP_STOP=#FE / GAP_CASCADE=#FD) → пропустить
1564  6848 C5               PUSH BC
1565  6849 E5               PUSH HL
1566  684A CD 29 68         CALL ColorBit
1567  684D 21 A8 89         LD HL, TmpColorMask
1568  6850 B6               OR (HL)
1569  6851 77               LD (HL), A
1570  6852 E1               POP HL
1571  6853 C1               POP BC
1572  6854              .bcm_skip:
1573  6854 23               INC HL
1574  6855 10 EC            DJNZ .bcm_loop
1575  6857              .bcm_done:
1576  6857 3A A8 89         LD A, (TmpColorMask)
1577  685A E1               POP HL
1578  685B D1               POP DE
1579  685C C1               POP BC
1580  685D C9               RET
1581  685E
1582  685E              ; ================================================================
1583  685E              ; RANDOM BALL COLOR — LFSR умноженный на RTC секунды + XOR FrogAngle,
1584  685E              ; mod 6. После — фильтр через BuildColorMask: если выпавший цвет
1585  685E              ; отсутствует в цепочке, циклически перебираем mod 6 до попадания.
1586  685E              ; Возвращает A в 0..5.
1587  685E              ; ================================================================
1588  685E              RandomBallColor:
1589  685E                  ; Подмешиваем FrogAngle в seed (XOR в low byte) — каждое нажатие игрока
1590  685E                  ; задаёт уникальный угол → дополнительный источник энтропии.
1591  685E 2A 92 89         LD HL, (BallColorSeed)
1592  6861 3A 8F 89         LD A, (FrogAngle)
1593  6864 AD               XOR L
1594  6865 6F               LD L, A
1595  6866 CD A4 67         CALL LFSR16
1596  6869 22 92 89         LD (BallColorSeed), HL
1597  686C 7D               LD A, L
1598  686D 57               LD D, A                               ; D = LFSR low byte
1599  686E
1600  686E CD B2 67         CALL ReadRTCSeconds
1601  6871 B7               OR A
1602  6872 20 02            JR NZ, .rbc_have_sec
1603  6874 3E 01            LD A, 1                               ; защита от *0
1604  6876              .rbc_have_sec:
1605  6876 5F               LD E, A                               ; E = seconds (1..59)
1606  6877
1607  6877                  ; HL = D * E (8x8 → 16). Старший байт игнорим, низкий идёт в mod 6.
1608  6877 7A               LD A, D
1609  6878 21 00 00         LD HL, 0
1610  687B 06 08            LD B, 8
1611  687D              .rbc_mul:
1612  687D 29               ADD HL, HL
1613  687E CB 27            SLA A
1614  6880 30 01            JR NC, .rbc_no_add
1615  6882 19               ADD HL, DE
1616  6883              .rbc_no_add:
1617  6883 10 F8            DJNZ .rbc_mul
1618  6885
1619  6885                  ; mod LevelNumColors: high(L * LevelNumColors). 8x8 multiply, A * E → HL.
1620  6885 7D               LD A, L                               ; A = random low byte
1621  6886 21 90 89         LD HL, LevelNumColors
1622  6889 5E               LD E, (HL)
1623  688A 16 00            LD D, 0
1624  688C 21 00 00         LD HL, 0
1625  688F 06 08            LD B, 8
1626  6891              .rbc_mul_n:
1627  6891 29               ADD HL, HL
1628  6892 CB 27            SLA A
1629  6894 30 01            JR NC, .rbc_mul_skip
1630  6896 19               ADD HL, DE
1631  6897              .rbc_mul_skip:
1632  6897 10 F8            DJNZ .rbc_mul_n
1633  6899 7C               LD A, H                               ; A = candidate 0..LevelNumColors-1
1634  689A
1635  689A                  ; --- фильтр по цветам цепочки ---
1636  689A 47               LD B, A                               ; B = candidate
1637  689B CD 32 68         CALL BuildColorMask                   ; A = mask, BC сохранён
1638  689E B7               OR A
1639  689F 28 18            JR Z, .rbc_done                       ; цепочка пуста → возврат как есть
1640  68A1 4F               LD C, A                               ; C = mask
1641  68A2 3A 90 89         LD A, (LevelNumColors)
1642  68A5 57               LD D, A                               ; max попыток = LevelNumColors
1643  68A6              .rbc_filter:
1644  68A6 78               LD A, B
1645  68A7 CD 29 68         CALL ColorBit
1646  68AA A1               AND C
1647  68AB 20 0C            JR NZ, .rbc_done                      ; bit B set → цвет валиден
1648  68AD 04               INC B
1649  68AE 3A 90 89         LD A, (LevelNumColors)
1650  68B1 B8               CP B
1651  68B2 20 02            JR NZ, .rbc_no_wrap
1652  68B4 06 00            LD B, 0
1653  68B6              .rbc_no_wrap:
1654  68B6 15               DEC D
1655  68B7 20 ED            JR NZ, .rbc_filter
1656  68B9              .rbc_done:
1657  68B9 78               LD A, B
1658  68BA C9               RET
1659  68BB
1660  68BB              ; ================================================================
1661  68BB              ; INSERT CHAIN BALL — вставка нового шара в Slots[TmpInsertIdx] с цветом
1662  68BB              ; TmpInsertColor. shift_right(Slots[idx..len-1]); Slots[idx]=color;
1663  68BB              ; SlotOffsets[idx]=0; SlotsLen += 1; HSA += 1 (head-half шары визуально сдвигаются
1664  68BB              ; на +CELL_SIZE вперёд по треку).
1665  68BB              ; BUG: при SlotsLen >= MAX_SLOTS_PER_CHAIN drop'ает tail (DEC SlotsLen),
1666  68BB              ;      это видно user'у как «ролл-бэк хвоста на 1 шарик» при выстрелах в полную
1667  68BB              ;      цепочку. См. project_zuma_full_chain_drop_tail_bug.
1668  68BB              ; ================================================================
1669  68BB              InsertChainBall:
1670  68BB                  ; VDC head-forward модель (Python-эквивалент):
1671  68BB                  ; 1. Compute new_offset = midpoint между head_neighbor и tail_neighbor.
1672  68BB                  ; 2. Shift Slots/SlotOffsets/Shot2 [idx..end] вправо на 1.
1673  68BB                  ; 3. Set Slots[idx]=color, SlotOffsets[idx]=new_offset, Shot2[idx]=1.
1674  68BB                  ; 4. SlotsLen += 1.
1675  68BB                  ; 5. HSA += 1 (с cap по track-end).
1676  68BB                  ; 6. SlotOffsets[0..idx-1] -= CELL_SIZE с cap'ом -CELL_SIZE (head компенсация).
1677  68BB                  ; 7. ChainFreezeCounter = CELL_SIZE.
1678  68BB
1679  68BB 3A 27 8F         LD A, (Chain0_SlotsLen)
1680  68BE FE F0            CP MAX_SLOTS_PER_CHAIN
1681  68C0 38 04            JR C, .icb_not_full
1682  68C2 3D               DEC A                                ; drop tail
1683  68C3 32 27 8F         LD (Chain0_SlotsLen), A
1684  68C6              .icb_not_full:
1685  68C6
1686  68C6                  ; --- Compute new_offset = -CELL_SIZE/2 + (head_off + tail_off) / 2 (signed) ---
1687  68C6                  ; head_off: SlotOffsets[idx-1] если idx>0, иначе SlotOffsets[idx].
1688  68C6                  ; tail_off: SlotOffsets[idx] если idx<SlotsLen, иначе SlotOffsets[idx-1].
1689  68C6 3A CA 89         LD A, (TmpInsertIdx)
1690  68C9 B7               OR A
1691  68CA 28 0B            JR Z, .icb_head_off_zero
1692  68CC 3D               DEC A
1693  68CD 26 00            LD H, 0
1693  68CF 6F             LD L, A
1694  68D0 11 65 8B         LD DE, Chain0_SlotOffsets
1695  68D3 19               ADD HL, DE
1696  68D4 7E               LD A, (HL)                            ; A = SlotOffsets[idx-1]
1697  68D5 18 17            JR .icb_head_off_done
1698  68D7              .icb_head_off_zero:
1699  68D7 3A CA 89         LD A, (TmpInsertIdx)
1700  68DA 21 27 8F         LD HL, Chain0_SlotsLen
1701  68DD BE               CP (HL)
1702  68DE 30 0D            JR NC, .icb_head_off_zero_set         ; idx == SlotsLen → empty chain
1703  68E0 3A CA 89         LD A, (TmpInsertIdx)
1704  68E3 26 00            LD H, 0
1704  68E5 6F             LD L, A
1705  68E6 11 65 8B         LD DE, Chain0_SlotOffsets
1706  68E9 19               ADD HL, DE
1707  68EA 7E               LD A, (HL)
1708  68EB 18 01            JR .icb_head_off_done
1709  68ED              .icb_head_off_zero_set:
1710  68ED AF               XOR A
1711  68EE              .icb_head_off_done:
1712  68EE 47               LD B, A                               ; B = head_off (signed)
1713  68EF
1714  68EF                  ; tail_off
1715  68EF 3A CA 89         LD A, (TmpInsertIdx)
1716  68F2 21 27 8F         LD HL, Chain0_SlotsLen
1717  68F5 BE               CP (HL)
1718  68F6 30 0D            JR NC, .icb_tail_off_use_idxm1        ; idx >= SlotsLen
1719  68F8 3A CA 89         LD A, (TmpInsertIdx)
1720  68FB 26 00            LD H, 0
1720  68FD 6F             LD L, A
1721  68FE 11 65 8B         LD DE, Chain0_SlotOffsets
1722  6901 19               ADD HL, DE
1723  6902 7E               LD A, (HL)                            ; tail_off = SlotOffsets[idx]
1724  6903 18 12            JR .icb_tail_off_done
1725  6905              .icb_tail_off_use_idxm1:
1726  6905 3A CA 89         LD A, (TmpInsertIdx)
1727  6908 B7               OR A
1728  6909 28 0B            JR Z, .icb_tail_off_zero
1729  690B 3D               DEC A
1730  690C 26 00            LD H, 0
1730  690E 6F             LD L, A
1731  690F 11 65 8B         LD DE, Chain0_SlotOffsets
1732  6912 19               ADD HL, DE
1733  6913 7E               LD A, (HL)
1734  6914 18 01            JR .icb_tail_off_done
1735  6916              .icb_tail_off_zero:
1736  6916 AF               XOR A
1737  6917              .icb_tail_off_done:
1738  6917                  ; (head_off + tail_off) / 2 — signed avg, sign-extend before add.
1739  6917                  ; A = tail_off, B = head_off. Compute (B+A)/2 with arithmetic shift.
1740  6917 4F               LD C, A                               ; C = tail_off
1741  6918 78               LD A, B                               ; A = head_off
1742  6919 26 00            LD H, 0
1743  691B CB 7F            BIT 7, A
1744  691D 28 01            JR Z, .icb_avg_h_pos
1745  691F 25               DEC H                                 ; H = $FF (sign extend)
1746  6920              .icb_avg_h_pos:
1747  6920 6F               LD L, A                               ; HL = head_off (signed 16)
1748  6921 79               LD A, C
1749  6922 16 00            LD D, 0
1750  6924 CB 7F            BIT 7, A
1751  6926 28 01            JR Z, .icb_avg_d_pos
1752  6928 15               DEC D                                 ; D = $FF
1753  6929              .icb_avg_d_pos:
1754  6929 5F               LD E, A                               ; DE = tail_off (signed 16)
1755  692A 19               ADD HL, DE                            ; HL = head_off + tail_off
1756  692B CB 2C            SRA H
1756  692D CB 1D          RR L                          ; HL >>= 1 (arithmetic, signed)
1757  692F                  ; new_offset = -CELL_SIZE/2 + HL.low. HL уже -16..16 для нормальных offsets.
1758  692F 7D               LD A, L
1759  6930 D6 10            SUB CELL_SIZE / 2                     ; A -= 16
1760  6932 32 D7 89         LD (TmpNewOffset), A                  ; временно сохраним
1761  6935
1762  6935                  ; --- Shift Slots/Offsets/Shot2 [idx..end] right by 1 ---
1763  6935 3A 27 8F         LD A, (Chain0_SlotsLen)
1764  6938 21 CA 89         LD HL, TmpInsertIdx
1765  693B 96               SUB (HL)
1766  693C 28 37            JR Z, .icb_no_shift
1767  693E 4F               LD C, A
1767  693F 06 00          LD B, 0
1768  6941 C5               PUSH BC
1769  6942
1770  6942                  ; shift_right Slots[idx..end]
1771  6942 3A 27 8F         LD A, (Chain0_SlotsLen)
1772  6945 3D               DEC A
1773  6946 26 00            LD H, 0
1773  6948 6F             LD L, A
1774  6949 11 75 8A         LD DE, Chain0_Slots
1775  694C 19               ADD HL, DE                            ; HL = &Slots[SlotsLen-1]
1776  694D 54               LD D, H
1776  694E 5D             LD E, L
1777  694F 13               INC DE
1778  6950 ED B8            LDDR
1779  6952
1780  6952                  ; shift_right SlotOffsets
1781  6952 C1               POP BC
1781  6953 C5             PUSH BC
1782  6954 3A 27 8F         LD A, (Chain0_SlotsLen)
1783  6957 3D               DEC A
1784  6958 26 00            LD H, 0
1784  695A 6F             LD L, A
1785  695B 11 65 8B         LD DE, Chain0_SlotOffsets
1786  695E 19               ADD HL, DE
1787  695F 54               LD D, H
1787  6960 5D             LD E, L
1788  6961 13               INC DE
1789  6962 ED B8            LDDR
1790  6964
1791  6964                  ; shift_right Shot2 (был баг — раньше не сдвигался)
1792  6964 C1               POP BC
1793  6965 3A 27 8F         LD A, (Chain0_SlotsLen)
1794  6968 3D               DEC A
1795  6969 26 00            LD H, 0
1795  696B 6F             LD L, A
1796  696C 11 55 8C         LD DE, Chain0_Shot2
1797  696F 19               ADD HL, DE
1798  6970 54               LD D, H
1798  6971 5D             LD E, L
1799  6972 13               INC DE
1800  6973 ED B8            LDDR
1801  6975
1802  6975              .icb_no_shift:
1803  6975                  ; Slots[idx] = color, SlotOffsets[idx] = new_offset, Shot2[idx] = 1
1804  6975 3A CA 89         LD A, (TmpInsertIdx)
1805  6978 26 00            LD H, 0
1805  697A 6F             LD L, A
1806  697B 11 75 8A         LD DE, Chain0_Slots
1807  697E 19               ADD HL, DE
1808  697F 3A D8 89         LD A, (TmpInsertColor)
1809  6982 77               LD (HL), A
1810  6983
1811  6983 3A CA 89         LD A, (TmpInsertIdx)
1812  6986 26 00            LD H, 0
1812  6988 6F             LD L, A
1813  6989 11 65 8B         LD DE, Chain0_SlotOffsets
1814  698C 19               ADD HL, DE
1815  698D 3A D7 89         LD A, (TmpNewOffset)
1816  6990 77               LD (HL), A
1817  6991
1818  6991 3A CA 89         LD A, (TmpInsertIdx)
1819  6994 26 00            LD H, 0
1819  6996 6F             LD L, A
1820  6997 11 55 8C         LD DE, Chain0_Shot2
1821  699A 19               ADD HL, DE
1822  699B 36 01            LD (HL), 1
1823  699D
1824  699D                  ; SlotsLen += 1
1825  699D 3A 27 8F         LD A, (Chain0_SlotsLen)
1826  69A0 3C               INC A
1827  69A1 32 27 8F         LD (Chain0_SlotsLen), A
1828  69A4
1829  69A4                  ; HSA += 1 с cap по track-end (chain продвинулся на 1 cell к killzone)
1830  69A4 3A 25 8F         LD A, (Chain0_HeadSlotAbs)
1831  69A7 FE 5F            CP TRACK_NUM_SLOTS - 1
1832  69A9 30 04            JR NC, .icb_no_hsa_inc
1833  69AB 3C               INC A
1834  69AC 32 25 8F         LD (Chain0_HeadSlotAbs), A
1835  69AF              .icb_no_hsa_inc:
1836  69AF
1837  69AF                  ; Head компенсация: SlotOffsets[0..idx-1] = max(off - CELL_SIZE, -CELL_SIZE).
1838  69AF                  ; Equivalent: if A_orig >= 0 → A_orig - CELL_SIZE; else → -CELL_SIZE.
1839  69AF 3A CA 89         LD A, (TmpInsertIdx)
1840  69B2 B7               OR A
1841  69B3 28 13            JR Z, .icb_no_head_comp
1842  69B5 47               LD B, A
1843  69B6 21 65 8B         LD HL, Chain0_SlotOffsets
1844  69B9              .icb_head_comp_loop:
1845  69B9 7E               LD A, (HL)
1846  69BA B7               OR A
1847  69BB FA C2 69         JP M, .icb_head_comp_cap               ; A_orig < 0 → cap to -CELL_SIZE
1848  69BE D6 20            SUB CELL_SIZE                          ; A_orig >= 0 → subtract CELL_SIZE
1849  69C0 18 02            JR .icb_head_comp_store
1850  69C2              .icb_head_comp_cap:
1851  69C2 3E E0            LD A, -CELL_SIZE                       ; cap at -32 = $E0
1852  69C4              .icb_head_comp_store:
1853  69C4 77               LD (HL), A
1854  69C5 23               INC HL
1855  69C6 10 F1            DJNZ .icb_head_comp_loop
1856  69C8              .icb_no_head_comp:
1857  69C8
1858  69C8                  ; ChainFreezeCounter = CELL_SIZE — chain пауза на 32 кадра пока head декаит.
1859  69C8 3E 20            LD A, CELL_SIZE
1860  69CA 32 9E 89         LD (ChainFreezeCounter), A
1861  69CD C9               RET
1862  69CE
1863  69CE              ; ================================================================
1864  69CE              ; CHECK MATCH-3 — после InsertChainBall ищет run одного цвета через точку
1865  69CE              ; вставки TmpInsertIdx. Если count >= 3 → удалить run, **симметричный pull**:
1866  69CE              ;   HeadT -= 10*count (= halfShift),
1867  69CE              ;   head-half (idx 0..L-1): offset += halfShift  → шары сдвигаются назад,
1868  69CE              ;   tail-half (new idx L..): offset = old_tail_offset - halfShift → подтягиваются вперёд.
1869  69CE              ; Обе половинки покрывают одинаковое расстояние 10*count за одно и то же время.
1870  69CE              ; Шаг между шарами на треке = 30, halfShift=10 даёт небольшой остаточный зазор,
1871  69CE              ; который доезжает естественным MoveChain (визуально незаметно).
1872  69CE              ; Без cascading combo (TODO).
1873  69CE              ; Saturation: clamp count в 12 (halfShift в 120) → fits signed byte после ADD/SUB.
1874  69CE              ; ================================================================
1875  69CE              ; ================================================================
1876  69CE              ; DETECT MATCH-3 ON SLOTS — window scan по Chain0_Slots[] вокруг TmpInsertIdx.
1877  69CE              ; Идёт влево/вправо пока цвет совпадает И нет физического gap'а с соседом
1878  69CE              ; (= Chain0_SlotOffsets[i-1] - Chain0_SlotOffsets[i] < 16, иначе разница >= 48 px).
1879  69CE              ;
1880  69CE              ; После полного перехода на slot-array delete (= set GAP_MARKER в Slots), gap
1881  69CE              ; будет встроен в массив через GAP-cells, и offset-based gap check можно убрать
1882  69CE              ; (TODO: scan просто остановится на GAP).
1883  69CE              ;
1884  69CE              ; Inputs: TmpInsertIdx, Chain0_Slots, Chain0_SlotOffsets, Chain0_SlotsLen.
1885  69CE              ; Outputs: A=1 + TmpMatchLeft/Right/Count если run >= 3, иначе A=0.
1886  69CE              ; ================================================================
1887  69CE              DetectMatch3OnSlots:
1888  69CE 3A 27 8F         LD A, (Chain0_SlotsLen)
1889  69D1 B7               OR A
1890  69D2 CA 88 6A         JP Z, .dm3_no
1891  69D5 3A CA 89         LD A, (TmpInsertIdx)
1892  69D8 21 27 8F         LD HL, Chain0_SlotsLen
1893  69DB BE               CP (HL)
1894  69DC D2 88 6A         JP NC, .dm3_no                          ; idx >= len
1895  69DF
1896  69DF                  ; color = Slots[idx] (= цвет вставленного шара)
1897  69DF 26 00            LD H, 0
1897  69E1 6F             LD L, A
1898  69E2 11 75 8A         LD DE, Chain0_Slots
1899  69E5 19               ADD HL, DE
1900  69E6 7E               LD A, (HL)
1901  69E7 FE 06            CP NUM_BALL_COLORS
1902  69E9 D2 88 6A         JP NC, .dm3_no                          ; >= NUM_BALL_COLORS = GAP-маркер → не валидный центр
1903  69EC 32 DD 89         LD (TmpMatchColor), A
1904  69EF                  ; Если slot уже exploding — не центр для нового match'а.
1905  69EF 3A CA 89         LD A, (TmpInsertIdx)
1906  69F2 26 00            LD H, 0
1906  69F4 6F             LD L, A
1907  69F5 11 45 8D         LD DE, Chain0_ExplodingFrame
1908  69F8 19               ADD HL, DE
1909  69F9 7E               LD A, (HL)
1910  69FA B7               OR A
1911  69FB C2 88 6A         JP NZ, .dm3_no
1912  69FE
1913  69FE                  ; --- Left scan: B = текущий index, спускаемся к 0 ---
1914  69FE                  ; Условия продолжения: Slots[B-1] == color И |offset[B-1] - offset[B]| < DM3_OFFSET_GAP_MAX
1915  69FE                  ; (= шары визуально коснулись).
1916  69FE 3A CA 89         LD A, (TmpInsertIdx)
1917  6A01 47               LD B, A
1918  6A02              .dm3_l:
1919  6A02 78               LD A, B
1920  6A03 B7               OR A
1921  6A04 28 2F            JR Z, .dm3_l_done
1922  6A06 3D               DEC A
1923  6A07 26 00            LD H, 0
1923  6A09 6F             LD L, A
1924  6A0A 11 75 8A         LD DE, Chain0_Slots
1925  6A0D 19               ADD HL, DE
1926  6A0E 7E               LD A, (HL)
1927  6A0F 21 DD 89         LD HL, TmpMatchColor
1928  6A12 BE               CP (HL)
1929  6A13 20 20            JR NZ, .dm3_l_done
1930  6A15
1931  6A15                  ; offset gap check: -CELL_SIZE <= (offset[B-1] - offset[B]) < DM3_OFFSET_GAP_MAX.
1932  6A15                  ; Ассимметричный диапазон: допускает overlap при insert (diff=-CELL_SIZE),
1933  6A15                  ; блокирует cascade-gap (diff=+CELL_SIZE). Python-эквивалент: lb-extension check.
1934  6A15 78               LD A, B
1935  6A16 3D               DEC A
1936  6A17 26 00            LD H, 0
1936  6A19 6F             LD L, A
1937  6A1A 11 65 8B         LD DE, Chain0_SlotOffsets
1938  6A1D 19               ADD HL, DE
1939  6A1E 7E               LD A, (HL)
1940  6A1F 4F               LD C, A                                   ; C = offset[B-1]
1941  6A20 78               LD A, B
1942  6A21 26 00            LD H, 0
1942  6A23 6F             LD L, A
1943  6A24 11 65 8B         LD DE, Chain0_SlotOffsets
1944  6A27 19               ADD HL, DE
1945  6A28 7E               LD A, (HL)
1946  6A29 91               SUB C                                     ; A = offset[B] - offset[B-1]
1947  6A2A ED 44            NEG                                       ; A = offset[B-1] - offset[B] = d
1948  6A2C C6 20            ADD A, CELL_SIZE                          ; A = d + CELL_SIZE
1949  6A2E FE 28            CP CELL_SIZE + DM3_OFFSET_GAP_MAX         ; unsigned compare: d+CS < CS+8 ?
1950  6A30 30 03            JR NC, .dm3_l_done                        ; out of [-CS..GAP_MAX-1] → exit
1951  6A32
1952  6A32 05               DEC B
1953  6A33 18 CD            JR .dm3_l
1954  6A35              .dm3_l_done:
1955  6A35 78               LD A, B
1956  6A36 32 DE 89         LD (TmpMatchLeft), A
1957  6A39
1958  6A39                  ; --- Right scan: C = текущий index, поднимаемся ---
1959  6A39 3A CA 89         LD A, (TmpInsertIdx)
1960  6A3C 4F               LD C, A
1961  6A3D              .dm3_r:
1962  6A3D 79               LD A, C
1963  6A3E 3C               INC A
1964  6A3F 21 27 8F         LD HL, Chain0_SlotsLen
1965  6A42 BE               CP (HL)
1966  6A43 30 2E            JR NC, .dm3_r_done
1967  6A45 26 00            LD H, 0
1967  6A47 6F             LD L, A
1968  6A48 11 75 8A         LD DE, Chain0_Slots
1969  6A4B 19               ADD HL, DE
1970  6A4C 7E               LD A, (HL)
1971  6A4D 21 DD 89         LD HL, TmpMatchColor
1972  6A50 BE               CP (HL)
1973  6A51 20 20            JR NZ, .dm3_r_done
1974  6A53
1975  6A53                  ; offset gap check: -CELL_SIZE <= (offset[C] - offset[C+1]) < DM3_OFFSET_GAP_MAX.
1976  6A53                  ; Python-эквивалент: rb-extension check (rb forward of rb+1).
1977  6A53 79               LD A, C
1978  6A54 26 00            LD H, 0
1978  6A56 6F             LD L, A
1979  6A57 11 65 8B         LD DE, Chain0_SlotOffsets
1980  6A5A 19               ADD HL, DE
1981  6A5B 7E               LD A, (HL)
1982  6A5C 47               LD B, A                                   ; B = offset[C]  (clobbers TmpMatchLeft cache)
1983  6A5D 79               LD A, C
1984  6A5E 3C               INC A
1985  6A5F 26 00            LD H, 0
1985  6A61 6F             LD L, A
1986  6A62 11 65 8B         LD DE, Chain0_SlotOffsets
1987  6A65 19               ADD HL, DE
1988  6A66 7E               LD A, (HL)
1989  6A67 90               SUB B                                     ; A = offset[C+1] - offset[C]
1990  6A68 ED 44            NEG                                       ; A = offset[C] - offset[C+1] = d
1991  6A6A C6 20            ADD A, CELL_SIZE                          ; A = d + CELL_SIZE
1992  6A6C FE 28            CP CELL_SIZE + DM3_OFFSET_GAP_MAX
1993  6A6E 30 03            JR NC, .dm3_r_done                        ; out of [-CS..GAP_MAX-1] → exit
1994  6A70
1995  6A70 0C               INC C
1996  6A71 18 CA            JR .dm3_r
1997  6A73              .dm3_r_done:
1998  6A73 79               LD A, C
1999  6A74 32 DF 89         LD (TmpMatchRight), A
2000  6A77
2001  6A77                  ; count = right - left + 1.  B был clobbered в right scan — перезагружаем из TmpMatchLeft.
2002  6A77 3A DE 89         LD A, (TmpMatchLeft)
2003  6A7A 47               LD B, A
2004  6A7B 79               LD A, C
2005  6A7C 90               SUB B
2006  6A7D 3C               INC A
2007  6A7E FE 03            CP 3
2008  6A80 38 06            JR C, .dm3_no
2009  6A82 32 E0 89         LD (TmpMatchCount), A
2010  6A85 3E 01            LD A, 1
2011  6A87 C9               RET
2012  6A88              .dm3_no:
2013  6A88 AF               XOR A
2014  6A89 C9               RET
2015  6A8A
2016  6A8A              ; Returns: A=1 если был матч (run >=3 detected), A=0 иначе.
2017  6A8A              ; Discrete model с отложенной compaction:
2018  6A8A              ;   1. Detect run >=3 (DetectMatch3OnSlots → TmpMatchLeft/Right/Count)
2019  6A8A              ;   2. Slots[lb..rb] = GAP, SlotOffsets[lb..rb] = 0 — gap visually visible
2020  6A8A              ;   3. ChainStalled=1 (head стоит пока gap)
2021  6A8A              ;   4. CompactTimer = COMPACT_DELAY_FRAMES → AnimateChain через N кадров triggers
2022  6A8A              ;      CompactAndDetectMode (= shift_left + stop/cascade detect).
2023  6A8A              ; TmpMatchLeft/Right/Count сохраняются для последующего compaction.
2024  6A8A              CheckMatch3:
2025  6A8A CD CE 69         CALL DetectMatch3OnSlots
2026  6A8D B7               OR A
2027  6A8E CA 38 6B         JP Z, .m3_no_match
2028  6A91
2029  6A91                  ; Cascade detection ON THE FLY: Slots[lb-1] == Slots[rb+1] → GAP_CASCADE, иначе GAP_STOP.
2030  6A91                  ; CASCADE только если ОБА соседа — реальные шары (не gap) одного цвета. Иначе
2031  6A91                  ; два gap'а (например GAP_STOP с обеих сторон) сравниваются как равные → ложный CASCADE.
2032  6A91 06 FE            LD B, GAP_STOP                           ; default
2033  6A93 3A DE 89         LD A, (TmpMatchLeft)
2034  6A96 B7               OR A
2035  6A97 28 30            JR Z, .m3_have_marker                    ; lb==0 → нет head-side соседа
2036  6A99 21 27 8F         LD HL, Chain0_SlotsLen
2037  6A9C 3A DF 89         LD A, (TmpMatchRight)
2038  6A9F 3C               INC A
2039  6AA0 BE               CP (HL)
2040  6AA1 30 26            JR NC, .m3_have_marker                   ; rb+1 >= SlotsLen → нет tail-side
2041  6AA3                  ; Загрузить C = Slots[lb-1], проверить что это не gap.
2042  6AA3 3A DE 89         LD A, (TmpMatchLeft)
2043  6AA6 3D               DEC A
2044  6AA7 26 00            LD H, 0
2044  6AA9 6F             LD L, A
2045  6AAA 11 75 8A         LD DE, Chain0_Slots
2046  6AAD 19               ADD HL, DE
2047  6AAE 4E               LD C, (HL)                               ; C = Slots[lb-1]
2048  6AAF 79               LD A, C
2049  6AB0 FE 06            CP NUM_BALL_COLORS
2050  6AB2 30 15            JR NC, .m3_have_marker                   ; lb-1 = gap → STOP
2051  6AB4                  ; Загрузить A = Slots[rb+1], проверить что это не gap.
2052  6AB4 3A DF 89         LD A, (TmpMatchRight)
2053  6AB7 3C               INC A
2054  6AB8 26 00            LD H, 0
2054  6ABA 6F             LD L, A
2055  6ABB 11 75 8A         LD DE, Chain0_Slots
2056  6ABE 19               ADD HL, DE
2057  6ABF 7E               LD A, (HL)
2058  6AC0 FE 06            CP NUM_BALL_COLORS
2059  6AC2 30 05            JR NC, .m3_have_marker                   ; rb+1 = gap → STOP
2060  6AC4 B9               CP C
2061  6AC5 20 02            JR NZ, .m3_have_marker
2062  6AC7 06 FD            LD B, GAP_CASCADE
2063  6AC9              .m3_have_marker:
2064  6AC9                  ; ExplodingFrame[lb..rb]=1, ExplodingMarker[lb..rb]=B (GAP_STOP/GAP_CASCADE).
2065  6AC9                  ; Slots[i] остаются colors до финализации (AnimateChain через EXPLOSION_FRAMES кадров).
2066  6AC9                  ; SlotOffsets очищены ниже.
2067  6AC9 3A DE 89         LD A, (TmpMatchLeft)
2068  6ACC 26 00            LD H, 0
2068  6ACE 6F             LD L, A
2069  6ACF 11 45 8D         LD DE, Chain0_ExplodingFrame
2070  6AD2 19               ADD HL, DE
2071  6AD3 3A E0 89         LD A, (TmpMatchCount)
2072  6AD6 4F               LD C, A
2073  6AD7              .m3_set_explode_frames:
2074  6AD7 36 01            LD (HL), 1
2075  6AD9 23               INC HL
2076  6ADA 0D               DEC C
2077  6ADB 20 FA            JR NZ, .m3_set_explode_frames
2078  6ADD
2079  6ADD 3A DE 89         LD A, (TmpMatchLeft)
2080  6AE0 26 00            LD H, 0
2080  6AE2 6F             LD L, A
2081  6AE3 11 35 8E         LD DE, Chain0_ExplodingMarker
2082  6AE6 19               ADD HL, DE
2083  6AE7 3A E0 89         LD A, (TmpMatchCount)
2084  6AEA 4F               LD C, A
2085  6AEB              .m3_set_explode_markers:
2086  6AEB 70               LD (HL), B
2087  6AEC 23               INC HL
2088  6AED 0D               DEC C
2089  6AEE 20 FB            JR NZ, .m3_set_explode_markers
2090  6AF0
2091  6AF0 3A DE 89         LD A, (TmpMatchLeft)
2092  6AF3 26 00            LD H, 0
2092  6AF5 6F             LD L, A
2093  6AF6 11 65 8B         LD DE, Chain0_SlotOffsets
2094  6AF9 19               ADD HL, DE
2095  6AFA 3A E0 89         LD A, (TmpMatchCount)
2096  6AFD 47               LD B, A
2097  6AFE              .m3_set_gap_offs:
2098  6AFE 36 00            LD (HL), 0
2099  6B00 23               INC HL
2100  6B01 10 FB            DJNZ .m3_set_gap_offs
2101  6B03
2102  6B03                  ; --- Shot2-маркеры: на соседей GAP-блока (Slots[lb-1] и Slots[rb+1]) ---
2103  6B03                  ; После закрытия GAP именно эти позиции — единственные где может произойти
2104  6B03                  ; новый match-3 (cascade combo). Ложные match'и в середине цепочки исключены.
2105  6B03 3A DE 89         LD A, (TmpMatchLeft)
2106  6B06 B7               OR A
2107  6B07 28 0A            JR Z, .m3_no_left_shot2                  ; lb=0 → нет соседа слева
2108  6B09 3D               DEC A                                    ; A = lb-1
2109  6B0A 26 00            LD H, 0
2109  6B0C 6F             LD L, A
2110  6B0D 11 55 8C         LD DE, Chain0_Shot2
2111  6B10 19               ADD HL, DE
2112  6B11 36 01            LD (HL), 1
2113  6B13              .m3_no_left_shot2:
2114  6B13 3A DF 89         LD A, (TmpMatchRight)
2115  6B16 3C               INC A
2116  6B17 21 27 8F         LD HL, Chain0_SlotsLen
2117  6B1A BE               CP (HL)
2118  6B1B 30 09            JR NC, .m3_no_right_shot2                ; rb+1 >= SlotsLen → нет соседа справа
2119  6B1D 26 00            LD H, 0
2119  6B1F 6F             LD L, A                        ; A = rb+1
2120  6B20 11 55 8C         LD DE, Chain0_Shot2
2121  6B23 19               ADD HL, DE
2122  6B24 36 01            LD (HL), 1
2123  6B26              .m3_no_right_shot2:
2124  6B26
2125  6B26                  ; Head-side rollback push при match'е удалён — конфликтовал с cascade close
2126  6B26                  ; offset +=CELL_SIZE компенсацией (давал +30 px instant visual jump).
2127  6B26                  ; Rollback приходит ТОЛЬКО от cascade close (HSA-- + offset += CELL_SIZE
2128  6B26                  ; → smooth slide за CELL_SIZE кадров).
2129  6B26
2130  6B26                  ; ChainStalled=1 пока в VDC есть GAP-cells. Очистится в AnimateChain когда последний
2131  6B26                  ; GAP вышел через match-1 steps.
2132  6B26 3E 01            LD A, 1
2133  6B28 32 C0 89         LD (ChainStalled), A
2134  6B2B                  ; Триггерим gap_step на ближайшем hsub=0 wrap'е — иначе случайная пауза 0..32 кадра
2135  6B2B                  ; между match'ем и началом анимации схлопывания.
2136  6B2B 3E 20            LD A, GAP_STEP_FRAMES
2137  6B2D 32 9D 89         LD (GapStepCounter), A
2138  6B30                  ; chain_freeze на CELL_SIZE кадров — даёт визуальную паузу сразу при match-3
2139  6B30                  ; (иначе шары мгновенно становятся невидимыми GAP-маркерами без feedback'а).
2140  6B30 3E 20            LD A, CELL_SIZE
2141  6B32 32 9E 89         LD (ChainFreezeCounter), A
2142  6B35 3E 01            LD A, 1
2143  6B37 C9               RET
2144  6B38              .m3_no_match:
2145  6B38 AF               XOR A
2146  6B39 C9               RET
2147  6B3A
2148  6B3A              ; --- LEGACY block (CompactAndDetectMode + ScheduleCascade + ProcessCascade)
2149  6B3A              ;     удалён: заменено GAP-step в AnimateChain (см. DoGapStep, ScanForNewMatch).
2150  6B3A              ;     CompactAndDetectMode оставлен как no-op для бинарной совместимости.
2151  6B3A              CompactAndDetectMode:
2152  6B3A C9               RET
2153  6B3B              ProcessCascade:
2154  6B3B C9               RET
2155  6B3C              ScheduleCascade:
2156  6B3C C9               RET
2157  6B3D              __legacy_unused_skip:
2158  6B3D
2159  6B3D              ; ================================================================
2160  6B3D              ; COMPUTE SLOT XY — для slot-индекса A возвращает центр шара (TrackData[t]).
2161  6B3D              ; Использует Chain0_HeadSlotAbs/HeadSub/SlotOffsets[]. t<0 → clamp к 0.
2162  6B3D              ; Out: TmpHemX/TmpHemY — 16-bit X,Y. Clobbers A,HL,DE,BC.
2163  6B3D              ; ================================================================
2164  6B3D              ComputeSlotXY:
2165  6B3D 32 CB 89         LD (TmpHemSlotIdx), A
2166  6B40 3A 25 8F         LD A, (Chain0_HeadSlotAbs)
2167  6B43 21 CB 89         LD HL, TmpHemSlotIdx
2168  6B46 96               SUB (HL)
2169  6B47 30 01            JR NC, .csxy_hsa_ok
2170  6B49 AF               XOR A
2171  6B4A              .csxy_hsa_ok:
2172  6B4A 26 00            LD H, 0
2172  6B4C 6F             LD L, A
2173  6B4D 29               ADD HL, HL
2173  6B4E 29             ADD HL, HL
2173  6B4F 29             ADD HL, HL
2174  6B50 29               ADD HL, HL
2174  6B51 29             ADD HL, HL                ; HL = (HSA-i)*32
2175  6B52
2176  6B52 3A 26 8F         LD A, (Chain0_HeadSub)
2177  6B55 5F               LD E, A
2177  6B56 16 00          LD D, 0
2178  6B58 19               ADD HL, DE                             ; + HeadSub
2179  6B59
2180  6B59 E5               PUSH HL
2181  6B5A 3A CB 89         LD A, (TmpHemSlotIdx)
2182  6B5D 26 00            LD H, 0
2182  6B5F 6F             LD L, A
2183  6B60 11 65 8B         LD DE, Chain0_SlotOffsets
2184  6B63 19               ADD HL, DE
2185  6B64 7E               LD A, (HL)
2186  6B65 5F               LD E, A
2186  6B66 16 00          LD D, 0
2187  6B68 CB 7F            BIT 7, A
2188  6B6A 28 01            JR Z, .csxy_off_pos
2189  6B6C 15               DEC D
2190  6B6D              .csxy_off_pos:
2191  6B6D E1               POP HL
2192  6B6E 19               ADD HL, DE                             ; HL = t (signed)
2193  6B6F CB 7C            BIT 7, H
2194  6B71 28 03            JR Z, .csxy_t_pos
2195  6B73 21 00 00         LD HL, 0
2196  6B76              .csxy_t_pos:
2197  6B76 E5               PUSH HL
2198  6B77 11 18 0C         LD DE, TRACK_NUM_POINTS
2199  6B7A A7               AND A
2200  6B7B ED 52            SBC HL, DE
2201  6B7D E1               POP HL
2202  6B7E 38 03            JR C, .csxy_t_in
2203  6B80 21 17 0C         LD HL, TRACK_NUM_POINTS - 1
2204  6B83              .csxy_t_in:
2205  6B83 29               ADD HL, HL
2205  6B84 29             ADD HL, HL                ; *4 (TrackData stride)
2206  6B85 11 49 94         LD DE, TrackData
2207  6B88 19               ADD HL, DE
2208  6B89 5E               LD E, (HL)
2208  6B8A 23             INC HL
2209  6B8B 56               LD D, (HL)
2209  6B8C 23             INC HL
2210  6B8D ED 53 CC 89      LD (TmpHemX), DE
2211  6B91 5E               LD E, (HL)
2211  6B92 23             INC HL
2212  6B93 56               LD D, (HL)
2213  6B94 ED 53 CE 89      LD (TmpHemY), DE
2214  6B98 C9               RET
2215  6B99
2216  6B99              ; ================================================================
2217  6B99              ; MANHATTAN DIST TO BALL — |TmpHemX - TmpBallCX| + |TmpHemY - TmpBallCY|
2218  6B99              ; Out: HL = 16-bit unsigned дистанция. Clobbers A,DE,HL.
2219  6B99              ; ================================================================
2220  6B99              ManhattanDistToBall:
2221  6B99 2A CC 89         LD HL, (TmpHemX)
2222  6B9C ED 5B C2 89      LD DE, (TmpBallCX)
2223  6BA0 A7               AND A
2224  6BA1 ED 52            SBC HL, DE
2225  6BA3 CB 7C            BIT 7, H
2226  6BA5 28 07            JR Z, .mdb_dx_pos
2227  6BA7 AF               XOR A
2227  6BA8 95             SUB L
2227  6BA9 6F             LD L, A
2228  6BAA 3E 00            LD A, 0
2228  6BAC 9C             SBC A, H
2228  6BAD 67             LD H, A
2229  6BAE              .mdb_dx_pos:
2230  6BAE E5               PUSH HL                                ; |dx|
2231  6BAF 2A CE 89         LD HL, (TmpHemY)
2232  6BB2 ED 5B C4 89      LD DE, (TmpBallCY)
2233  6BB6 A7               AND A
2234  6BB7 ED 52            SBC HL, DE
2235  6BB9 CB 7C            BIT 7, H
2236  6BBB 28 07            JR Z, .mdb_dy_pos
2237  6BBD AF               XOR A
2237  6BBE 95             SUB L
2237  6BBF 6F             LD L, A
2238  6BC0 3E 00            LD A, 0
2238  6BC2 9C             SBC A, H
2238  6BC3 67             LD H, A
2239  6BC4              .mdb_dy_pos:
2240  6BC4 D1               POP DE                                 ; DE = |dx|
2241  6BC5 19               ADD HL, DE                             ; HL = |dx|+|dy|
2242  6BC6 C9               RET
2243  6BC7
2244  6BC7              ; ================================================================
2245  6BC7              ; CHECK BALL-CHAIN COLLISIONS — для каждого летящего шара ищем попадание
2246  6BC7              ; в шар цепочки. Позиция chain-шара i: TrackData[(HSA-i)*CELL_SIZE + Sub + offset[i]].
2247  6BC7              ; При коллизии: TmpInsertIdx = i, CALL InsertChainBall, удалить летящий.
2248  6BC7              ; ================================================================
2249  6BC7              CheckBallChainCollisions:
2250  6BC7 DD 21 E5 89      LD IX, BallTable
2251  6BCB 06 10            LD B, MAX_BALLS
2252  6BCD              .cbc_outer:
2253  6BCD C5               PUSH BC
2254  6BCE DD 7E 06         LD A, (IX+BALL_ACTIVE)
2255  6BD1 B7               OR A
2256  6BD2 CA 71 6D         JP Z, .cbc_next_outer
2257  6BD5                  ; Approach state — пропускаем (шар уже привязан к target chain idx)
2258  6BD5 DD 7E 05         LD A, (IX+BALL_SPEED)
2259  6BD8 B7               OR A
2260  6BD9 C2 71 6D         JP NZ, .cbc_next_outer
2261  6BDC
2262  6BDC DD 6E 00         LD L, (IX+BALL_X)
2262  6BDF DD 66 01       LD H, (IX+BALL_X+1)
2263  6BE2 11 08 00         LD DE, 8
2263  6BE5 19             ADD HL, DE
2264  6BE6 22 C2 89         LD (TmpBallCX), HL
2265  6BE9 DD 6E 02         LD L, (IX+BALL_Y)
2265  6BEC DD 66 03       LD H, (IX+BALL_Y+1)
2266  6BEF 19               ADD HL, DE
2267  6BF0 22 C4 89         LD (TmpBallCY), HL
2268  6BF3
2269  6BF3                  ; Обходим цепочку с head к tail (= от меньшего idx к большему).
2270  6BF3                  ; При наличии GAP в середине цепочки (pending compaction), это даёт
2271  6BF3                  ; head-side приоритет — шар "приклеивается" к ближнему к голове соседу gap'а.
2272  6BF3 3A 27 8F         LD A, (Chain0_SlotsLen)
2273  6BF6 B7               OR A
2274  6BF7 CA 71 6D         JP Z, .cbc_next_outer
2275  6BFA AF               XOR A
2276  6BFB 32 BB 89         LD (TmpChainIdx), A                   ; i = 0
2277  6BFE              .cbc_inner:
2278  6BFE
2279  6BFE                  ; Skip GAP slots
2280  6BFE 3A BB 89         LD A, (TmpChainIdx)
2281  6C01 26 00            LD H, 0
2281  6C03 6F             LD L, A
2282  6C04 11 75 8A         LD DE, Chain0_Slots
2283  6C07 19               ADD HL, DE
2284  6C08 7E               LD A, (HL)
2285  6C09 FE 06            CP NUM_BALL_COLORS
2286  6C0B D2 60 6D         JP NC, .cbc_skip_ball                 ; >= NUM_BALL_COLORS = GAP → шар проходит сквозь
2287  6C0E
2288  6C0E                  ; Skip exploding slots (любой ExplodingFrame > 0 = "уже исчезает", ball passes through)
2289  6C0E 3A BB 89         LD A, (TmpChainIdx)
2290  6C11 26 00            LD H, 0
2290  6C13 6F             LD L, A
2291  6C14 11 45 8D         LD DE, Chain0_ExplodingFrame
2292  6C17 19               ADD HL, DE
2293  6C18 7E               LD A, (HL)
2294  6C19 B7               OR A
2295  6C1A C2 60 6D         JP NZ, .cbc_skip_ball
2296  6C1D
2297  6C1D                  ; t = (HSA - i) * 32 + HeadSub + sign_extend(SlotOffsets[i])
2298  6C1D 3A 25 8F         LD A, (Chain0_HeadSlotAbs)
2299  6C20 21 BB 89         LD HL, TmpChainIdx
2300  6C23 96               SUB (HL)
2301  6C24 DA 60 6D         JP C, .cbc_skip_ball                  ; HSA - i < 0 → шар за стартом
2302  6C27 26 00            LD H, 0
2302  6C29 6F             LD L, A
2303  6C2A 29               ADD HL, HL
2303  6C2B 29             ADD HL, HL
2303  6C2C 29             ADD HL, HL
2304  6C2D 29               ADD HL, HL
2304  6C2E 29             ADD HL, HL                ; HL = (HSA-i)*32
2305  6C2F
2306  6C2F 3A 26 8F         LD A, (Chain0_HeadSub)
2307  6C32 5F               LD E, A
2308  6C33 16 00            LD D, 0
2309  6C35 19               ADD HL, DE                             ; + HeadSub
2310  6C36
2311  6C36 E5               PUSH HL
2312  6C37 3A BB 89         LD A, (TmpChainIdx)
2313  6C3A 26 00            LD H, 0
2313  6C3C 6F             LD L, A
2314  6C3D 11 65 8B         LD DE, Chain0_SlotOffsets
2315  6C40 19               ADD HL, DE
2316  6C41 7E               LD A, (HL)
2317  6C42 5F               LD E, A
2318  6C43 16 00            LD D, 0
2319  6C45 CB 7F            BIT 7, A
2320  6C47 28 01            JR Z, .cbc_offset_pos
2321  6C49 15               DEC D
2322  6C4A              .cbc_offset_pos:
2323  6C4A E1               POP HL
2324  6C4B 19               ADD HL, DE
2325  6C4C              .cbc_t_ready:
2326  6C4C CB 7C            BIT 7, H
2327  6C4E C2 60 6D         JP NZ, .cbc_skip_ball                 ; t < 0 → шар «за стартом», не виден
2328  6C51 E5               PUSH HL
2329  6C52 11 18 0C         LD DE, TRACK_NUM_POINTS
2330  6C55 A7               AND A
2331  6C56 ED 52            SBC HL, DE
2332  6C58 E1               POP HL
2333  6C59 38 03            JR C, .cbc_t_ok
2334  6C5B 21 17 0C         LD HL, TRACK_NUM_POINTS - 1           ; clamp в финал
2335  6C5E              .cbc_t_ok:
2336  6C5E 29               ADD HL, HL
2336  6C5F 29             ADD HL, HL
2337  6C60 11 49 94         LD DE, TrackData
2338  6C63 19               ADD HL, DE
2339  6C64 5E               LD E, (HL)
2339  6C65 23             INC HL
2339  6C66 56             LD D, (HL)
2339  6C67 23             INC HL
2340  6C68 ED 53 C6 89      LD (TmpChainCX), DE
2341  6C6C 5E               LD E, (HL)
2341  6C6D 23             INC HL
2341  6C6E 56             LD D, (HL)
2342  6C6F ED 53 C8 89      LD (TmpChainCY), DE
2343  6C73
2344  6C73 2A C4 89         LD HL, (TmpBallCY)
2345  6C76 ED 5B C8 89      LD DE, (TmpChainCY)
2346  6C7A A7               AND A
2347  6C7B ED 52            SBC HL, DE
2348  6C7D CB 7C            BIT 7, H
2349  6C7F 28 07            JR Z, .cbc_pos_dy
2350  6C81 AF               XOR A
2350  6C82 95             SUB L
2350  6C83 6F             LD L, A
2351  6C84 3E 00            LD A, 0
2351  6C86 9C             SBC A, H
2351  6C87 67             LD H, A
2352  6C88              .cbc_pos_dy:
2353  6C88 7C               LD A, H
2353  6C89 B7             OR A
2353  6C8A C2 60 6D       JP NZ, .cbc_skip_ball
2354  6C8D 7D               LD A, L
2354  6C8E FE 0E          CP 14
2354  6C90 D2 60 6D       JP NC, .cbc_skip_ball     ; bbox 28 для ball 24×24 (~visible 20 + buffer)
2355  6C93
2356  6C93 2A C2 89         LD HL, (TmpBallCX)
2357  6C96 ED 5B C6 89      LD DE, (TmpChainCX)
2358  6C9A A7               AND A
2359  6C9B ED 52            SBC HL, DE
2360  6C9D CB 7C            BIT 7, H
2361  6C9F 28 07            JR Z, .cbc_pos_dx
2362  6CA1 AF               XOR A
2362  6CA2 95             SUB L
2362  6CA3 6F             LD L, A
2363  6CA4 3E 00            LD A, 0
2363  6CA6 9C             SBC A, H
2363  6CA7 67             LD H, A
2364  6CA8              .cbc_pos_dx:
2365  6CA8 7C               LD A, H
2365  6CA9 B7             OR A
2365  6CAA C2 60 6D       JP NZ, .cbc_skip_ball
2366  6CAD 7D               LD A, L
2366  6CAE FE 0E          CP 14
2366  6CB0 D2 60 6D       JP NC, .cbc_skip_ball     ; bbox 28
2367  6CB3
2368  6CB3                  ; --- КОЛЛИЗИЯ → hemisphere check: target_idx = i или i+1.
2369  6CB3                  ; Сравниваем Manhattan-дистанцию летящего шара до prev (idx i-1, head-side)
2370  6CB3                  ; и next (idx i+1, tail-side) ближайших non-GAP соседей.
2371  6CB3                  ; Если ближе к next → target=i+1 (вставка между i и i+1, tail-side).
2372  6CB3                  ; Иначе target=i (вставка между i-1 и i, head-side, default).
2373  6CB3
2374  6CB3 3A BB 89         LD A, (TmpChainIdx)
2375  6CB6 32 D6 89         LD (TmpTargetIdx), A                  ; default = i
2376  6CB9
2377  6CB9                  ; --- Find prev (non-GAP slot < i) ---
2378  6CB9 AF               XOR A
2379  6CBA 32 D4 89         LD (TmpHasPrev), A
2380  6CBD 3A BB 89         LD A, (TmpChainIdx)
2381  6CC0 B7               OR A
2382  6CC1 28 25            JR Z, .hem_check_next                 ; i=0 → нет prev
2383  6CC3 47               LD B, A                               ; B = i
2384  6CC4              .hem_find_prev:
2385  6CC4 05               DEC B                                  ; B = candidate idx
2386  6CC5 26 00            LD H, 0
2386  6CC7 68             LD L, B
2387  6CC8 11 75 8A         LD DE, Chain0_Slots
2388  6CCB 19               ADD HL, DE
2389  6CCC 7E               LD A, (HL)
2390  6CCD FE 06            CP NUM_BALL_COLORS
2391  6CCF 38 06            JR C, .hem_have_prev                  ; < NUM → non-GAP
2392  6CD1 78               LD A, B
2393  6CD2 B7               OR A
2394  6CD3 20 EF            JR NZ, .hem_find_prev
2395  6CD5 18 11            JR .hem_check_next
2396  6CD7              .hem_have_prev:
2397  6CD7 78               LD A, B
2398  6CD8 C5               PUSH BC
2399  6CD9 CD 3D 6B         CALL ComputeSlotXY
2400  6CDC CD 99 6B         CALL ManhattanDistToBall
2401  6CDF C1               POP BC
2402  6CE0 22 D0 89         LD (TmpDistPrev), HL
2403  6CE3 3E 01            LD A, 1
2404  6CE5 32 D4 89         LD (TmpHasPrev), A
2405  6CE8
2406  6CE8              .hem_check_next:
2407  6CE8 AF               XOR A
2408  6CE9 32 D5 89         LD (TmpHasNext), A
2409  6CEC 3A BB 89         LD A, (TmpChainIdx)
2410  6CEF 3C               INC A
2411  6CF0 21 27 8F         LD HL, Chain0_SlotsLen
2412  6CF3 BE               CP (HL)
2413  6CF4 30 27            JR NC, .hem_decide                    ; i+1 >= len → нет next
2414  6CF6 47               LD B, A                               ; B = i+1
2415  6CF7              .hem_find_next:
2416  6CF7 26 00            LD H, 0
2416  6CF9 68             LD L, B
2417  6CFA 11 75 8A         LD DE, Chain0_Slots
2418  6CFD 19               ADD HL, DE
2419  6CFE 7E               LD A, (HL)
2420  6CFF FE 06            CP NUM_BALL_COLORS
2421  6D01 38 09            JR C, .hem_have_next
2422  6D03 04               INC B
2423  6D04 3A 27 8F         LD A, (Chain0_SlotsLen)
2424  6D07 B8               CP B
2425  6D08 20 ED            JR NZ, .hem_find_next
2426  6D0A 18 11            JR .hem_decide
2427  6D0C              .hem_have_next:
2428  6D0C 78               LD A, B
2429  6D0D C5               PUSH BC
2430  6D0E CD 3D 6B         CALL ComputeSlotXY
2431  6D11 CD 99 6B         CALL ManhattanDistToBall
2432  6D14 C1               POP BC
2433  6D15 22 D2 89         LD (TmpDistNext), HL
2434  6D18 3E 01            LD A, 1
2435  6D1A 32 D5 89         LD (TmpHasNext), A
2436  6D1D
2437  6D1D              .hem_decide:
2438  6D1D 3A D5 89         LD A, (TmpHasNext)
2439  6D20 B7               OR A
2440  6D21 28 19            JR Z, .hem_apply                      ; нет next → keep target=i
2441  6D23 3A D4 89         LD A, (TmpHasPrev)
2442  6D26 B7               OR A
2443  6D27 28 0C            JR Z, .hem_pick_next                  ; нет prev → target=i+1
2444  6D29 2A D2 89         LD HL, (TmpDistNext)
2445  6D2C ED 5B D0 89      LD DE, (TmpDistPrev)
2446  6D30 A7               AND A
2447  6D31 ED 52            SBC HL, DE
2448  6D33 30 07            JR NC, .hem_apply                     ; dist_next >= dist_prev → keep target=i
2449  6D35              .hem_pick_next:
2450  6D35 3A BB 89         LD A, (TmpChainIdx)
2451  6D38 3C               INC A
2452  6D39 32 D6 89         LD (TmpTargetIdx), A
2453  6D3C
2454  6D3C              .hem_apply:
2455  6D3C DD E5            PUSH IX
2456  6D3E E1               POP HL
2457  6D3F 11 E5 89         LD DE, BallTable
2458  6D42 A7               AND A
2459  6D43 ED 52            SBC HL, DE
2460  6D45 CB 3C            SRL H
2460  6D47 CB 1D          RR L
2461  6D49 CB 3C            SRL H
2461  6D4B CB 1D          RR L
2462  6D4D CB 3C            SRL H
2462  6D4F CB 1D          RR L                          ; HL = ball_index
2463  6D51 11 65 8A         LD DE, BallTargetIdx
2464  6D54 19               ADD HL, DE
2465  6D55 3A D6 89         LD A, (TmpTargetIdx)
2466  6D58 77               LD (HL), A                            ; BallTargetIdx[ball_index] = target_idx
2467  6D59 3E 01            LD A, 1
2468  6D5B DD 77 05         LD (IX+BALL_SPEED), A                 ; approach флаг
2469  6D5E 18 11            JR .cbc_next_outer
2470  6D60
2471  6D60              .cbc_skip_ball:
2472  6D60 3A BB 89         LD A, (TmpChainIdx)
2473  6D63 3C               INC A
2474  6D64 21 27 8F         LD HL, Chain0_SlotsLen
2475  6D67 BE               CP (HL)
2476  6D68 D2 71 6D         JP NC, .cbc_next_outer                ; i = SlotsLen → нет коллизии
2477  6D6B 32 BB 89         LD (TmpChainIdx), A
2478  6D6E C3 FE 6B         JP .cbc_inner
2479  6D71
2480  6D71              .cbc_next_outer:
2481  6D71 C1               POP BC
2482  6D72 11 08 00         LD DE, 8
2483  6D75 DD 19            ADD IX, DE
2484  6D77 05               DEC B
2485  6D78 C2 CD 6B         JP NZ, .cbc_outer
2486  6D7B C9               RET
2487  6D7C
2488  6D7C              ; ================================================================
2489  6D7C              ; (CompactChain удалён — в VDC модели не нужен: spacing встроен в slot index.)
2490  6D7C              ; ================================================================
2491  6D7C
2492  6D7C              ; ================================================================
2493  6D7C              ; COMPUTE APPROACH TARGET — для approach-шара вычисляет (X, Y) точки вставки.
2494  6D7C              ; Вход: A = chain target index (0..ChainLen-1)
2495  6D7C              ; Выход: TmpTargetX, TmpTargetY = top-left позиции (= TrackData[t] - 8 в каждой оси)
2496  6D7C              ;        TmpChainIdx = A (сохранён для дальнейшего использования)
2497  6D7C              ; ================================================================
2498  6D7C              ComputeApproachTarget:
2499  6D7C 32 BB 89         LD (TmpChainIdx), A
2500  6D7F
2501  6D7F                  ; t = (HSA - i) * 32 + HeadSub + SlotOffsets[i] (signed)
2502  6D7F 3A 25 8F         LD A, (Chain0_HeadSlotAbs)
2503  6D82 21 BB 89         LD HL, TmpChainIdx
2504  6D85 96               SUB (HL)
2505  6D86 30 01            JR NC, .cat_hsa_ok
2506  6D88 AF               XOR A                                 ; clamp t→0 если HSA-i<0
2507  6D89              .cat_hsa_ok:
2508  6D89 26 00            LD H, 0
2508  6D8B 6F             LD L, A
2509  6D8C 29               ADD HL, HL
2509  6D8D 29             ADD HL, HL
2509  6D8E 29             ADD HL, HL
2510  6D8F 29               ADD HL, HL
2510  6D90 29             ADD HL, HL                ; HL = (HSA-i)*32
2511  6D91
2512  6D91 3A 26 8F         LD A, (Chain0_HeadSub)
2513  6D94 5F               LD E, A
2514  6D95 16 00            LD D, 0
2515  6D97 19               ADD HL, DE                             ; + HeadSub
2516  6D98
2517  6D98 E5               PUSH HL
2518  6D99 3A BB 89         LD A, (TmpChainIdx)
2519  6D9C 26 00            LD H, 0
2519  6D9E 6F             LD L, A
2520  6D9F 11 65 8B         LD DE, Chain0_SlotOffsets
2521  6DA2 19               ADD HL, DE
2522  6DA3 7E               LD A, (HL)
2523  6DA4 5F               LD E, A
2524  6DA5 16 00            LD D, 0
2525  6DA7 CB 7F            BIT 7, A
2526  6DA9 28 01            JR Z, .cat_off_pos
2527  6DAB 15               DEC D
2528  6DAC              .cat_off_pos:
2529  6DAC E1               POP HL
2530  6DAD 19               ADD HL, DE                            ; HL = t (signed)
2531  6DAE CB 7C            BIT 7, H
2532  6DB0 28 03            JR Z, .cat_t_not_neg
2533  6DB2 21 00 00         LD HL, 0
2534  6DB5              .cat_t_not_neg:
2535  6DB5 E5               PUSH HL
2536  6DB6 11 18 0C         LD DE, TRACK_NUM_POINTS
2537  6DB9 A7               AND A
2538  6DBA ED 52            SBC HL, DE
2539  6DBC E1               POP HL
2540  6DBD 38 03            JR C, .cat_t_in_range
2541  6DBF 21 17 0C         LD HL, TRACK_NUM_POINTS - 1
2542  6DC2              .cat_t_in_range:
2543  6DC2 29               ADD HL, HL
2543  6DC3 29             ADD HL, HL
2544  6DC4 11 49 94         LD DE, TrackData
2545  6DC7 19               ADD HL, DE
2546  6DC8 7E               LD A, (HL)
2546  6DC9 D6 0C          SUB 12
2546  6DCB 32 D9 89       LD (TmpTargetX), A
2546  6DCE 23             INC HL          ; ball 24x24
2547  6DCF 7E               LD A, (HL)
2547  6DD0 DE 00          SBC A, 0
2547  6DD2 32 DA 89       LD (TmpTargetX+1), A
2547  6DD5 23             INC HL
2548  6DD6 CB 7F            BIT 7, A                                                    ; sign bit set?
2549  6DD8 28 07            JR Z, .cat_x_ok
2550  6DDA AF               XOR A
2550  6DDB 32 D9 89       LD (TmpTargetX), A
2550  6DDE 32 DA 89       LD (TmpTargetX+1), A          ; clamp X >= 0
2551  6DE1              .cat_x_ok:
2552  6DE1 7E               LD A, (HL)
2552  6DE2 D6 0C          SUB 12
2552  6DE4 32 DB 89       LD (TmpTargetY), A
2552  6DE7 23             INC HL          ; ball 24x24
2553  6DE8 7E               LD A, (HL)
2553  6DE9 DE 00          SBC A, 0
2553  6DEB 32 DC 89       LD (TmpTargetY+1), A
2554  6DEE CB 7F            BIT 7, A
2555  6DF0 28 07            JR Z, .cat_y_ok
2556  6DF2 AF               XOR A
2556  6DF3 32 DB 89       LD (TmpTargetY), A
2556  6DF6 32 DC 89       LD (TmpTargetY+1), A          ; clamp Y >= 0
2557  6DF9              .cat_y_ok:
2558  6DF9 C9               RET
2559  6DFA
2560  6DFA              ; ================================================================
2561  6DFA              ; ANIMATE CHAIN — VDC модель. Каждый GAP_STEP_FRAMES делает GAP-step:
2562  6DFA              ;   GAP_STOP двигается вправо (к tail в массиве): SWAP с Slots[k+1].
2563  6DFA              ;   GAP_CASCADE двигается влево (к head): SWAP с Slots[k-1].
2564  6DFA              ; Exit GAP с краёв массива → SlotsLen-=1 (для STOP) или shift_left+SlotsLen-=1+HSA-=1 (для CASCADE).
2565  6DFA              ; После GAP-step → match-scan для триггера новых match'ей (cascade chain).
2566  6DFA              ; ChainStalled=1 пока в Slots есть GAP-cells.
2567  6DFA              ; ================================================================
2568  6DFA              AnimateChain:
2569  6DFA                  ; --- Explosion-анимация: increment ExplodingFrame, финализация после EXPLOSION_FRAMES ---
2570  6DFA 3A 27 8F         LD A, (Chain0_SlotsLen)
2571  6DFD B7               OR A
2572  6DFE 28 32            JR Z, .ac_after_explode
2573  6E00 47               LD B, A
2574  6E01 21 45 8D         LD HL, Chain0_ExplodingFrame
2575  6E04              .ac_explode_loop:
2576  6E04 7E               LD A, (HL)
2577  6E05 B7               OR A
2578  6E06 28 27            JR Z, .ac_explode_next
2579  6E08 3C               INC A
2580  6E09 FE 0F            CP EXPLOSION_FRAMES + 1
2581  6E0B 38 21            JR C, .ac_explode_save
2582  6E0D                  ; Frame >= EXPLOSION_FRAMES → финализация: Slots[i]=ExplodingMarker[i], ExplodingFrame[i]=0.
2583  6E0D AF               XOR A
2584  6E0E 77               LD (HL), A                                ; ExplodingFrame[i] = 0
2585  6E0F E5               PUSH HL
2586  6E10 C5               PUSH BC
2587  6E11 3A 27 8F         LD A, (Chain0_SlotsLen)
2588  6E14 90               SUB B                                     ; A = i (поскольку B уменьшается с len до 1)
2589  6E15 26 00            LD H, 0
2589  6E17 6F             LD L, A
2590  6E18 11 35 8E         LD DE, Chain0_ExplodingMarker
2591  6E1B 19               ADD HL, DE
2592  6E1C 7E               LD A, (HL)                                ; A = saved GAP_STOP/CASCADE
2593  6E1D 4F               LD C, A
2594  6E1E 3A 27 8F         LD A, (Chain0_SlotsLen)
2595  6E21 90               SUB B
2596  6E22 26 00            LD H, 0
2596  6E24 6F             LD L, A
2597  6E25 11 75 8A         LD DE, Chain0_Slots
2598  6E28 19               ADD HL, DE
2599  6E29 71               LD (HL), C                                ; Slots[i] = marker
2600  6E2A C1               POP BC
2601  6E2B E1               POP HL
2602  6E2C 18 01            JR .ac_explode_next
2603  6E2E              .ac_explode_save:
2604  6E2E 77               LD (HL), A
2605  6E2F              .ac_explode_next:
2606  6E2F 23               INC HL
2607  6E30 10 D2            DJNZ .ac_explode_loop
2608  6E32              .ac_after_explode:
2609  6E32
2610  6E32                  ; Каждый кадр decay'им offsets к 0 на 1 px (= плавное движение GAP-step через offsets).
2611  6E32 3A 27 8F         LD A, (Chain0_SlotsLen)
2612  6E35 B7               OR A
2613  6E36 28 14            JR Z, .ac_after_decay
2614  6E38 47               LD B, A
2615  6E39 21 65 8B         LD HL, Chain0_SlotOffsets
2616  6E3C              .ac_decay_loop:
2617  6E3C 7E               LD A, (HL)
2618  6E3D B7               OR A
2619  6E3E 28 09            JR Z, .ac_decay_skip
2620  6E40 CB 7F            BIT 7, A
2621  6E42 20 03            JR NZ, .ac_decay_neg
2622  6E44 3D               DEC A                                     ; positive → 0
2623  6E45 18 01            JR .ac_decay_store
2624  6E47              .ac_decay_neg:
2625  6E47 3C               INC A                                     ; negative → 0
2626  6E48              .ac_decay_store:
2627  6E48 77               LD (HL), A
2628  6E49              .ac_decay_skip:
2629  6E49 23               INC HL
2630  6E4A 10 F0            DJNZ .ac_decay_loop
2631  6E4C              .ac_after_decay:
2632  6E4C
2633  6E4C                  ; GAP step counter (full SWAP каждые GAP_STEP_FRAMES = CELL_SIZE кадров)
2634  6E4C 3A 9D 89         LD A, (GapStepCounter)
2635  6E4F 3C               INC A
2636  6E50 FE 20            CP GAP_STEP_FRAMES
2637  6E52 38 07            JR C, .ac_save_counter
2638  6E54 AF               XOR A
2639  6E55 32 9D 89         LD (GapStepCounter), A
2640  6E58 CD 65 6E         CALL DoGapStep
2641  6E5B              .ac_save_counter:
2642  6E5B 32 9D 89         LD (GapStepCounter), A
2643  6E5E                  ; Persistent scan: каждый кадр проверяем Shot2 markers (offset gap может временно
2644  6E5E                  ; блокировать match, но через ~25-32 кадра offsets decay'ят и cascade сработает).
2645  6E5E CD 07 70         CALL ScanForNewMatch
2646  6E61 CD 78 70         CALL UpdateStallByGap
2647  6E64 C9               RET
2648  6E65
2649  6E65              ; ================================================================
2650  6E65              ; DO GAP STEP — один шаг movement всех GAP-cells.
2651  6E65              ; STOP-cells: pass right→left (чтобы swap не двигал тот же cell дважды),
2652  6E65              ;             swap Slots[k] = STOP с Slots[k+1] = (color/non-STOP).
2653  6E65              ;             Если k+1 == SlotsLen → SlotsLen -= 1 (exit с tail-end).
2654  6E65              ; CASCADE-cells: pass left→right, swap Slots[k] = CASCADE с Slots[k-1].
2655  6E65              ;             Если k == 0 → shift_left + HSA -= 1 + SlotsLen -= 1.
2656  6E65              ; ================================================================
2657  6E65              DoGapStep:
2658  6E65                  ; --- Pass 1: STOP closure — last GAP_STOP from tail-side (хвост подъезжает к голове) ---
2659  6E65 3A 27 8F         LD A, (Chain0_SlotsLen)
2660  6E68 B7               OR A
2661  6E69 CA 38 6F         JP Z, .dgs_cascade_init
2662  6E6C 3D               DEC A                                     ; A = SlotsLen-1
2663  6E6D 4F               LD C, A                                   ; C = current idx (start at end)
2664  6E6E 26 00            LD H, 0
2664  6E70 6F             LD L, A
2665  6E71 11 75 8A         LD DE, Chain0_Slots
2666  6E74 19               ADD HL, DE                                ; HL = &Slots[SlotsLen-1]
2667  6E75              .dgs_stop_scan:
2668  6E75 7E               LD A, (HL)
2669  6E76 FE FE            CP GAP_STOP
2670  6E78 28 09            JR Z, .dgs_stop_found
2671  6E7A 79               LD A, C
2672  6E7B B7               OR A
2673  6E7C CA 38 6F         JP Z, .dgs_cascade_init
2674  6E7F 0D               DEC C
2675  6E80 2B               DEC HL
2676  6E81 18 F2            JR .dgs_stop_scan
2677  6E83
2678  6E83              .dgs_stop_found:
2679  6E83                  ; C = idx последнего GAP_STOP. Сохраняем для offset shift.
2680  6E83 79               LD A, C
2681  6E84 32 A0 89         LD (TmpGapIdx), A
2682  6E87
2683  6E87                  ; Удалить slot C: shift_left Slots[C+1..end] → Slots[C..end-1]
2684  6E87 3A 27 8F         LD A, (Chain0_SlotsLen)
2685  6E8A 91               SUB C
2686  6E8B 3D               DEC A                                     ; A = count = SlotsLen - C - 1
2687  6E8C 28 3D            JR Z, .dgs_stop_no_shift
2688  6E8E F5               PUSH AF                                   ; save count
2689  6E8F
2690  6E8F 79               LD A, C
2691  6E90 3C               INC A
2692  6E91 26 00            LD H, 0
2692  6E93 6F             LD L, A
2693  6E94 11 75 8A         LD DE, Chain0_Slots
2694  6E97 19               ADD HL, DE                                ; HL = &Slots[C+1]
2695  6E98 54               LD D, H
2695  6E99 5D             LD E, L
2696  6E9A 1B               DEC DE                                    ; DE = &Slots[C]
2697  6E9B F1               POP AF
2698  6E9C F5               PUSH AF
2699  6E9D 4F               LD C, A
2699  6E9E 06 00          LD B, 0
2700  6EA0 ED B0            LDIR
2701  6EA2
2702  6EA2                  ; SlotOffsets shift аналогично
2703  6EA2 3A A0 89         LD A, (TmpGapIdx)
2704  6EA5 3C               INC A
2705  6EA6 26 00            LD H, 0
2705  6EA8 6F             LD L, A
2706  6EA9 11 65 8B         LD DE, Chain0_SlotOffsets
2707  6EAC 19               ADD HL, DE
2708  6EAD 54               LD D, H
2708  6EAE 5D             LD E, L
2709  6EAF 1B               DEC DE
2710  6EB0 F1               POP AF
2711  6EB1 F5               PUSH AF
2712  6EB2 4F               LD C, A
2712  6EB3 06 00          LD B, 0
2713  6EB5 ED B0            LDIR
2714  6EB7
2715  6EB7                  ; Shot2 shift аналогично
2716  6EB7 3A A0 89         LD A, (TmpGapIdx)
2717  6EBA 3C               INC A
2718  6EBB 26 00            LD H, 0
2718  6EBD 6F             LD L, A
2719  6EBE 11 55 8C         LD DE, Chain0_Shot2
2720  6EC1 19               ADD HL, DE
2721  6EC2 54               LD D, H
2721  6EC3 5D             LD E, L
2722  6EC4 1B               DEC DE
2723  6EC5 F1               POP AF
2724  6EC6 4F               LD C, A
2724  6EC7 06 00          LD B, 0
2725  6EC9 ED B0            LDIR
2726  6ECB              .dgs_stop_no_shift:
2727  6ECB 21 27 8F         LD HL, Chain0_SlotsLen
2728  6ECE 35               DEC (HL)
2729  6ECF
2730  6ECF                  ; STOP теперь cascade-like: HSA-=1, head комп +CELL_SIZE с cap'ом. Tail НЕ
2731  6ECF                  ; компенсируем — shift idx-=1 + HSA-=1 = position preserved автоматически.
2732  6ECF 21 25 8F         LD HL, Chain0_HeadSlotAbs
2733  6ED2 7E               LD A, (HL)
2734  6ED3 B7               OR A
2735  6ED4 28 01            JR Z, .dgs_stop_no_hsa_dec
2736  6ED6 35               DEC (HL)
2737  6ED7              .dgs_stop_no_hsa_dec:
2738  6ED7                  ; offsets[0..K-1] = min(offsets[j] + CELL_SIZE, CELL_SIZE) — head компенсация с cap'ом.
2739  6ED7                  ; Equivalent: if A_orig >= 0 → CELL_SIZE; else → A_orig + CELL_SIZE.
2740  6ED7 3A A0 89         LD A, (TmpGapIdx)
2741  6EDA B7               OR A
2742  6EDB 28 13            JR Z, .dgs_stop_no_off
2743  6EDD 47               LD B, A                                   ; B = count = K
2744  6EDE 21 65 8B         LD HL, Chain0_SlotOffsets
2745  6EE1              .dgs_stop_off_loop:
2746  6EE1 7E               LD A, (HL)
2747  6EE2 B7               OR A
2748  6EE3 F2 EA 6E         JP P, .dgs_stop_off_cap                   ; A_orig >= 0 (signed) → cap
2749  6EE6 C6 20            ADD A, CELL_SIZE                          ; A_orig < 0 → add normally
2750  6EE8 18 02            JR .dgs_stop_off_store
2751  6EEA              .dgs_stop_off_cap:
2752  6EEA 3E 20            LD A, CELL_SIZE
2753  6EEC              .dgs_stop_off_store:
2754  6EEC 77               LD (HL), A
2755  6EED 23               INC HL
2756  6EEE 10 F1            DJNZ .dgs_stop_off_loop
2757  6EF0              .dgs_stop_no_off:
2758  6EF0                  ; Set MatchScanIdx после каждого STOP close — для ScanForNewMatch (Phase 1).
2759  6EF0 3A A0 89         LD A, (TmpGapIdx)
2760  6EF3 32 9F 89         LD (MatchScanIdx), A
2761  6EF6
2762  6EF6                  ; Compaction-site Shot2: на новом соседе K-1 (= балл который только что встал
2763  6EF6                  ; рядом с тем, что было K+1). Phase 1 ловит такой compaction-cascade combo
2764  6EF6                  ; без необходимости Phase 2 full-chain scan'а (= источник «ложных» match'ей).
2765  6EF6                  ; Также пометить slot K (= shifted-in ball) для симметрии.
2766  6EF6 3A A0 89         LD A, (TmpGapIdx)
2767  6EF9 B7               OR A
2768  6EFA 28 1A            JR Z, .dgs_stop_no_left_shot2          ; K=0 → нет K-1
2769  6EFC 3D               DEC A                                   ; A = K-1
2770  6EFD 26 00            LD H, 0
2770  6EFF 6F             LD L, A
2771  6F00 11 75 8A         LD DE, Chain0_Slots
2772  6F03 19               ADD HL, DE
2773  6F04 7E               LD A, (HL)
2774  6F05 FE 06            CP NUM_BALL_COLORS
2775  6F07 30 0D            JR NC, .dgs_stop_no_left_shot2          ; K-1 = GAP → не маркируем
2776  6F09 3A A0 89         LD A, (TmpGapIdx)
2777  6F0C 3D               DEC A
2778  6F0D 26 00            LD H, 0
2778  6F0F 6F             LD L, A
2779  6F10 11 55 8C         LD DE, Chain0_Shot2
2780  6F13 19               ADD HL, DE
2781  6F14 36 01            LD (HL), 1
2782  6F16              .dgs_stop_no_left_shot2:
2783  6F16 3A A0 89         LD A, (TmpGapIdx)
2784  6F19 21 27 8F         LD HL, Chain0_SlotsLen
2785  6F1C BE               CP (HL)
2786  6F1D 30 18            JR NC, .dgs_stop_no_self_shot2          ; K >= SlotsLen → нет slot K
2787  6F1F 26 00            LD H, 0
2787  6F21 6F             LD L, A
2788  6F22 11 75 8A         LD DE, Chain0_Slots
2789  6F25 19               ADD HL, DE
2790  6F26 7E               LD A, (HL)
2791  6F27 FE 06            CP NUM_BALL_COLORS
2792  6F29 30 0C            JR NC, .dgs_stop_no_self_shot2          ; slot K = GAP → не маркируем
2793  6F2B 3A A0 89         LD A, (TmpGapIdx)
2794  6F2E 26 00            LD H, 0
2794  6F30 6F             LD L, A
2795  6F31 11 55 8C         LD DE, Chain0_Shot2
2796  6F34 19               ADD HL, DE
2797  6F35 36 01            LD (HL), 1
2798  6F37              .dgs_stop_no_self_shot2:
2799  6F37 C9               RET                                       ; обработали STOP — не идём в CASCADE pass.
2800  6F38                                                            ; Иначе STOP+CASCADE в одном тике дают HSA-=2
2801  6F38                                                            ; без двойной компенсации → рывок head -32 px.
2802  6F38
2803  6F38              .dgs_cascade_init:
2804  6F38                  ; --- Pass 2: CASCADE closure — first GAP_CASCADE from head-side
2805  6F38                  ;     (голова катится к хвосту, GAP тает от head-стороны) ---
2806  6F38 3A 27 8F         LD A, (Chain0_SlotsLen)
2807  6F3B B7               OR A
2808  6F3C C8               RET Z
2809  6F3D 47               LD B, A                                   ; B = SlotsLen (DJNZ counter)
2810  6F3E 0E 00            LD C, 0                                   ; C = idx
2811  6F40 21 75 8A         LD HL, Chain0_Slots
2812  6F43              .dgs_casc_scan:
2813  6F43 7E               LD A, (HL)
2814  6F44 FE FD            CP GAP_CASCADE
2815  6F46 28 05            JR Z, .dgs_casc_found
2816  6F48 23               INC HL
2817  6F49 0C               INC C
2818  6F4A 10 F7            DJNZ .dgs_casc_scan
2819  6F4C C9               RET                                       ; no CASCADE найден
2820  6F4D
2821  6F4D              .dgs_casc_found:
2822  6F4D 79               LD A, C
2823  6F4E 32 A0 89         LD (TmpGapIdx), A
2824  6F51
2825  6F51                  ; Удалить slot C: shift_left Slots[C+1..end] → Slots[C..end-1]
2826  6F51 3A 27 8F         LD A, (Chain0_SlotsLen)
2827  6F54 91               SUB C
2828  6F55 3D               DEC A
2829  6F56 28 3D            JR Z, .dgs_casc_no_shift
2830  6F58 F5               PUSH AF
2831  6F59
2832  6F59 79               LD A, C
2833  6F5A 3C               INC A
2834  6F5B 26 00            LD H, 0
2834  6F5D 6F             LD L, A
2835  6F5E 11 75 8A         LD DE, Chain0_Slots
2836  6F61 19               ADD HL, DE
2837  6F62 54               LD D, H
2837  6F63 5D             LD E, L
2838  6F64 1B               DEC DE
2839  6F65 F1               POP AF
2840  6F66 F5               PUSH AF
2841  6F67 4F               LD C, A
2841  6F68 06 00          LD B, 0
2842  6F6A ED B0            LDIR
2843  6F6C
2844  6F6C 3A A0 89         LD A, (TmpGapIdx)
2845  6F6F 3C               INC A
2846  6F70 26 00            LD H, 0
2846  6F72 6F             LD L, A
2847  6F73 11 65 8B         LD DE, Chain0_SlotOffsets
2848  6F76 19               ADD HL, DE
2849  6F77 54               LD D, H
2849  6F78 5D             LD E, L
2850  6F79 1B               DEC DE
2851  6F7A F1               POP AF
2852  6F7B F5               PUSH AF
2853  6F7C 4F               LD C, A
2853  6F7D 06 00          LD B, 0
2854  6F7F ED B0            LDIR
2855  6F81
2856  6F81                  ; Shot2 shift аналогично
2857  6F81 3A A0 89         LD A, (TmpGapIdx)
2858  6F84 3C               INC A
2859  6F85 26 00            LD H, 0
2859  6F87 6F             LD L, A
2860  6F88 11 55 8C         LD DE, Chain0_Shot2
2861  6F8B 19               ADD HL, DE
2862  6F8C 54               LD D, H
2862  6F8D 5D             LD E, L
2863  6F8E 1B               DEC DE
2864  6F8F F1               POP AF
2865  6F90 4F               LD C, A
2865  6F91 06 00          LD B, 0
2866  6F93 ED B0            LDIR
2867  6F95              .dgs_casc_no_shift:
2868  6F95 21 27 8F         LD HL, Chain0_SlotsLen
2869  6F98 35               DEC (HL)
2870  6F99 21 25 8F         LD HL, Chain0_HeadSlotAbs
2871  6F9C 7E               LD A, (HL)
2872  6F9D B7               OR A
2873  6F9E 28 01            JR Z, .dgs_casc_no_hsa_dec
2874  6FA0 35               DEC (HL)
2875  6FA1              .dgs_casc_no_hsa_dec:
2876  6FA1
2877  6FA1                  ; Cascade close: HSA-- сдвигает все nominals на -CELL_SIZE. Чтобы head-side
2878  6FA1                  ; визуально остался на месте В МОМЕНТ close, а потом ПЛАВНО откатился назад
2879  6FA1                  ; за CELL_SIZE кадров — компенсируем offset += CELL_SIZE с cap'ом max +CELL_SIZE
2880  6FA1                  ; (без cap'а множественные cascade'ы аккумулируют offsets до 70+ → head зависает).
2881  6FA1 3A A0 89         LD A, (TmpGapIdx)
2882  6FA4 B7               OR A
2883  6FA5 28 13            JR Z, .dgs_casc_no_off
2884  6FA7 47               LD B, A
2885  6FA8 21 65 8B         LD HL, Chain0_SlotOffsets
2886  6FAB              .dgs_casc_off_loop:
2887  6FAB 7E               LD A, (HL)
2888  6FAC B7               OR A
2889  6FAD F2 B4 6F         JP P, .dgs_casc_off_cap                   ; A_orig >= 0 (signed) → cap
2890  6FB0 C6 20            ADD A, CELL_SIZE                          ; A_orig < 0 → add normally
2891  6FB2 18 02            JR .dgs_casc_off_store
2892  6FB4              .dgs_casc_off_cap:
2893  6FB4 3E 20            LD A, CELL_SIZE
2894  6FB6              .dgs_casc_off_store:
2895  6FB6 77               LD (HL), A
2896  6FB7 23               INC HL
2897  6FB8 10 F1            DJNZ .dgs_casc_off_loop
2898  6FBA              .dgs_casc_no_off:
2899  6FBA                  ; chain_freeze: head компенсация декаит без параллельного chain motion →
2900  6FBA                  ; head визуально откатывается на CELL_SIZE px назад за CELL_SIZE кадров (видимый rollback).
2901  6FBA 3E 20            LD A, CELL_SIZE
2902  6FBC 32 9E 89         LD (ChainFreezeCounter), A
2903  6FBF                  ; Set MatchScanIdx после КАЖДОГО CASCADE close (как и для STOP).
2904  6FBF 3A A0 89         LD A, (TmpGapIdx)
2905  6FC2 32 9F 89         LD (MatchScanIdx), A
2906  6FC5
2907  6FC5                  ; Compaction-site Shot2 (как в STOP-pass) — Phase 1 ловит cascade combos.
2908  6FC5 3A A0 89         LD A, (TmpGapIdx)
2909  6FC8 B7               OR A
2910  6FC9 28 1A            JR Z, .dgs_casc_no_left_shot2
2911  6FCB 3D               DEC A
2912  6FCC 26 00            LD H, 0
2912  6FCE 6F             LD L, A
2913  6FCF 11 75 8A         LD DE, Chain0_Slots
2914  6FD2 19               ADD HL, DE
2915  6FD3 7E               LD A, (HL)
2916  6FD4 FE 06            CP NUM_BALL_COLORS
2917  6FD6 30 0D            JR NC, .dgs_casc_no_left_shot2
2918  6FD8 3A A0 89         LD A, (TmpGapIdx)
2919  6FDB 3D               DEC A
2920  6FDC 26 00            LD H, 0
2920  6FDE 6F             LD L, A
2921  6FDF 11 55 8C         LD DE, Chain0_Shot2
2922  6FE2 19               ADD HL, DE
2923  6FE3 36 01            LD (HL), 1
2924  6FE5              .dgs_casc_no_left_shot2:
2925  6FE5 3A A0 89         LD A, (TmpGapIdx)
2926  6FE8 21 27 8F         LD HL, Chain0_SlotsLen
2927  6FEB BE               CP (HL)
2928  6FEC 30 18            JR NC, .dgs_casc_no_self_shot2
2929  6FEE 26 00            LD H, 0
2929  6FF0 6F             LD L, A
2930  6FF1 11 75 8A         LD DE, Chain0_Slots
2931  6FF4 19               ADD HL, DE
2932  6FF5 7E               LD A, (HL)
2933  6FF6 FE 06            CP NUM_BALL_COLORS
2934  6FF8 30 0C            JR NC, .dgs_casc_no_self_shot2
2935  6FFA 3A A0 89         LD A, (TmpGapIdx)
2936  6FFD 26 00            LD H, 0
2936  6FFF 6F             LD L, A
2937  7000 11 55 8C         LD DE, Chain0_Shot2
2938  7003 19               ADD HL, DE
2939  7004 36 01            LD (HL), 1
2940  7006              .dgs_casc_no_self_shot2:
2941  7006 C9               RET
2942  7007
2943  7007              ; ================================================================
2944  7007              ; SCAN FOR NEW MATCH — full-chain window-3 scan. При найденном run >= 3
2945  7007              ; устанавливает TmpMatch* и вызывает CheckMatch3 без detect (= просто apply).
2946  7007              ; Используется AnimateChain после GAP-step — обнаружение новых match'ей
2947  7007              ; которые сложились из-за движения GAP'ов или новых spawn'ов.
2948  7007              ; ================================================================
2949  7007              ScanForNewMatch:
2950  7007                  ; Persistent Shot2-scan (запускается каждый кадр из AnimateChain). Не gated на
2951  7007                  ; MatchScanIdx — проверяет Shot2 каждый раз. Shot2 НЕ очищается на failed match —
2952  7007                  ; offset gap check в DetectMatch3 может временно блокировать match (offsets=-32
2953  7007                  ; после shift), а через ~25-32 кадров offsets decay'ят и match сработает естественно.
2954  7007                  ; Shot2 очищается ТОЛЬКО при:
2955  7007                  ;  - successful match (= consumed),
2956  7007                  ;  - slot стал GAP'ом (cleanup stale),
2957  7007                  ;  - offsets полностью settled (=0) у k и соседей (= retry done, no cascade).
2958  7007 3A 27 8F         LD A, (Chain0_SlotsLen)
2959  700A B7               OR A
2960  700B C8               RET Z
2961  700C 47               LD B, A                                   ; B = SlotsLen iter counter
2962  700D 21 55 8C         LD HL, Chain0_Shot2
2963  7010 0E 00            LD C, 0
2964  7012              .snm_shot2_loop:
2965  7012 7E               LD A, (HL)
2966  7013 B7               OR A
2967  7014 CA 73 70         JP Z, .snm_shot2_next
2968  7017
2969  7017                  ; --- Cleanup: Slots[C] is GAP → clear Shot2 (stale)  ---
2970  7017 C5               PUSH BC
2971  7018 E5               PUSH HL
2972  7019 79               LD A, C
2973  701A 26 00            LD H, 0
2973  701C 6F             LD L, A
2974  701D 11 75 8A         LD DE, Chain0_Slots
2975  7020 19               ADD HL, DE
2976  7021 7E               LD A, (HL)
2977  7022 E1               POP HL
2978  7023 C1               POP BC
2979  7024 FE 06            CP NUM_BALL_COLORS
2980  7026 38 05            JR C, .snm_check_match
2981  7028 36 00            LD (HL), 0                                ; GAP slot → clear Shot2
2982  702A C3 73 70         JP .snm_shot2_next
2983  702D
2984  702D              .snm_check_match:
2985  702D C5               PUSH BC
2986  702E E5               PUSH HL
2987  702F 79               LD A, C
2988  7030 32 CA 89         LD (TmpInsertIdx), A
2989  7033 CD 8A 6A         CALL CheckMatch3
2990  7036 E1               POP HL
2991  7037 C1               POP BC
2992  7038 B7               OR A
2993  7039 C0               RET NZ                                    ; match → cascade продолжается
2994  703A
2995  703A                  ; No match. Clear Shot2 only if offsets near k полностью settled (= retry done).
2996  703A C5               PUSH BC
2997  703B E5               PUSH HL
2998  703C 79               LD A, C
2999  703D 26 00            LD H, 0
2999  703F 6F             LD L, A
3000  7040 11 65 8B         LD DE, Chain0_SlotOffsets
3001  7043 19               ADD HL, DE
3002  7044 7E               LD A, (HL)
3003  7045 B7               OR A
3004  7046 20 29            JR NZ, .snm_unsettled                     ; offset[C] != 0
3005  7048                  ; Check left neighbor
3006  7048 79               LD A, C
3007  7049 B7               OR A
3008  704A 28 0C            JR Z, .snm_check_right
3009  704C 3D               DEC A
3010  704D 26 00            LD H, 0
3010  704F 6F             LD L, A
3011  7050 11 65 8B         LD DE, Chain0_SlotOffsets
3012  7053 19               ADD HL, DE
3013  7054 7E               LD A, (HL)
3014  7055 B7               OR A
3015  7056 20 19            JR NZ, .snm_unsettled
3016  7058              .snm_check_right:
3017  7058 79               LD A, C
3018  7059 3C               INC A
3019  705A 21 27 8F         LD HL, Chain0_SlotsLen
3020  705D BE               CP (HL)
3021  705E 30 0B            JR NC, .snm_settled
3022  7060 26 00            LD H, 0
3022  7062 6F             LD L, A
3023  7063 11 65 8B         LD DE, Chain0_SlotOffsets
3024  7066 19               ADD HL, DE
3025  7067 7E               LD A, (HL)
3026  7068 B7               OR A
3027  7069 20 06            JR NZ, .snm_unsettled
3028  706B              .snm_settled:
3029  706B E1               POP HL
3030  706C C1               POP BC
3031  706D 36 00            LD (HL), 0                                ; settled → clear Shot2[C]
3032  706F 18 02            JR .snm_shot2_next
3033  7071              .snm_unsettled:
3034  7071 E1               POP HL
3035  7072 C1               POP BC
3036  7073                  ; leave Shot2[C] = 1 для retry next frame
3037  7073
3038  7073              .snm_shot2_next:
3039  7073 23               INC HL
3040  7074 0C               INC C
3041  7075 10 9B            DJNZ .snm_shot2_loop
3042  7077 C9               RET
3043  7078
3044  7078              ; ================================================================
3045  7078              ; UPDATE STALL BY GAP — ChainStalled=1 если в Slots есть GAP, иначе 0.
3046  7078              ; ================================================================
3047  7078              UpdateStallByGap:
3048  7078 3A 27 8F         LD A, (Chain0_SlotsLen)
3049  707B B7               OR A
3050  707C 28 1A            JR Z, .usg_no_activity
3051  707E                  ; Check 1: any GAP в Slots?
3052  707E 47               LD B, A
3053  707F 21 75 8A         LD HL, Chain0_Slots
3054  7082              .usg_slots_loop:
3055  7082 7E               LD A, (HL)
3056  7083 FE 06            CP NUM_BALL_COLORS
3057  7085 30 16            JR NC, .usg_has_activity                  ; GAP найден → stall
3058  7087 23               INC HL
3059  7088 10 F8            DJNZ .usg_slots_loop
3060  708A                  ; Check 2: any non-zero SlotOffset (= анимация в процессе)?
3061  708A 3A 27 8F         LD A, (Chain0_SlotsLen)
3062  708D 47               LD B, A
3063  708E 21 65 8B         LD HL, Chain0_SlotOffsets
3064  7091              .usg_offs_loop:
3065  7091 7E               LD A, (HL)
3066  7092 B7               OR A
3067  7093 20 08            JR NZ, .usg_has_activity
3068  7095 23               INC HL
3069  7096 10 F9            DJNZ .usg_offs_loop
3070  7098              .usg_no_activity:
3071  7098 AF               XOR A
3072  7099 32 C0 89         LD (ChainStalled), A
3073  709C C9               RET
3074  709D              .usg_has_activity:
3075  709D 3E 01            LD A, 1
3076  709F 32 C0 89         LD (ChainStalled), A
3077  70A2 C9               RET
3078  70A3
3079  70A3              ; ================================================================
3080  70A3              ; MOVE CHAIN — попиксельное движение через HeadSub (0..CELL_SIZE-1).
3081  70A3              ; HeadSub++ каждый вызов; overflow → HeadSub=0, HeadSlotAbs++.
3082  70A3              ; Cascade reverse: HeadSub--, underflow → HeadSub=CELL_SIZE-1, HeadSlotAbs--.
3083  70A3              ; ChainStalled — стоп.
3084  70A3              ; ================================================================
3085  70A3              TRACK_NUM_SLOTS       EQU TRACK_NUM_POINTS / CELL_SIZE  ; 96
3086  70A3
3087  70A3              MoveChain:
3088  70A3                  ; Cascade state — цепочка стоит (instant HSA -= count в .cpt_cascade уже сделан).
3089  70A3                  ; Reverse-anim не нужен.
3090  70A3 3A 97 89         LD A, (CascadeState)
3091  70A6 B7               OR A
3092  70A7 C0               RET NZ
3093  70A8              .mc_normal_check:
3094  70A8 3A C0 89         LD A, (ChainStalled)
3095  70AB B7               OR A
3096  70AC C0               RET NZ
3097  70AD
3098  70AD                  ; ChainFreezeCounter > 0 → пауза hsub-инкремента (head компенсация декаит без
3099  70AD                  ; параллельного chain motion, иначе net advance = 2 cell вместо 1).
3100  70AD 3A 9E 89         LD A, (ChainFreezeCounter)
3101  70B0 B7               OR A
3102  70B1 28 05            JR Z, .mc_no_freeze
3103  70B3 3D               DEC A
3104  70B4 32 9E 89         LD (ChainFreezeCounter), A
3105  70B7 C9               RET
3106  70B8              .mc_no_freeze:
3107  70B8
3108  70B8 3A 26 8F         LD A, (Chain0_HeadSub)
3109  70BB 3C               INC A
3110  70BC FE 20            CP CELL_SIZE
3111  70BE 38 12            JR C, .mc_save_sub
3112  70C0 AF               XOR A
3113  70C1 32 26 8F         LD (Chain0_HeadSub), A
3114  70C4 3A 25 8F         LD A, (Chain0_HeadSlotAbs)
3115  70C7 3C               INC A
3116  70C8 FE 60            CP TRACK_NUM_SLOTS
3117  70CA 38 02            JR C, .mc_save_slot
3118  70CC 3E 5F            LD A, TRACK_NUM_SLOTS - 1
3119  70CE              .mc_save_slot:
3120  70CE 32 25 8F         LD (Chain0_HeadSlotAbs), A
3121  70D1 C9               RET
3122  70D2              .mc_save_sub:
3123  70D2 32 26 8F         LD (Chain0_HeadSub), A
3124  70D5 C9               RET
3125  70D6
3126  70D6              ; ================================================================
3127  70D6              ; UPDATE CHAIN SPRITES — TSU-вариант рендера цепочки (НЕ ИСПОЛЬЗУЕТСЯ).
3128  70D6              ; Заменён DMA-конвейером BlitChainToShadow + HideChainSprites. Оставлен
3129  70D6              ; в коде как ссылка/легаси, никем не вызывается. Использовал старую формулу
3130  70D6              ; t = ChainHeadT - 30*i (rigid body model).
3131  70D6              ; ================================================================
3132  70D6              UpdateChainSprites:
3133  70D6 AF               XOR A
3134  70D7 32 BB 89         LD (TmpChainIdx), A                   ; i = 0
3135  70DA              .ucss_loop:
3136  70DA 3A BB 89         LD A, (TmpChainIdx)
3137  70DD FE 3C            CP TSU_CHAIN_SPRITES                  ; SFILE-резерв (legacy TSU-вариант)
3138  70DF D0               RET NC                                ; i >= TSU_CHAIN_SPRITES → конец
3139  70E0
3140  70E0                  ; Адрес дескриптора в SFILE: HL = DESC_CHAIN0 + 6*i
3141  70E0 26 00            LD H, 0
3141  70E2 6F             LD L, A
3142  70E3 54               LD D, H
3142  70E4 5D             LD E, L
3143  70E5 29               ADD HL, HL
3144  70E6 19               ADD HL, DE
3145  70E7 29               ADD HL, HL                            ; HL = i*6
3146  70E8 11 12 02         LD DE, DESC_CHAIN0
3147  70EB 19               ADD HL, DE
3148  70EC E5               PUSH HL                               ; сохранить адрес дескриптора
3149  70ED
3150  70ED                  ; Если i >= SlotsLen → invisible
3151  70ED 3A BB 89         LD A, (TmpChainIdx)
3152  70F0 21 27 8F         LD HL, Chain0_SlotsLen
3153  70F3 BE               CP (HL)
3154  70F4 D2 B3 71         JP NC, .ucss_invisible
3155  70F7
3156  70F7                  ; GAP-cell → invisible
3157  70F7 26 00            LD H, 0
3157  70F9 6F             LD L, A
3158  70FA 11 75 8A         LD DE, Chain0_Slots
3159  70FD 19               ADD HL, DE
3160  70FE 7E               LD A, (HL)
3161  70FF FE 06            CP NUM_BALL_COLORS
3162  7101 D2 B3 71         JP NC, .ucss_invisible                ; >= 3 = GAP (любой тип) → не рендерим
3163  7104
3164  7104                  ; t = (HSA - i) * 32 + HeadSub + sign_extend(SlotOffsets[i])
3165  7104 3A 25 8F         LD A, (Chain0_HeadSlotAbs)
3166  7107 21 BB 89         LD HL, TmpChainIdx
3167  710A 96               SUB (HL)
3168  710B DA B3 71         JP C, .ucss_invisible                 ; t < 0
3169  710E 26 00            LD H, 0
3169  7110 6F             LD L, A
3170  7111 29               ADD HL, HL
3170  7112 29             ADD HL, HL
3170  7113 29             ADD HL, HL
3171  7114 29               ADD HL, HL
3171  7115 29             ADD HL, HL                ; HL = (HSA-i)*32
3172  7116
3173  7116 3A 26 8F         LD A, (Chain0_HeadSub)
3174  7119 5F               LD E, A
3175  711A 16 00            LD D, 0
3176  711C 19               ADD HL, DE                             ; + HeadSub
3177  711D
3178  711D E5               PUSH HL
3179  711E 3A BB 89         LD A, (TmpChainIdx)
3180  7121 26 00            LD H, 0
3180  7123 6F             LD L, A
3181  7124 11 65 8B         LD DE, Chain0_SlotOffsets
3182  7127 19               ADD HL, DE
3183  7128 7E               LD A, (HL)
3184  7129 5F               LD E, A
3185  712A 16 00            LD D, 0
3186  712C CB 7F            BIT 7, A
3187  712E 28 01            JR Z, .ucss_offset_pos
3188  7130 15               DEC D
3189  7131              .ucss_offset_pos:
3190  7131 E1               POP HL
3191  7132 19               ADD HL, DE
3192  7133              .ucss_t_ready:
3193  7133 CB 7C            BIT 7, H
3194  7135 C2 B3 71         JP NZ, .ucss_invisible                ; t < 0 → шар ещё за стартом
3195  7138
3196  7138 E5               PUSH HL
3197  7139 11 18 0C         LD DE, TRACK_NUM_POINTS
3198  713C A7               AND A
3199  713D ED 52            SBC HL, DE
3200  713F E1               POP HL
3201  7140 38 03            JR C, .ucss_t_in_range
3202  7142 21 17 0C         LD HL, TRACK_NUM_POINTS - 1           ; clamp в финал
3203  7145              .ucss_t_in_range:
3204  7145                  ; HL = t. Адрес записи трека = TrackData + 4*t.
3205  7145 29               ADD HL, HL
3205  7146 29             ADD HL, HL
3206  7147 11 49 94         LD DE, TrackData
3207  714A 19               ADD HL, DE
3208  714B
3209  714B 7E               LD A, (HL)
3209  714C D6 0C          SUB 12
3209  714E 32 B6 89       LD (TmpChainX), A
3209  7151 23             INC HL          ; ball 24x24 top-left = center-12
3210  7152 7E               LD A, (HL)
3210  7153 DE 00          SBC A, 0
3210  7155 32 B7 89       LD (TmpChainX+1), A
3210  7158 23             INC HL
3211  7159 7E               LD A, (HL)
3211  715A D6 0C          SUB 12
3211  715C 32 B8 89       LD (TmpChainY), A
3211  715F 23             INC HL
3212  7160 7E               LD A, (HL)
3212  7161 DE 00          SBC A, 0
3212  7163 32 B9 89       LD (TmpChainY+1), A
3213  7166
3214  7166                  ; Цвет = Slots[i] (GAP-cell отсеян выше)
3215  7166 3A BB 89         LD A, (TmpChainIdx)
3216  7169 26 00            LD H, 0
3216  716B 6F             LD L, A
3217  716C 11 75 8A         LD DE, Chain0_Slots
3218  716F 19               ADD HL, DE
3219  7170 7E               LD A, (HL)
3220  7171 32 BA 89         LD (TmpChainColor), A
3221  7174
3222  7174 E1               POP HL                                 ; адрес дескриптора
3223  7175 01 AF 15         LD BC, FMADDR
3223  7178 3E 10          LD A, FM_EN
3223  717A ED 79          OUT (C), A
3224  717C
3225  717C ED 5B B8 89      LD DE, (TmpChainY)
3226  7180 73               LD (HL), E
3226  7181 23             INC HL
3227  7182 7A               LD A, D
3227  7183 E6 01          AND 1
3227  7185 F6 24          OR SPACT+SPSIZ24
3228  7187 77               LD (HL), A
3228  7188 23             INC HL
3229  7189 ED 5B B6 89      LD DE, (TmpChainX)
3230  718D 73               LD (HL), E
3230  718E 23             INC HL
3231  718F 7A               LD A, D
3231  7190 E6 01          AND 1
3231  7192 F6 04          OR SPSIZ24
3232  7194 77               LD (HL), A
3232  7195 23             INC HL
3233  7196
3234  7196 3A BA 89         LD A, (TmpChainColor)
3235  7199 57               LD D, A
3235  719A 87             ADD A, A
3235  719B 82             ADD A, D          ; A = COLOR*3 (24×24 stride)
3236  719C 77               LD (HL), A
3236  719D 23             INC HL
3237  719E 3A BA 89         LD A, (TmpChainColor)
3238  71A1 C6 02            ADD A, 2
3239  71A3 87               ADD A, A
3239  71A4 87             ADD A, A
3239  71A5 87             ADD A, A
3239  71A6 87             ADD A, A
3240  71A7 F6 09            OR 9
3241  71A9 77               LD (HL), A
3242  71AA
3243  71AA 01 AF 15         LD BC, FMADDR
3243  71AD AF             XOR A
3243  71AE ED 79          OUT (C), A
3244  71B0 C3 D2 71         JP .ucss_next
3245  71B3
3246  71B3              .ucss_invisible:
3247  71B3 E1               POP HL
3248  71B4 01 AF 15         LD BC, FMADDR
3248  71B7 3E 10          LD A, FM_EN
3248  71B9 ED 79          OUT (C), A
3249  71BB 36 2C            LD (HL), #2C
3249  71BD 23             INC HL
3250  71BE 36 25            LD (HL), SPACT+SPSIZ24+1
3250  71C0 23             INC HL
3251  71C1 36 00            LD (HL), 0
3251  71C3 23             INC HL
3252  71C4 36 04            LD (HL), SPSIZ24
3252  71C6 23             INC HL
3253  71C7 36 00            LD (HL), 0
3253  71C9 23             INC HL
3254  71CA 36 00            LD (HL), 0
3255  71CC 01 AF 15         LD BC, FMADDR
3255  71CF AF             XOR A
3255  71D0 ED 79          OUT (C), A
3256  71D2
3257  71D2              .ucss_next:
3258  71D2 3A BB 89         LD A, (TmpChainIdx)
3259  71D5 3C               INC A
3260  71D6 32 BB 89         LD (TmpChainIdx), A
3261  71D9 C3 DA 70         JP .ucss_loop
3262  71DC
3263  71DC              ; ================================================================
3264  71DC              ; LOAD BALLS DMA PALETTE — копирует 32 CRAM word из BallsDmaPalette
3265  71DC              ; в FM-mapped CRAM byte offset 256 (= CRAM #80..#9F).
3266  71DC              ; ================================================================
3267  71DC              LoadBallsDmaPalette:
3268  71DC 01 AF 15         LD BC, FMADDR
3268  71DF 3E 10          LD A, FM_EN
3268  71E1 ED 79          OUT (C), A
3269  71E3 21 09 94         LD HL, BallsDmaPalette
3270  71E6 11 C0 01         LD DE, #01C0                              ; CRAM #E0 word = byte offset 448 = #01C0
3271  71E9 01 40 00         LD BC, 64                                 ; 32 words × 2 byte
3272  71EC ED B0            LDIR
3273  71EE 01 AF 15         LD BC, FMADDR
3273  71F1 AF             XOR A
3273  71F2 ED 79          OUT (C), A
3274  71F4 C9               RET
3275  71F5
3276  71F5              ; ================================================================
3277  71F5              ; CANVAS A=#10..#18, B=#20..#28. Golden=#30..#38. Учебная схема:
3278  71F5              ; full copy golden→shadow + blit chain + atomic VPAGE swap в начале vblank.
3279  71F5              ; ================================================================
3280  71F5              CANVAS_B_PAGE_BASE EQU #20
3281  71F5              GOLDEN_PAGE_BASE   EQU #30
3282  71F5
3283  71F5              ; ================================================================
3284  71F5              ; COPY GOLDEN TO SHADOW — DMA 9 страниц фона в текущий shadow buffer.
3285  71F5              ; ShadowPageBase обновляется при swap.
3286  71F5              ; ================================================================
3287  71F5              CopyGoldenToShadow:
3288  71F5 01 AF 15         LD BC, FMADDR
3288  71F8 AF             XOR A
3288  71F9 ED 79          OUT (C), A
3289  71FB 3E FF            LD A, 256-1
3289  71FD 01 AF 26       LD BC, DMALEN
3289  7200 ED 79          OUT (C), A   ; burst = 256 words = 512 byte (1 строка)
3290  7202 3E 1F            LD A, 32-1
3290  7204 01 AF 28       LD BC, DMANUM
3290  7207 ED 79          OUT (C), A   ; 32 строки = 16K = 1 страница
3291  7209
3292  7209 3E 30            LD A, GOLDEN_PAGE_BASE
3292  720B 32 66 72       LD (.cgs_src), A
3293  720E 3A A7 75         LD A, (ShadowPageBase)
3293  7211 32 67 72       LD (.cgs_dst), A
3294  7214 3E 09            LD A, 9
3294  7216 32 68 72       LD (.cgs_cnt), A
3295  7219              .cgs_loop:
3296  7219 AF               XOR A
3296  721A 01 AF 1A       LD BC, DMASADL
3296  721D ED 79          OUT (C), A
3297  721F AF               XOR A
3297  7220 01 AF 1B       LD BC, DMASADH
3297  7223 ED 79          OUT (C), A
3298  7225 3A 66 72         LD A, (.cgs_src)
3298  7228 01 AF 1C       LD BC, DMASADX
3298  722B ED 79          OUT (C), A
3299  722D AF               XOR A
3299  722E 01 AF 1D       LD BC, DMADADL
3299  7231 ED 79          OUT (C), A
3300  7233 AF               XOR A
3300  7234 01 AF 1E       LD BC, DMADADH
3300  7237 ED 79          OUT (C), A
3301  7239 3A 67 72         LD A, (.cgs_dst)
3301  723C 01 AF 1F       LD BC, DMADADX
3301  723F ED 79          OUT (C), A
3302  7241 3E B9            LD A, DMA_BLT_8BPP_MODE
3302  7243 01 AF 27       LD BC, DMACTR
3302  7246 ED 79          OUT (C), A
3303  7248              .cgs_wait:
3304  7248 ED 78            IN A, (C)
3305  724A E6 80            AND DMAWNR
3306  724C 20 FA            JR NZ, .cgs_wait
3307  724E 3A 66 72         LD A, (.cgs_src)
3307  7251 3C             INC A
3307  7252 32 66 72       LD (.cgs_src), A
3308  7255 3A 67 72         LD A, (.cgs_dst)
3308  7258 3C             INC A
3308  7259 32 67 72       LD (.cgs_dst), A
3309  725C 3A 68 72         LD A, (.cgs_cnt)
3309  725F 3D             DEC A
3309  7260 32 68 72       LD (.cgs_cnt), A
3310  7263 20 B4            JR NZ, .cgs_loop
3311  7265 C9               RET
3312  7266 00           .cgs_src: DB 0
3313  7267 00           .cgs_dst: DB 0
3314  7268 00           .cgs_cnt: DB 0
3315  7269
3316  7269              ; ================================================================
3317  7269              ; BLIT CHAIN TO SHADOW — три прохода:
3318  7269              ;   PRE:   BcsPreClassify заполняет SkipFlag[i] и кэш геометрии для DRAW.
3319  7269              ;   PASS1: restore prev positions, НО только если SkipFlag != PRESERVE.
3320  7269              ;          Это сохраняет хвост в shadow при cascade roll-back (HSA-i<0 / t<0).
3321  7269              ;   PASS2: для DRAW — blit из кэша + сохранить новый prev. DESTROY — invalidate.
3322  7269              ;          PRESERVE — не трогать prev/shadow.
3323  7269              ; Двух-pass нужен чтобы не "выгрызать" outline соседним restore'ом.
3324  7269              ; ================================================================
3325  7269              BlitChainToShadow:
3326  7269 01 AF 15         LD BC, FMADDR
3326  726C AF             XOR A
3326  726D ED 79          OUT (C), A        ; FM_EN=0 для DMA
3327  726F 3E 09            LD A, DMA_BURST_WORDS-1
3327  7271 01 AF 26       LD BC, DMALEN
3327  7274 ED 79          OUT (C), A   ; 9 words burst
3328  7276                  ; DMANUM ставится индивидуально каждым blit/restore (partial-blit: переменное число строк)
3329  7276
3330  7276                  ; --- Выбор golden offset по текущему shadow buffer ---
3331  7276 3A A7 75         LD A, (ShadowPageBase)
3332  7279 FE 10            CP CANVAS_A_PAGE_BASE
3333  727B 20 07            JR NZ, .bcs_use_b
3334  727D 3E 20            LD A, #20
3334  727F 32 99 75       LD (BcsGoldenOff), A           ; canvas A → golden = +#20
3335  7282 18 05            JR .bcs_have
3336  7284              .bcs_use_b:
3337  7284 3E 10            LD A, #10
3337  7286 32 99 75       LD (BcsGoldenOff), A           ; canvas B → golden = +#10
3338  7289              .bcs_have:
3339  7289
3340  7289                  ; --- PRE-PASS: классификация slot'ов и кэш геометрии для DRAW ---
3341  7289 CD 0F 74         CALL BcsPreClassify
3342  728C
3343  728C                  ; ===================== PASS 1: restore prev (только !PRESERVE) =====================
3344  728C 3A A7 75         LD A, (ShadowPageBase)
3345  728F FE 10            CP CANVAS_A_PAGE_BASE
3346  7291 20 0A            JR NZ, .p1_use_b
3347  7293 DD 21 A8 75      LD IX, ChainPrevDstA
3348  7297 FD 21 68 79      LD IY, ChainPrevValidA
3349  729B 18 08            JR .p1_start
3350  729D              .p1_use_b:
3351  729D DD 21 58 7A      LD IX, ChainPrevDstB
3352  72A1 FD 21 18 7E      LD IY, ChainPrevValidB
3353  72A5              .p1_start:
3354  72A5 21 08 7F         LD HL, BcsSkipFlag
3355  72A8 06 F0            LD B, MAX_CHAIN_BALLS
3356  72AA              .p1_loop:
3357  72AA C5               PUSH BC
3358  72AB E5               PUSH HL
3359  72AC FD 7E 00         LD A, (IY+0)
3360  72AF B7               OR A
3361  72B0 28 50            JR Z, .p1_skip                            ; PrevValid=0 — нечего restore
3362  72B2 7E               LD A, (HL)
3363  72B3 FE 02            CP BCS_PRESERVE
3364  72B5 28 4B            JR Z, .p1_skip                            ; PRESERVE — оставляем шар в shadow
3365  72B7
3366  72B7                  ; restore: golden и shadow на одной X/Y зоне → src/dst low/mid одинаковы,
3367  72B7                  ; различаются только page (golden = shadow + BcsGoldenOff).
3368  72B7 DD 7E 00         LD A, (IX+0)
3368  72BA 01 AF 1A       LD BC, DMASADL
3368  72BD ED 79          OUT (C), A
3369  72BF DD 7E 01         LD A, (IX+1)
3369  72C2 01 AF 1B       LD BC, DMASADH
3369  72C5 ED 79          OUT (C), A
3370  72C7 DD 7E 02         LD A, (IX+2)
3371  72CA 47               LD B, A
3372  72CB 3A 99 75         LD A, (BcsGoldenOff)
3373  72CE 80               ADD A, B
3374  72CF 01 AF 1C         LD BC, DMASADX
3374  72D2 ED 79          OUT (C), A
3375  72D4 DD 7E 00         LD A, (IX+0)
3375  72D7 01 AF 1D       LD BC, DMADADL
3375  72DA ED 79          OUT (C), A
3376  72DC DD 7E 01         LD A, (IX+1)
3376  72DF 01 AF 1E       LD BC, DMADADH
3376  72E2 ED 79          OUT (C), A
3377  72E4 DD 7E 02         LD A, (IX+2)
3377  72E7 01 AF 1F       LD BC, DMADADX
3377  72EA ED 79          OUT (C), A
3378  72EC DD 7E 03         LD A, (IX+3)
3378  72EF 3D             DEC A
3378  72F0 01 AF 28       LD BC, DMANUM
3378  72F3 ED 79          OUT (C), A   ; num_lines-1 (под partial-blit)
3379  72F5 3E B9            LD A, DMA_BLT_8BPP_MODE
3379  72F7 01 AF 27       LD BC, DMACTR
3379  72FA ED 79          OUT (C), A
3380  72FC              .p1_wait:
3381  72FC ED 78            IN A, (C)
3382  72FE E6 80            AND DMAWNR
3383  7300 20 FA            JR NZ, .p1_wait
3384  7302
3385  7302              .p1_skip:
3386  7302 E1               POP HL
3387  7303 23               INC HL
3388  7304 01 04 00         LD BC, 4
3388  7307 DD 09          ADD IX, BC
3389  7309 FD 23            INC IY
3390  730B C1               POP BC
3391  730C 10 9C            DJNZ .p1_loop
3392  730E
3393  730E                  ; ===================== PASS 2: blit DRAW (из кэша), invalidate DESTROY, не трогать PRESERVE
3394  730E 3A A7 75         LD A, (ShadowPageBase)
3395  7311 FE 10            CP CANVAS_A_PAGE_BASE
3396  7313 20 0A            JR NZ, .p2_use_b
3397  7315 DD 21 A8 75      LD IX, ChainPrevDstA
3398  7319 FD 21 68 79      LD IY, ChainPrevValidA
3399  731D 18 08            JR .p2_start
3400  731F              .p2_use_b:
3401  731F DD 21 58 7A      LD IX, ChainPrevDstB
3402  7323 FD 21 18 7E      LD IY, ChainPrevValidB
3403  7327              .p2_start:
3404  7327 AF               XOR A
3404  7328 32 BB 89       LD (TmpChainIdx), A
3405  732B              .bcs_loop:
3406  732B 3A BB 89         LD A, (TmpChainIdx)
3407  732E FE F0            CP MAX_CHAIN_BALLS
3408  7330 D2 0E 74         JP NC, .bcs_done
3409  7333
3410  7333                  ; flag = SkipFlag[i]
3411  7333 26 00            LD H, 0
3411  7335 6F             LD L, A
3412  7336 11 08 7F         LD DE, BcsSkipFlag
3413  7339 19               ADD HL, DE
3414  733A 7E               LD A, (HL)
3415  733B B7               OR A                                       ; BCS_DRAW=0
3416  733C CA 4E 73         JP Z, .bcs_draw
3417  733F FE 01            CP BCS_DESTROY
3418  7341 CA 47 73         JP Z, .bcs_destroy
3419  7344                  ; PRESERVE: prev не трогаем
3420  7344 C3 FD 73         JP .bcs_advance
3421  7347
3422  7347              .bcs_destroy:
3423  7347 FD 36 00 00      LD (IY+0), 0
3424  734B C3 FD 73         JP .bcs_advance
3425  734E
3426  734E              .bcs_draw:
3427  734E                  ; HL ← &BcsCacheStruct[i*6]; загружаем кэш в Bcs* temp vars
3428  734E 3A BB 89         LD A, (TmpChainIdx)
3429  7351 26 00            LD H, 0
3429  7353 6F             LD L, A
3430  7354 54               LD D, H
3430  7355 5D             LD E, L                          ; DE = i
3431  7356 29               ADD HL, HL                                 ; HL = i*2
3432  7357 19               ADD HL, DE                                 ; HL = i*3
3433  7358 29               ADD HL, HL                                 ; HL = i*6
3434  7359 11 F8 7F         LD DE, BcsCacheStruct
3435  735C 19               ADD HL, DE
3436  735D 7E               LD A, (HL)
3436  735E 32 93 75       LD (BcsDstLow),    A
3436  7361 23             INC HL
3437  7362 7E               LD A, (HL)
3437  7363 32 94 75       LD (BcsDstMid),    A
3437  7366 23             INC HL
3438  7367 7E               LD A, (HL)
3438  7368 32 95 75       LD (BcsPageOver),  A
3438  736B 23             INC HL
3439  736C 7E               LD A, (HL)
3439  736D 32 9C 75       LD (BcsNumLines),  A
3439  7370 23             INC HL
3440  7371 7E               LD A, (HL)
3440  7372 32 9A 75       LD (BcsClipTop),   A
3440  7375 23             INC HL
3441  7376 7E               LD A, (HL)
3441  7377 32 9D 75       LD (BcsXOdd),      A
3442  737A
3443  737A                  ; --- DMA setup: NumLines-1, src offset = ClipTop*512 ---
3444  737A 3A 9C 75         LD A, (BcsNumLines)
3444  737D 3D             DEC A
3444  737E 01 AF 28       LD BC, DMANUM
3444  7381 ED 79          OUT (C), A
3445  7383 AF               XOR A
3445  7384 01 AF 1A       LD BC, DMASADL
3445  7387 ED 79          OUT (C), A
3446  7389 3A 9A 75         LD A, (BcsClipTop)
3447  738C 87               ADD A, A                                  ; src_high = ClipTop * 2
3448  738D 01 AF 1B         LD BC, DMASADH
3448  7390 ED 79          OUT (C), A
3449  7392
3450  7392                  ; --- src page: (XOdd ? ODD : EVEN) + color ---
3451  7392 3A BB 89         LD A, (TmpChainIdx)
3452  7395 26 00            LD H, 0
3452  7397 6F             LD L, A
3453  7398 11 75 8A         LD DE, Chain0_Slots
3454  739B 19               ADD HL, DE
3455  739C 7E               LD A, (HL)
3456  739D E6 07            AND 7                                     ; защита: цвет 0..5
3457  739F 47               LD B, A
3458  73A0 3A 9D 75         LD A, (BcsXOdd)
3459  73A3 B7               OR A
3460  73A4 28 04            JR Z, .bcs_src_even
3461  73A6 3E 48            LD A, BALLS_DMA_ODD_PAGE
3462  73A8 18 02            JR .bcs_src_have
3463  73AA              .bcs_src_even:
3464  73AA 3E 40            LD A, BALLS_DMA_EVEN_PAGE
3465  73AC              .bcs_src_have:
3466  73AC 80               ADD A, B
3467  73AD 01 AF 1C         LD BC, DMASADX
3467  73B0 ED 79          OUT (C), A
3468  73B2
3469  73B2                  ; --- dst (текущий shadow) ---
3470  73B2 3A 93 75         LD A, (BcsDstLow)
3470  73B5 01 AF 1D       LD BC, DMADADL
3470  73B8 ED 79          OUT (C), A
3471  73BA 3A 94 75         LD A, (BcsDstMid)
3471  73BD 01 AF 1E       LD BC, DMADADH
3471  73C0 ED 79          OUT (C), A
3472  73C2 3A 95 75         LD A, (BcsPageOver)
3473  73C5 47               LD B, A
3474  73C6 3A A7 75         LD A, (ShadowPageBase)
3475  73C9 80               ADD A, B
3476  73CA 01 AF 1F         LD BC, DMADADX
3476  73CD ED 79          OUT (C), A
3477  73CF
3478  73CF 3E B9            LD A, DMA_BLT_8BPP_MODE
3478  73D1 01 AF 27       LD BC, DMACTR
3478  73D4 ED 79          OUT (C), A
3479  73D6              .bcs_blit_wait:
3480  73D6 ED 78            IN A, (C)
3481  73D8 E6 80            AND DMAWNR
3482  73DA 20 FA            JR NZ, .bcs_blit_wait
3483  73DC
3484  73DC                  ; --- save new dst as prev ---
3485  73DC 3A 93 75         LD A, (BcsDstLow)
3485  73DF DD 77 00       LD (IX+0), A
3486  73E2 3A 94 75         LD A, (BcsDstMid)
3486  73E5 DD 77 01       LD (IX+1), A
3487  73E8 3A 95 75         LD A, (BcsPageOver)
3488  73EB 47               LD B, A
3489  73EC 3A A7 75         LD A, (ShadowPageBase)
3490  73EF 80               ADD A, B
3491  73F0 DD 77 02         LD (IX+2), A
3492  73F3 3A 9C 75         LD A, (BcsNumLines)
3492  73F6 DD 77 03       LD (IX+3), A
3493  73F9 FD 36 00 01      LD (IY+0), 1
3494  73FD
3495  73FD              .bcs_advance:
3496  73FD 01 04 00         LD BC, 4
3497  7400 DD 09            ADD IX, BC
3498  7402 FD 23            INC IY
3499  7404 3A BB 89         LD A, (TmpChainIdx)
3500  7407 3C               INC A
3501  7408 32 BB 89         LD (TmpChainIdx), A
3502  740B C3 2B 73         JP .bcs_loop
3503  740E              .bcs_done:
3504  740E C9               RET
3505  740F
3506  740F              ; ================================================================
3507  740F              ; BcsPreClassify — для каждого slot 0..MAX_CHAIN_BALLS-1:
3508  740F              ;   - i >= SlotsLen      → DESTROY
3509  740F              ;   - Slots[i] is GAP    → DESTROY
3510  740F              ;   - HSA-i < 0          → PRESERVE  (cascade roll-back, шар "за стартом")
3511  740F              ;   - t < 0              → PRESERVE  (HeadSub overflow)
3512  740F              ;   - off-canvas (X/Y)   → PRESERVE  (визуально невидимо, но ball ещё logical)
3513  740F              ;   - иначе              → DRAW + кэш геометрии в BcsCacheStruct[i*6..i*6+5]
3514  740F              ; ================================================================
3515  740F              BcsPreClassify:
3516  740F AF               XOR A
3516  7410 32 BB 89       LD (TmpChainIdx), A
3517  7413 06 F0            LD B, MAX_CHAIN_BALLS
3518  7415              .bpc_loop:
3519  7415 C5               PUSH BC
3520  7416
3521  7416                  ; --- Test 1: i >= SlotsLen ---
3522  7416 3A BB 89         LD A, (TmpChainIdx)
3523  7419 21 27 8F         LD HL, Chain0_SlotsLen
3524  741C BE               CP (HL)
3525  741D D2 71 75         JP NC, .bpc_destroy
3526  7420
3527  7420                  ; --- Test 2: Slots[i] is GAP color ---
3528  7420 3A BB 89         LD A, (TmpChainIdx)
3529  7423 26 00            LD H, 0
3529  7425 6F             LD L, A
3530  7426 11 75 8A         LD DE, Chain0_Slots
3531  7429 19               ADD HL, DE
3532  742A 7E               LD A, (HL)
3533  742B FE 06            CP NUM_BALL_COLORS
3534  742D D2 71 75         JP NC, .bpc_destroy                       ; >= NUM_BALL_COLORS = GAP_STOP/GAP_CASCADE/etc
3535  7430
3536  7430                  ; --- Test 2b: Exploding shар скрывается при frame >= EXPLOSION_HIDE_AT ---
3537  7430 3A BB 89         LD A, (TmpChainIdx)
3538  7433 26 00            LD H, 0
3538  7435 6F             LD L, A
3539  7436 11 45 8D         LD DE, Chain0_ExplodingFrame
3540  7439 19               ADD HL, DE
3541  743A 7E               LD A, (HL)
3542  743B FE 06            CP EXPLOSION_HIDE_AT
3543  743D D2 71 75         JP NC, .bpc_destroy                       ; frame >= HIDE_AT → не рисуем (blank flash)
3544  7440
3545  7440                  ; --- Test 3: HSA - i < 0 ---
3546  7440 3A 25 8F         LD A, (Chain0_HeadSlotAbs)
3547  7443 21 BB 89         LD HL, TmpChainIdx
3548  7446 96               SUB (HL)
3549  7447 DA 76 75         JP C, .bpc_preserve
3550  744A
3551  744A 26 00            LD H, 0
3552  744C 6F               LD L, A
3553  744D 29               ADD HL, HL
3553  744E 29             ADD HL, HL
3553  744F 29             ADD HL, HL
3554  7450 29               ADD HL, HL
3554  7451 29             ADD HL, HL                    ; HL = (HSA-i)*32
3555  7452
3556  7452 3A 26 8F         LD A, (Chain0_HeadSub)
3557  7455 5F               LD E, A
3557  7456 16 00          LD D, 0
3558  7458 19               ADD HL, DE                                 ; +HeadSub
3559  7459
3560  7459 E5               PUSH HL
3561  745A 3A BB 89         LD A, (TmpChainIdx)
3562  745D 26 00            LD H, 0
3562  745F 6F             LD L, A
3563  7460 11 65 8B         LD DE, Chain0_SlotOffsets
3564  7463 19               ADD HL, DE
3565  7464 7E               LD A, (HL)
3566  7465 5F               LD E, A
3566  7466 16 00          LD D, 0
3567  7468 CB 7F            BIT 7, A
3568  746A 28 01            JR Z, .bpc_so_pos
3569  746C 15               DEC D                                      ; sign-extend negative SlotOffset
3570  746D              .bpc_so_pos:
3571  746D E1               POP HL
3572  746E 19               ADD HL, DE                                 ; HL = t (signed)
3573  746F CB 7C            BIT 7, H
3574  7471 C2 76 75         JP NZ, .bpc_preserve                       ; t < 0 → PRESERVE
3575  7474
3576  7474                  ; Clamp t to TRACK_NUM_POINTS-1 (чтобы хвост на конце трека не лез за границу)
3577  7474 E5               PUSH HL
3578  7475 11 18 0C         LD DE, TRACK_NUM_POINTS
3579  7478 A7               AND A
3580  7479 ED 52            SBC HL, DE
3581  747B E1               POP HL
3582  747C 38 03            JR C, .bpc_t_in
3583  747E 21 17 0C         LD HL, TRACK_NUM_POINTS - 1
3584  7481              .bpc_t_in:
3585  7481 29               ADD HL, HL
3585  7482 29             ADD HL, HL                    ; t*4 (TrackData stride)
3586  7483 11 49 94         LD DE, TrackData
3587  7486 19               ADD HL, DE
3588  7487 7E               LD A, (HL)
3588  7488 D6 0A          SUB DMA_SPRITE_HALF
3588  748A 32 B6 89       LD (TmpChainX), A
3588  748D 23             INC HL
3589  748E 7E               LD A, (HL)
3589  748F DE 00          SBC A, 0
3589  7491 32 B7 89       LD (TmpChainX+1), A
3589  7494 23             INC HL
3590  7495 7E               LD A, (HL)
3590  7496 D6 0A          SUB DMA_SPRITE_HALF
3590  7498 32 B8 89       LD (TmpChainY), A
3590  749B 23             INC HL
3591  749C 7E               LD A, (HL)
3591  749D DE 00          SBC A, 0
3591  749F 32 B9 89       LD (TmpChainY+1), A
3592  74A2
3593  74A2                  ; --- Horizontal: X out of [0..DMA_X_MAX-1] → PRESERVE ---
3594  74A2 2A B6 89         LD HL, (TmpChainX)
3595  74A5 CB 7C            BIT 7, H
3596  74A7 C2 76 75         JP NZ, .bpc_preserve
3597  74AA 11 56 01         LD DE, DMA_X_MAX
3598  74AD A7               AND A
3599  74AE ED 52            SBC HL, DE
3600  74B0 D2 76 75         JP NC, .bpc_preserve
3601  74B3
3602  74B3                  ; --- Vertical clip: ClipTop / ClipBot, clamp Y_dst к [0..CANVAS_H-BALL_PIX] ---
3603  74B3 AF               XOR A
3604  74B4 32 9A 75         LD (BcsClipTop), A
3605  74B7 32 9B 75         LD (BcsClipBot), A
3606  74BA
3607  74BA 2A B8 89         LD HL, (TmpChainY)
3608  74BD CB 7C            BIT 7, H
3609  74BF 28 17            JR Z, .bpc_y_not_neg
3610  74C1 7C               LD A, H
3611  74C2 3C               INC A
3612  74C3 C2 76 75         JP NZ, .bpc_preserve                       ; Y_high != #FF → слишком далеко вверх
3613  74C6 7D               LD A, L
3614  74C7 ED 44            NEG
3615  74C9 FE 14            CP BALL_PIX
3616  74CB D2 76 75         JP NC, .bpc_preserve                       ; clip_top >= BALL_PIX → невидим
3617  74CE 32 9A 75         LD (BcsClipTop), A
3618  74D1 AF               XOR A
3618  74D2 32 B8 89       LD (TmpChainY), A
3618  74D5 32 B9 89       LD (TmpChainY+1), A
3619  74D8              .bpc_y_not_neg:
3620  74D8
3621  74D8 2A B8 89         LD HL, (TmpChainY)
3622  74DB 11 0D 01         LD DE, CANVAS_H - BALL_PIX + 1
3623  74DE A7               AND A
3624  74DF ED 52            SBC HL, DE
3625  74E1 38 0F            JR C, .bpc_y_in
3626  74E3 23               INC HL
3627  74E4 7C               LD A, H
3628  74E5 B7               OR A
3629  74E6 C2 76 75         JP NZ, .bpc_preserve
3630  74E9 7D               LD A, L
3631  74EA FE 14            CP BALL_PIX
3632  74EC D2 76 75         JP NC, .bpc_preserve
3633  74EF 32 9B 75         LD (BcsClipBot), A
3634  74F2              .bpc_y_in:
3635  74F2
3636  74F2                  ; NumLines = BALL_PIX - ClipTop - ClipBot
3637  74F2 3E 14            LD A, BALL_PIX
3638  74F4 21 9A 75         LD HL, BcsClipTop
3639  74F7 96               SUB (HL)
3640  74F8 21 9B 75         LD HL, BcsClipBot
3641  74FB 96               SUB (HL)
3642  74FC CA 76 75         JP Z, .bpc_preserve
3643  74FF FA 76 75         JP M, .bpc_preserve
3644  7502 32 9C 75         LD (BcsNumLines), A
3645  7505
3646  7505                  ; --- Compute DMA dst bytes ---
3647  7505 3A B8 89         LD A, (TmpChainY)
3648  7508 47               LD B, A                                    ; B = Y_low8
3649  7509 CB 3F            SRL A
3649  750B CB 3F          SRL A
3649  750D CB 3F          SRL A
3649  750F CB 3F          SRL A
3649  7511 CB 3F          SRL A
3650  7513 4F               LD C, A
3651  7514 3A B9 89         LD A, (TmpChainY+1)
3652  7517 E6 01            AND 1
3653  7519 CB 27            SLA A
3653  751B CB 27          SLA A
3653  751D CB 27          SLA A
3654  751F B1               OR C
3655  7520 32 95 75         LD (BcsPageOver), A
3656  7523
3657  7523 78               LD A, B
3658  7524 E6 1F            AND #1F
3659  7526 87               ADD A, A
3660  7527 4F               LD C, A
3661  7528 3A B7 89         LD A, (TmpChainX+1)
3662  752B E6 01            AND 1
3663  752D B1               OR C
3664  752E 32 94 75         LD (BcsDstMid), A
3665  7531
3666  7531 3A B6 89         LD A, (TmpChainX)
3667  7534 47               LD B, A
3668  7535 E6 01            AND 1
3669  7537 32 9D 75         LD (BcsXOdd), A
3670  753A 78               LD A, B
3671  753B E6 FE            AND #FE
3672  753D 32 93 75         LD (BcsDstLow), A
3673  7540
3674  7540                  ; --- Save cache[i] = [DstLow, DstMid, PageOver, NumLines, ClipTop, XOdd] ---
3675  7540 3A BB 89         LD A, (TmpChainIdx)
3676  7543 26 00            LD H, 0
3676  7545 6F             LD L, A
3677  7546 54               LD D, H
3677  7547 5D             LD E, L
3678  7548 29               ADD HL, HL
3679  7549 19               ADD HL, DE                                 ; i*3
3680  754A 29               ADD HL, HL                                 ; i*6
3681  754B 11 F8 7F         LD DE, BcsCacheStruct
3682  754E 19               ADD HL, DE
3683  754F 3A 93 75         LD A, (BcsDstLow)
3683  7552 77             LD (HL), A
3683  7553 23             INC HL
3684  7554 3A 94 75         LD A, (BcsDstMid)
3684  7557 77             LD (HL), A
3684  7558 23             INC HL
3685  7559 3A 95 75         LD A, (BcsPageOver)
3685  755C 77             LD (HL), A
3685  755D 23             INC HL
3686  755E 3A 9C 75         LD A, (BcsNumLines)
3686  7561 77             LD (HL), A
3686  7562 23             INC HL
3687  7563 3A 9A 75         LD A, (BcsClipTop)
3687  7566 77             LD (HL), A
3687  7567 23             INC HL
3688  7568 3A 9D 75         LD A, (BcsXOdd)
3688  756B 77             LD (HL), A
3689  756C
3690  756C 3E 00            LD A, BCS_DRAW
3691  756E C3 78 75         JP .bpc_set_flag
3692  7571
3693  7571              .bpc_destroy:
3694  7571 3E 01            LD A, BCS_DESTROY
3695  7573 C3 78 75         JP .bpc_set_flag
3696  7576
3697  7576              .bpc_preserve:
3698  7576 3E 02            LD A, BCS_PRESERVE
3699  7578
3700  7578              .bpc_set_flag:
3701  7578 21 08 7F         LD HL, BcsSkipFlag
3702  757B 5F               LD E, A                                    ; save flag in E
3703  757C 3A BB 89         LD A, (TmpChainIdx)
3704  757F 16 00            LD D, 0
3705  7581 4F               LD C, A
3706  7582 06 00            LD B, 0
3707  7584 09               ADD HL, BC
3708  7585 73               LD (HL), E
3709  7586
3710  7586 3A BB 89         LD A, (TmpChainIdx)
3711  7589 3C               INC A
3712  758A 32 BB 89         LD (TmpChainIdx), A
3713  758D
3714  758D C1               POP BC
3715  758E 05               DEC B
3716  758F C2 15 74         JP NZ, .bpc_loop
3717  7592 C9               RET
3718  7593
3719  7593 00           BcsDstLow:    DB 0
3720  7594 00           BcsDstMid:    DB 0
3721  7595 00           BcsPageOver:  DB 0
3722  7596 00           BcsPrevLow:   DB 0
3723  7597 00           BcsPrevMid:   DB 0
3724  7598 00           BcsPrevPage:  DB 0
3725  7599 00           BcsGoldenOff: DB 0
3726  759A 00           BcsClipTop:   DB 0   ; число обрезанных верхних строк шара (0..BALL_PIX-1), 0 если шар полностью внутри
3727  759B 00           BcsClipBot:   DB 0   ; число обрезанных нижних строк шара (0..BALL_PIX-1)
3728  759C 00           BcsNumLines:  DB 0   ; реальное число копируемых строк = BALL_PIX - ClipTop - ClipBot
3729  759D 00           BcsXOdd:      DB 0   ; bit 0 от X (top-left) — выбор even/odd-спрайта при blit'е
3730  759E
3731  759E              ; Killzone DMA temp variables
3732  759E 00 00        TmpKzX:        DW 0
3733  75A0 00 00        TmpKzY:        DW 0
3734  75A2 00           TmpKzLow:      DB 0
3735  75A3 00           TmpKzMid:      DB 0
3736  75A4 00           TmpKzPageOver: DB 0
3737  75A5 00           TmpKzSrcPage:  DB 0
3738  75A6
3739  75A6 10           VisiblePageBase: DB CANVAS_A_PAGE_BASE
3740  75A7 20           ShadowPageBase:  DB CANVAS_B_PAGE_BASE
3741  75A8
3742  75A8              ; Per-slot prev: 4 байта (dst_low, dst_mid, dst_page, num_lines) + 1 valid-флаг.
3743  75A8              ; num_lines нужно для restore: при partial-blit (clip top/bot) копируется не BALL_PIX,
3744  75A8              ; а столько же сколько было при оригинальном blit'е.
3745  75A8 00 00 00...  ChainPrevDstA:    DS MAX_CHAIN_BALLS * 4
3746  7968 00 00 00...  ChainPrevValidA:  DS MAX_CHAIN_BALLS
3747  7A58 00 00 00...  ChainPrevDstB:    DS MAX_CHAIN_BALLS * 4
3748  7E18 00 00 00...  ChainPrevValidB:  DS MAX_CHAIN_BALLS
3749  7F08
3750  7F08              ; BcsPreClassify заполняет SkipFlag[i] (0=DRAW, 1=DESTROY, 2=PRESERVE) и
3751  7F08              ; BcsCacheStruct[i*6..i*6+5] = (DstLow, DstMid, PageOver, NumLines, ClipTop, XOdd) для DRAW.
3752  7F08              ; PASS1 и PASS2 потом читают это вместо повторного вычисления геометрии.
3753  7F08 00 00 00...  BcsSkipFlag:      DS MAX_CHAIN_BALLS
3754  7FF8 00 00 00...  BcsCacheStruct:   DS MAX_CHAIN_BALLS * 6
3755  8598
3756  8598              ; ================================================================
3757  8598              ; BLIT KILLZONE TO SHADOW — рисует анимированный череп в конце трека на canvas.
3758  8598              ; Always restore golden→shadow + always blit current frame (без prev tracking).
3759  8598              ; Использует BcsGoldenOff установленный ранее в BlitChainToShadow.
3760  8598              ; ================================================================
3761  8598              BlitKillzoneToShadow:
3762  8598 3A A7 89         LD A, (KzVisible)
3763  859B B7               OR A
3764  859C C8               RET Z
3765  859D
3766  859D 01 AF 15         LD BC, FMADDR
3766  85A0 AF             XOR A
3766  85A1 ED 79          OUT (C), A
3767  85A3 3E 1F            LD A, KZ_PIX/2-1
3767  85A5 01 AF 26       LD BC, DMALEN
3767  85A8 ED 79          OUT (C), A   ; 32 words = 64 px wide
3768  85AA 3E 1F            LD A, KZ_PIX/2-1
3768  85AC 01 AF 28       LD BC, DMANUM
3768  85AF ED 79          OUT (C), A   ; 32 lines per half
3769  85B1
3770  85B1                  ; top-left = center - 32
3771  85B1 2A A3 89         LD HL, (KzCenterX)
3772  85B4 11 20 00         LD DE, KZ_PIX/2
3773  85B7 A7               AND A
3774  85B8 ED 52            SBC HL, DE
3775  85BA 22 9E 75         LD (TmpKzX), HL
3776  85BD CB 7C            BIT 7, H
3777  85BF C0               RET NZ
3778  85C0 11 29 01         LD DE, 360 - KZ_PIX + 1                          ; = 297
3779  85C3 A7               AND A
3780  85C4 ED 52            SBC HL, DE
3781  85C6 38 01            JR C, .kz_x_ok
3782  85C8 C9               RET
3783  85C9              .kz_x_ok:
3784  85C9 2A A5 89         LD HL, (KzCenterY)
3785  85CC 11 20 00         LD DE, KZ_PIX/2
3786  85CF A7               AND A
3787  85D0 ED 52            SBC HL, DE
3788  85D2 22 A0 75         LD (TmpKzY), HL
3789  85D5 CB 7C            BIT 7, H
3790  85D7 C0               RET NZ
3791  85D8 11 E1 00         LD DE, 288 - KZ_PIX + 1                          ; = 225
3792  85DB A7               AND A
3793  85DC ED 52            SBC HL, DE
3794  85DE 38 01            JR C, .kz_y_ok
3795  85E0 C9               RET
3796  85E1              .kz_y_ok:
3797  85E1
3798  85E1 3A 9E 75         LD A, (TmpKzX)
3799  85E4 32 A2 75         LD (TmpKzLow), A
3800  85E7
3801  85E7                  ; ============= TOP HALF: rows 0..31, dst Y = TmpKzY ===========
3802  85E7 3A A0 75         LD A, (TmpKzY)
3803  85EA 47               LD B, A
3804  85EB CB 3F            SRL A
3804  85ED CB 3F          SRL A
3804  85EF CB 3F          SRL A
3804  85F1 CB 3F          SRL A
3804  85F3 CB 3F          SRL A
3805  85F5 4F               LD C, A
3806  85F6 3A A1 75         LD A, (TmpKzY+1)
3807  85F9 E6 01            AND 1
3808  85FB CB 27            SLA A
3808  85FD CB 27          SLA A
3808  85FF CB 27          SLA A
3809  8601 B1               OR C
3810  8602 32 A4 75         LD (TmpKzPageOver), A
3811  8605 78               LD A, B
3812  8606 E6 1F            AND #1F
3813  8608 87               ADD A, A
3814  8609 4F               LD C, A
3815  860A 3A 9F 75         LD A, (TmpKzX+1)
3816  860D E6 01            AND 1
3817  860F B1               OR C
3818  8610 32 A3 75         LD (TmpKzMid), A
3819  8613
3820  8613 CD 56 86         CALL KzRestoreHalf
3821  8616 3E 46            LD A, KILLZONE_DMA_PAGE_TOP
3822  8618 CD A3 86         CALL KzBlitHalf
3823  861B
3824  861B                  ; ============= BOTTOM HALF: rows 32..63, dst Y = TmpKzY + 32 ===
3825  861B 2A A0 75         LD HL, (TmpKzY)
3826  861E 11 20 00         LD DE, KZ_PIX/2
3827  8621 19               ADD HL, DE
3828  8622 22 A0 75         LD (TmpKzY), HL
3829  8625
3830  8625 7D               LD A, L
3831  8626 47               LD B, A
3832  8627 CB 3F            SRL A
3832  8629 CB 3F          SRL A
3832  862B CB 3F          SRL A
3832  862D CB 3F          SRL A
3832  862F CB 3F          SRL A
3833  8631 4F               LD C, A
3834  8632 7C               LD A, H
3835  8633 E6 01            AND 1
3836  8635 CB 27            SLA A
3836  8637 CB 27          SLA A
3836  8639 CB 27          SLA A
3837  863B B1               OR C
3838  863C 32 A4 75         LD (TmpKzPageOver), A
3839  863F 78               LD A, B
3840  8640 E6 1F            AND #1F
3841  8642 87               ADD A, A
3842  8643 4F               LD C, A
3843  8644 3A 9F 75         LD A, (TmpKzX+1)
3844  8647 E6 01            AND 1
3845  8649 B1               OR C
3846  864A 32 A3 75         LD (TmpKzMid), A
3847  864D
3848  864D CD 56 86         CALL KzRestoreHalf
3849  8650 3E 47            LD A, KILLZONE_DMA_PAGE_BOT
3850  8652 CD A3 86         CALL KzBlitHalf
3851  8655 C9               RET
3852  8656
3853  8656              ; --- KzRestoreHalf: golden → shadow на (TmpKzLow, TmpKzMid, TmpKzPageOver) ---
3854  8656              KzRestoreHalf:
3855  8656 3A A2 75         LD A, (TmpKzLow)
3855  8659 01 AF 1A       LD BC, DMASADL
3855  865C ED 79          OUT (C), A
3856  865E 3A A3 75         LD A, (TmpKzMid)
3856  8661 01 AF 1B       LD BC, DMASADH
3856  8664 ED 79          OUT (C), A
3857  8666 3A A4 75         LD A, (TmpKzPageOver)
3858  8669 47               LD B, A
3859  866A 3A 99 75         LD A, (BcsGoldenOff)
3860  866D 80               ADD A, B
3861  866E 4F               LD C, A
3862  866F 3A A7 75         LD A, (ShadowPageBase)
3863  8672 81               ADD A, C
3864  8673 01 AF 1C         LD BC, DMASADX
3864  8676 ED 79          OUT (C), A
3865  8678 3A A2 75         LD A, (TmpKzLow)
3865  867B 01 AF 1D       LD BC, DMADADL
3865  867E ED 79          OUT (C), A
3866  8680 3A A3 75         LD A, (TmpKzMid)
3866  8683 01 AF 1E       LD BC, DMADADH
3866  8686 ED 79          OUT (C), A
3867  8688 3A A4 75         LD A, (TmpKzPageOver)
3868  868B 47               LD B, A
3869  868C 3A A7 75         LD A, (ShadowPageBase)
3870  868F 80               ADD A, B
3871  8690 01 AF 1F         LD BC, DMADADX
3871  8693 ED 79          OUT (C), A
3872  8695 3E B9            LD A, DMA_BLT_8BPP_MODE
3872  8697 01 AF 27       LD BC, DMACTR
3872  869A ED 79          OUT (C), A
3873  869C              .kzr_wait:
3874  869C ED 78            IN A, (C)
3874  869E E6 80          AND DMAWNR
3874  86A0 20 FA          JR NZ, .kzr_wait
3875  86A2 C9               RET
3876  86A3
3877  86A3              ; --- KzBlitHalf: src page (в A) → shadow на (TmpKzLow, TmpKzMid, TmpKzPageOver) ---
3878  86A3              KzBlitHalf:
3879  86A3 32 A5 75         LD (TmpKzSrcPage), A
3880  86A6 AF               XOR A
3880  86A7 01 AF 1A       LD BC, DMASADL
3880  86AA ED 79          OUT (C), A
3881  86AC AF               XOR A
3881  86AD 01 AF 1B       LD BC, DMASADH
3881  86B0 ED 79          OUT (C), A
3882  86B2 3A A5 75         LD A, (TmpKzSrcPage)
3883  86B5 01 AF 1C         LD BC, DMASADX
3883  86B8 ED 79          OUT (C), A
3884  86BA 3A A2 75         LD A, (TmpKzLow)
3884  86BD 01 AF 1D       LD BC, DMADADL
3884  86C0 ED 79          OUT (C), A
3885  86C2 3A A3 75         LD A, (TmpKzMid)
3885  86C5 01 AF 1E       LD BC, DMADADH
3885  86C8 ED 79          OUT (C), A
3886  86CA 3A A4 75         LD A, (TmpKzPageOver)
3887  86CD 47               LD B, A
3888  86CE 3A A7 75         LD A, (ShadowPageBase)
3889  86D1 80               ADD A, B
3890  86D2 01 AF 1F         LD BC, DMADADX
3890  86D5 ED 79          OUT (C), A
3891  86D7 3E B9            LD A, DMA_BLT_8BPP_MODE
3891  86D9 01 AF 27       LD BC, DMACTR
3891  86DC ED 79          OUT (C), A
3892  86DE              .kzb_wait:
3893  86DE ED 78            IN A, (C)
3893  86E0 E6 80          AND DMAWNR
3893  86E2 20 FA          JR NZ, .kzb_wait
3894  86E4 C9               RET
3895  86E5
3896  86E5              ; ================================================================
3897  86E5              ; HIDE CHAIN SPRITES — обнуляет SFILE-дескрипторы цепочки в active+invisible.
3898  86E5              ; ВАЖНО: ACT=1 нужен чтобы TSU не остановился перед cursor (иначе курсор пропадает).
3899  86E5              ; ================================================================
3900  86E5              HideChainSprites:
3901  86E5 01 AF 15         LD BC, FMADDR
3901  86E8 3E 10          LD A, FM_EN
3901  86EA ED 79          OUT (C), A
3902  86EC 21 12 02         LD HL, DESC_CHAIN0
3903  86EF 06 3C            LD B, TSU_CHAIN_SPRITES                    ; SFILE-резерв, не VDC max
3904  86F1              .hcs_loop:
3905  86F1 36 2C            LD (HL), #2C
3905  86F3 23             INC HL                     ; Y_L (off-screen)
3906  86F4 36 25            LD (HL), SPACT+SPSIZ24+1
3906  86F6 23             INC HL         ; ACT=1, SIZE=24, Y[8]=1
3907  86F7 36 00            LD (HL), 0
3907  86F9 23             INC HL                       ; X_L
3908  86FA 36 04            LD (HL), SPSIZ24
3908  86FC 23             INC HL                 ; X[8]=0
3909  86FD 36 00            LD (HL), 0
3909  86FF 23             INC HL                       ; TNUM
3910  8700 36 00            LD (HL), 0
3910  8702 23             INC HL                       ; SPAL
3911  8703 10 EC            DJNZ .hcs_loop
3912  8705 01 AF 15         LD BC, FMADDR
3912  8708 AF             XOR A
3912  8709 ED 79          OUT (C), A
3913  870B C9               RET
3914  870C
3915  870C              ; ================================================================
3916  870C              ; ОБНОВЛЕНИЕ СПРАЙТА КУРСОРА
3917  870C              ; Дескриптор #020C (после жабы и preview-шарика).
3918  870C              ; Спрайт 16x16, TNUM=512 (первый тайл страницы 7), SPAL=1.
3919  870C              ; ================================================================
3920  870C              UpdateCursorSprite:
3921  870C 01 AF 15         LD BC, FMADDR
3921  870F 3E 10          LD A, FM_EN
3921  8711 ED 79          OUT (C), A
3922  8713 21 DA 03         LD HL, DESC_CURSOR
3923  8716
3924  8716 ED 5B AF 89      LD DE, (MouseAbsY)
3925  871A 73               LD (HL), E
3925  871B 23             INC HL                         ; Y_L
3926  871C 7A               LD A, D
3926  871D E6 01          AND 1
3926  871F F6 22          OR SPACT+SPSIZ16          ; курсор остаётся 16×16
3927  8721 77               LD (HL), A
3927  8722 23             INC HL
3928  8723
3929  8723 ED 5B AD 89      LD DE, (MouseAbsX)
3930  8727 73               LD (HL), E
3930  8728 23             INC HL                         ; X_L
3931  8729 7A               LD A, D
3931  872A E6 01          AND 1
3931  872C F6 02          OR SPSIZ16
3932  872E 77               LD (HL), A
3932  872F 23             INC HL
3933  8730
3934  8730 36 00            LD (HL), 0
3934  8732 23             INC HL                         ; TNUM_L = 0 (TNUM=2048 в page 10)
3935  8733 36 18            LD (HL), #18                                ; TNUM_H=8 + SPAL=1 (<<4=#10) → byte = 0x18
3936  8735
3937  8735 01 AF 15         LD BC, FMADDR
3937  8738 AF             XOR A
3937  8739 ED 79          OUT (C), A
3938  873B C9               RET
3939  873C
3940  873C              ; ================================================================
3941  873C              ; ОБНОВЛЕНИЕ MOUTH-BALL (16×16) — текущий цвет, во рту лягушки.
3942  873C              ; Frog 64×64, центр (FrogX+32, FrogY+32). Mouth = +Dir сторона.
3943  873C              ; Ball center = frog_center + 8*Dir, top-left (16×16) = center - 8 = FrogX + 24 + 8*Dir.
3944  873C              ; TNUM = 2304 + COLOR*2 (atlas balls 16×16 в page 10), SPAL = COLOR + 2.
3945  873C              ; ================================================================
3946  873C              UpdatePreviewSprite:
3947  873C 3A A9 89         LD A, (ShotCooldown)
3948  873F B7               OR A
3949  8740 C2 CB 87         JP NZ, .ups_invisible
3950  8743
3951  8743                  ; --- X = FrogX + 20 + Cos*9/8 (mouth ball на distance 18 от центра frog)
3952  8743 3A E2 89         LD A, (FrogDirCos)
3953  8746 6F               LD L, A
3953  8747 26 00          LD H, 0
3954  8749 CB 7F            BIT 7, A
3955  874B 28 01            JR Z, .ups_x_pos
3956  874D 25               DEC H
3957  874E              .ups_x_pos:
3958  874E 3A E2 89         LD A, (FrogDirCos)
3959  8751 CB 2F            SRA A
3959  8753 CB 2F          SRA A
3959  8755 CB 2F          SRA A                 ; A = Cos/8 (signed -2..+2)
3960  8757 5F               LD E, A
3960  8758 16 00          LD D, 0
3961  875A CB 7F            BIT 7, A
3962  875C 28 01            JR Z, .ups_x_p2
3963  875E 15               DEC D
3964  875F              .ups_x_p2:
3965  875F 19               ADD HL, DE                            ; HL = Cos + Cos/8 = Cos*9/8
3966  8760 ED 4B 8B 89      LD BC, (FrogX)
3967  8764 09               ADD HL, BC
3968  8765 01 14 00         LD BC, 20
3969  8768 09               ADD HL, BC
3970  8769 E5               PUSH HL
3971  876A
3972  876A                  ; --- Y = FrogY + 20 + Sin*9/8
3973  876A 3A E3 89         LD A, (FrogDirSin)
3974  876D 6F               LD L, A
3974  876E 26 00          LD H, 0
3975  8770 CB 7F            BIT 7, A
3976  8772 28 01            JR Z, .ups_y_pos
3977  8774 25               DEC H
3978  8775              .ups_y_pos:
3979  8775 3A E3 89         LD A, (FrogDirSin)
3980  8778 CB 2F            SRA A
3980  877A CB 2F          SRA A
3980  877C CB 2F          SRA A
3981  877E 5F               LD E, A
3981  877F 16 00          LD D, 0
3982  8781 CB 7F            BIT 7, A
3983  8783 28 01            JR Z, .ups_y_p2
3984  8785 15               DEC D
3985  8786              .ups_y_p2:
3986  8786 19               ADD HL, DE
3987  8787 ED 4B 8D 89      LD BC, (FrogY)
3988  878B 09               ADD HL, BC
3989  878C 01 14 00         LD BC, 20
3990  878F 09               ADD HL, BC
3991  8790
3992  8790 01 AF 15         LD BC, FMADDR
3992  8793 3E 10          LD A, FM_EN
3992  8795 ED 79          OUT (C), A
3993  8797
3994  8797 EB               EX DE, HL                             ; DE = Y
3995  8798 21 06 02         LD HL, DESC_PREVIEW
3996  879B 73               LD (HL), E
3996  879C 23             INC HL
3997  879D 7A               LD A, D
3997  879E E6 01          AND 1
3997  87A0 F6 24          OR SPACT+SPSIZ24
3998  87A2 77               LD (HL), A
3998  87A3 23             INC HL
3999  87A4
4000  87A4 D1               POP DE                                ; DE = X
4001  87A5 73               LD (HL), E
4001  87A6 23             INC HL
4002  87A7 7A               LD A, D
4002  87A8 E6 01          AND 1
4002  87AA F6 04          OR SPSIZ24
4003  87AC 77               LD (HL), A
4003  87AD 23             INC HL
4004  87AE
4005  87AE                  ; TNUM/SPAL по NextBallColor (ball atlas 24×24: TNUM=2304+COLOR*3)
4006  87AE 3A 91 89         LD A, (NextBallColor)
4007  87B1 57               LD D, A
4007  87B2 87             ADD A, A
4007  87B3 82             ADD A, D
4008  87B4 77               LD (HL), A
4008  87B5 23             INC HL
4009  87B6 3A 91 89         LD A, (NextBallColor)
4010  87B9 C6 02            ADD A, 2
4011  87BB 87               ADD A, A
4011  87BC 87             ADD A, A
4011  87BD 87             ADD A, A
4011  87BE 87             ADD A, A
4012  87BF F6 09            OR 9
4013  87C1 77               LD (HL), A
4014  87C2
4015  87C2 01 AF 15         LD BC, FMADDR
4015  87C5 AF             XOR A
4015  87C6 ED 79          OUT (C), A
4016  87C8 C3 EF 87         JP UpdateBackPreviewSprite
4017  87CB
4018  87CB              .ups_invisible:
4019  87CB 01 AF 15         LD BC, FMADDR
4019  87CE 3E 10          LD A, FM_EN
4019  87D0 ED 79          OUT (C), A
4020  87D2 21 06 02         LD HL, DESC_PREVIEW
4021  87D5 36 2C            LD (HL), 44
4021  87D7 23             INC HL
4022  87D8 36 25            LD (HL), SPACT+SPSIZ24+1
4022  87DA 23             INC HL
4023  87DB 36 00            LD (HL), 0
4023  87DD 23             INC HL
4024  87DE 36 04            LD (HL), SPSIZ24
4024  87E0 23             INC HL
4025  87E1 36 00            LD (HL), 0
4025  87E3 23             INC HL
4026  87E4 36 00            LD (HL), 0
4027  87E6 01 AF 15         LD BC, FMADDR
4027  87E9 AF             XOR A
4027  87EA ED 79          OUT (C), A
4028  87EC C3 EF 87         JP UpdateBackPreviewSprite
4029  87EF
4030  87EF              ; ================================================================
4031  87EF              ; ОБНОВЛЕНИЕ BACK-PREVIEW (8×8) — следующий цвет, на спине лягушки.
4032  87EF              ; Spine = -Dir сторона. Center = frog_center - 8*Dir, top-left (8×8) = center - 4
4033  87EF              ;   = FrogX + 28 - 8*Dir.
4034  87EF              ; TNUM = 2432 + COLOR (preview atlas 8×8 в page 10), SPAL = COLOR + 2.
4035  87EF              ; (NextBallColor — это цвет ТЕКУЩЕГО выстрела; для true "следующего" нужен
4036  87EF              ;  отдельный индекс. Пока показываем тот же цвет — дополнительный preview.)
4037  87EF              ; ================================================================
4038  87EF              UpdateBackPreviewSprite:
4039  87EF 3A A9 89         LD A, (ShotCooldown)
4040  87F2 B7               OR A
4041  87F3 C2 6B 88         JP NZ, .bps_invisible
4042  87F6
4043  87F6 3A 8F 89         LD A, (FrogAngle)
4044  87F9 CB 3F            SRL A
4044  87FB CB 3F          SRL A
4044  87FD CB 3F          SRL A
4045  87FF 5F               LD E, A
4046  8800 16 00            LD D, 0
4047  8802
4048  8802 21 E9 8F         LD HL, CosTab16
4049  8805 19               ADD HL, DE
4050  8806 7E               LD A, (HL)
4051  8807 ED 44            NEG                                   ; -Cos для spine-side
4052  8809 6F               LD L, A
4052  880A 26 00          LD H, 0
4053  880C CB 7F            BIT 7, A
4054  880E 28 01            JR Z, .bps_x_pos
4055  8810 25               DEC H
4056  8811              .bps_x_pos:
4057  8811 ED 4B 8B 89      LD BC, (FrogX)
4058  8815 09               ADD HL, BC
4059  8816 01 1C 00         LD BC, 28
4060  8819 09               ADD HL, BC                            ; X = FrogX + 28 - Cos*16
4061  881A E5               PUSH HL
4062  881B
4063  881B 21 09 90         LD HL, SinTab16
4064  881E 19               ADD HL, DE
4065  881F 7E               LD A, (HL)
4066  8820 ED 44            NEG
4067  8822 6F               LD L, A
4067  8823 26 00          LD H, 0
4068  8825 CB 7F            BIT 7, A
4069  8827 28 01            JR Z, .bps_y_pos
4070  8829 25               DEC H
4071  882A              .bps_y_pos:
4072  882A ED 4B 8D 89      LD BC, (FrogY)
4073  882E 09               ADD HL, BC
4074  882F 01 1C 00         LD BC, 28
4075  8832 09               ADD HL, BC                            ; Y = FrogY + 28 - 8*DirY
4076  8833
4077  8833 01 AF 15         LD BC, FMADDR
4077  8836 3E 10          LD A, FM_EN
4077  8838 ED 79          OUT (C), A
4078  883A
4079  883A EB               EX DE, HL
4080  883B 21 0C 02         LD HL, DESC_BACK_PREVIEW
4081  883E 73               LD (HL), E
4081  883F 23             INC HL
4082  8840 7A               LD A, D
4082  8841 E6 01          AND 1
4082  8843 F6 20          OR SPACT+SPSIZ8
4083  8845 77               LD (HL), A
4083  8846 23             INC HL
4084  8847
4085  8847 D1               POP DE
4086  8848 73               LD (HL), E
4086  8849 23             INC HL
4087  884A 7A               LD A, D
4087  884B E6 01          AND 1
4087  884D F6 00          OR SPSIZ8
4088  884F 77               LD (HL), A
4088  8850 23             INC HL
4089  8851
4090  8851                  ; TNUM = 2496 + COLOR (preview atlas — carpet row 39, после balls 24×24 в rows 36..38)
4091  8851 3A 91 89         LD A, (NextBallColor)
4092  8854 C6 C0            ADD A, 192                            ; TNUM_L = 192 + COLOR (0xC0 + COLOR = 2496+COLOR low byte)
4093  8856 77               LD (HL), A
4093  8857 23             INC HL
4094  8858 3A 91 89         LD A, (NextBallColor)
4095  885B C6 02            ADD A, 2
4096  885D 87               ADD A, A
4096  885E 87             ADD A, A
4096  885F 87             ADD A, A
4096  8860 87             ADD A, A
4097  8861 F6 09            OR 9
4098  8863 77               LD (HL), A
4099  8864
4100  8864 01 AF 15         LD BC, FMADDR
4100  8867 AF             XOR A
4100  8868 ED 79          OUT (C), A
4101  886A C9               RET
4102  886B
4103  886B              .bps_invisible:
4104  886B 01 AF 15         LD BC, FMADDR
4104  886E 3E 10          LD A, FM_EN
4104  8870 ED 79          OUT (C), A
4105  8872 21 0C 02         LD HL, DESC_BACK_PREVIEW
4106  8875 36 2C            LD (HL), 44
4106  8877 23             INC HL
4107  8878 36 21            LD (HL), SPACT+SPSIZ8+1
4107  887A 23             INC HL
4108  887B 36 00            LD (HL), 0
4108  887D 23             INC HL
4109  887E 36 00            LD (HL), SPSIZ8
4109  8880 23             INC HL
4110  8881 36 00            LD (HL), 0
4110  8883 23             INC HL
4111  8884 36 00            LD (HL), 0
4112  8886 01 AF 15         LD BC, FMADDR
4112  8889 AF             XOR A
4112  888A ED 79          OUT (C), A
4113  888C C9               RET
4114  888D
4115  888D              ; ================================================================
4116  888D              ; ОБРАБОТКА МЫШИ — абс. позиция курсора + левая кнопка = выстрел
4117  888D              ; Kempston Mouse: счётчики X/Y относительные (8-bit wrap), знаковая дельта
4118  888D              ; ================================================================
4119  888D              HandleMouse:
4120  888D                  ; Сбрасываем флаг "мышь двигалась" — взводим только при ненулевой дельте
4121  888D AF               XOR A
4122  888E 32 B1 89         LD (MouseMoved), A
4123  8891
4124  8891                  ; --- X (накапливаем абсолютную позицию курсора) ---
4125  8891 01 DF FB         LD BC, MOUSE_X
4126  8894 ED 78            IN A, (C)
4127  8896 21 AB 89         LD HL, MouseXPrev
4128  8899 46               LD B, (HL)
4129  889A 77               LD (HL), A
4130  889B 90               SUB B               ; A = дельта X (знаковый 8-bit)
4131  889C CD 2F 89         CALL ClampDelta     ; |delta|>100 → 0 (фильтр выбросов 8-bit wrap)
4132  889F 28 07            JR Z, .mx_zero
4133  88A1 F5               PUSH AF
4134  88A2 3E 01            LD A, 1
4135  88A4 32 B1 89         LD (MouseMoved), A
4136  88A7 F1               POP AF
4137  88A8              .mx_zero:
4138  88A8 5F               LD E, A
4139  88A9 16 00            LD D, 0
4140  88AB CB 7F            BIT 7, A
4141  88AD 28 01            JR Z, .mx_pos
4142  88AF 15               DEC D
4143  88B0              .mx_pos:
4144  88B0 2A AD 89         LD HL, (MouseAbsX)
4145  88B3 19               ADD HL, DE
4146  88B4 CB 7C            BIT 7, H
4147  88B6 28 05            JR Z, .mx_hi
4148  88B8 21 00 00         LD HL, 0
4149  88BB 18 10            JR .mx_done
4150  88BD              .mx_hi:
4151  88BD 11 58 01         LD DE, CURSOR_MAX_X
4152  88C0 7C               LD A, H
4152  88C1 BA             CP D
4152  88C2 38 09          JR C, .mx_done
4153  88C4 20 04            JR NZ, .mx_clamp
4154  88C6 7D               LD A, L
4154  88C7 BB             CP E
4154  88C8 38 03          JR C, .mx_done
4155  88CA              .mx_clamp:
4156  88CA 21 58 01         LD HL, CURSOR_MAX_X
4157  88CD              .mx_done:
4158  88CD 22 AD 89         LD (MouseAbsX), HL
4159  88D0
4160  88D0                  ; --- Y (накапливаем абсолютную позицию курсора) ---
4161  88D0 01 DF FF         LD BC, MOUSE_Y
4162  88D3 ED 78            IN A, (C)
4163  88D5 21 AC 89         LD HL, MouseYPrev
4164  88D8 46               LD B, (HL)
4165  88D9 77               LD (HL), A
4166  88DA 90               SUB B
4167  88DB ED 44            NEG                 ; Kempston Y: positive=up, invert for screen Y-down
4168  88DD CD 2F 89         CALL ClampDelta     ; |delta|>100 → 0 (фильтр выбросов 8-bit wrap)
4169  88E0 28 07            JR Z, .my_zero
4170  88E2 F5               PUSH AF
4171  88E3 3E 01            LD A, 1
4172  88E5 32 B1 89         LD (MouseMoved), A
4173  88E8 F1               POP AF
4174  88E9              .my_zero:
4175  88E9 5F               LD E, A
4176  88EA 16 00            LD D, 0
4177  88EC CB 7F            BIT 7, A
4178  88EE 28 01            JR Z, .my_pos
4179  88F0 15               DEC D
4180  88F1              .my_pos:
4181  88F1 2A AF 89         LD HL, (MouseAbsY)
4182  88F4 19               ADD HL, DE
4183  88F5 CB 7C            BIT 7, H
4184  88F7 28 05            JR Z, .my_hi
4185  88F9 21 00 00         LD HL, 0
4186  88FC 18 10            JR .my_done
4187  88FE              .my_hi:
4188  88FE 11 10 01         LD DE, CURSOR_MAX_Y
4189  8901 7C               LD A, H
4189  8902 BA             CP D
4189  8903 38 09          JR C, .my_done
4190  8905 20 04            JR NZ, .my_clamp
4191  8907 7D               LD A, L
4191  8908 BB             CP E
4191  8909 38 03          JR C, .my_done
4192  890B              .my_clamp:
4193  890B 21 10 01         LD HL, CURSOR_MAX_Y
4194  890E              .my_done:
4195  890E 22 AF 89         LD (MouseAbsY), HL
4196  8911
4197  8911                  ; Повернуть лягушку в сторону курсора — только если мышь двигалась
4198  8911 3A B1 89         LD A, (MouseMoved)
4199  8914 B7               OR A
4200  8915 C4 DC 62         CALL NZ, ComputeFrogAngle
4201  8918
4202  8918                  ; Mouse fire: Unreal Speccy кладёт ЛКМ в бит 0 порта #FADF (а не в бит 1
4203  8918                  ; как стандарт Kempston). Polarity нормальная: 1=нажата.
4204  8918                  ; Нарастающий фронт 0→1 = выстрел ровно один раз при нажатии.
4205  8918 01 DF FA         LD BC, MOUSE_BTN
4206  891B ED 78            IN A, (C)
4207  891D E6 01            AND %00000001                  ; ЛКМ — бит 0 в Unreal
4208  891F 21 B2 89         LD HL, MouseBtnPrev
4209  8922 46               LD B, (HL)
4210  8923 77               LD (HL), A
4211  8924 B7               OR A
4212  8925 28 07            JR Z, .no_shot                 ; ЛКМ не нажата → ничего
4213  8927 78               LD A, B
4214  8928 B7               OR A
4215  8929 20 03            JR NZ, .no_shot                ; ЛКМ была нажата в прошлом кадре → не первый кадр
4216  892B CD 9A 63         CALL ShootBall
4217  892E              .no_shot:
4218  892E C9               RET
4219  892F
4220  892F              ; ================================================================
4221  892F              ; ClampDelta — фильтр выбросов от 8-bit wrap Kempston Mouse
4222  892F              ; Вход:  A = знаковая дельта (-128..127)
4223  892F              ; Выход: A = A если |A|<=100, иначе 0. Z флаг отражает результат.
4224  892F              ; Сохраняет: BC, DE, HL.
4225  892F              ; ================================================================
4226  892F              ClampDelta:
4227  892F                  ; В fullscreen mouse capture wrap почти не возникает — порог поднят до 127.
4228  892F                  ; Так что фактически фильтр пропускает любую дельту, оставаясь как safety.
4229  892F B7               OR A
4230  8930 C8               RET Z
4231  8931 C5               PUSH BC
4232  8932 4F               LD C, A
4233  8933 CB 7F            BIT 7, A
4234  8935 28 0A            JR Z, .cd_pos
4235  8937 ED 44            NEG
4236  8939 FE 80            CP 128
4237  893B 30 0B            JR NC, .cd_zero
4238  893D 79               LD A, C
4239  893E C1               POP BC
4240  893F B7               OR A
4241  8940 C9               RET
4242  8941              .cd_pos:
4243  8941 FE 80            CP 128
4244  8943 30 03            JR NC, .cd_zero
4245  8945 C1               POP BC
4246  8946 B7               OR A
4247  8947 C9               RET
4248  8948              .cd_zero:
4249  8948 C1               POP BC
4250  8949 AF               XOR A
4251  894A C9               RET
4252  894B
4253  894B              ; ================================================================
4254  894B              ; ПАЛИТРА:
4255  894B              ; SPAL=0 (CRAM #0000-#001F) — жаба (frog_pal.bin)
4256  894B              ; SPAL=1 (CRAM #0020-#003F) — курсор (cursor_pal.bin)
4257  894B              ; SPAL=2..7 (CRAM #0040-#00FF) — 6 шаров (balls_pal.bin, 192 байта)
4258  894B              ; CRAM #0100..#01FF — 128 цветов фона уровня (canvas pixel value = direct CRAM index 128..255)
4259  894B              ; ================================================================
4260  894B              InitPalette:
4261  894B 01 AF 15         LD BC, FMADDR
4261  894E 3E 10          LD A, FM_EN
4261  8950 ED 79          OUT (C), A
4262  8952 01 AF 07         LD BC, PALSEL
4262  8955 AF             XOR A
4262  8956 ED 79          OUT (C), A
4263  8958 21 29 90         LD HL, PaletteData
4263  895B 11 00 00       LD DE, #0000
4263  895E 01 00 02       LD BC, 512
4263  8961 ED B0          LDIR
4264  8963 21 29 92         LD HL, CursorPalette
4264  8966 11 20 00       LD DE, #0020
4264  8969 01 20 00       LD BC, 32
4264  896C ED B0          LDIR
4265  896E 21 49 92         LD HL, BallsPalette
4265  8971 11 40 00       LD DE, #0040
4265  8974 01 C0 00       LD BC, 192
4265  8977 ED B0          LDIR
4266  8979 21 09 93         LD HL, BgCanvasPalette
4266  897C 11 00 01       LD DE, #0100
4266  897F 01 00 01       LD BC, 256
4266  8982 ED B0          LDIR
4267  8984 01 AF 15         LD BC, FMADDR
4267  8987 AF             XOR A
4267  8988 ED 79          OUT (C), A
4268  898A C9               RET
4269  898B
4270  898B
4271  898B              ; ================================================================
4272  898B              ; ДАННЫЕ
4273  898B              ; ================================================================
4274  898B 64 00        FrogX:      DW FROG_INIT_X
4275  898D 78 00        FrogY:      DW FROG_INIT_Y
4276  898F 00           FrogAngle:  DB 0
4277  8990 06           LevelNumColors: DB 6   ; runtime-число цветов на текущем уровне (1..NUM_BALL_COLORS).
4278  8991                                     ; RandomBallColor / RandomChainColor берут mod этого значения.
4279  8991 00           NextBallColor: DB 0    ; цвет следующего выстрела (RandomBallColor: LFSR × RTC сек)
4280  8992 00 00        BallColorSeed:  DW 0   ; seed LFSR для NextBallColor (init из RTC секунд)
4281  8994 00 00        ChainColorSeed: DW 0   ; seed LFSR для NextChainColor (init фикс, scramble RTC при первом вызове)
4282  8996 01           ChainColorFirst: DB 1  ; флаг "первый вызов RandomChainColor" (для RTC scramble)
4283  8997 00           CascadeState:    DB 0  ; legacy, не используется в VDC-модели (= всегда 0)
4284  8998 00           CascadeIdx:      DB 0
4285  8999 00           CascadeWait:     DB 0
4286  899A 00           CascadeDelay:    DB 0
4287  899B 00           StopModeTimer:   DB 0
4288  899C 00           CompactTimer:    DB 0
4289  899D 00           GapStepCounter:  DB 0  ; subdivider для GAP movement (1 step каждые GAP_STEP_FRAMES)
4290  899E 00           ChainFreezeCounter: DB 0 ; пауза hsub-инкремента на N кадров после insert/cascade-close
4291  899F 00           MatchScanIdx:    DB 0  ; idx где scan для new match (set после GAP closure), #FF = no scan
4292  89A0 00           TmpGapIdx:       DB 0  ; рабочий регистр в DoGapStep (idx найденного GAP-cell для удаления)
4293  89A1 00           KzFrame:         DB 0  ; current killzone animation frame (0..KZ_NUM_FRAMES-1)
4294  89A2 00           KzFrameWait:     DB 0  ; счётчик кадров до switch на след. anim-frame
4295  89A3 00 00        KzCenterX:       DW 0  ; центр killzone (= TrackData[TRACK_NUM_POINTS-1])
4296  89A5 00 00        KzCenterY:       DW 0
4297  89A7 00           KzVisible:       DB 0  ; 1 = killzone готов к рендеру (после Init)
4298  89A8 00           TmpColorMask:    DB 0  ; 6-бит маска цветов цепочки (BuildColorMask)
4299  89A9 00           ShotCooldown:    DB 0  ; счётчик кадров между выстрелами (preview скрыт когда > 0)
4300  89AA 00           KeySpacePrev: DB 0     ; флаг debounce Space
4301  89AB 00           MouseXPrev: DB 0
4302  89AC 00           MouseYPrev: DB 0
4303  89AD AC 00        MouseAbsX:  DW MOUSE_INIT_X   ; курсор справа от лягушки → стартовый угол ~0
4304  89AF 98 00        MouseAbsY:  DW MOUSE_INIT_Y
4305  89B1 00           MouseMoved:       DB 0  ; флаг: 1 если мышь двигалась в этом кадре
4306  89B2 03           MouseBtnPrev:     DB 3  ; "нейтральное" состояние кнопок мыши (запомнено в InitGame)
4307  89B3 00           MouseBtnFireFlag: DB 0  ; 1 = выстрел уже сработал на текущем нажатии (debounce)
4308  89B4 00           TmpAngle:         DB 0  ; временный угол для SpawnBall
4309  89B5 00           TmpSpeed:         DB 0  ; временная скорость для SpawnBall
4310  89B6 00 00        TmpChainX:        DW 0  ; top-left X (UpdateChainSprites)
4311  89B8 00 00        TmpChainY:        DW 0  ; top-left Y
4312  89BA 00           TmpChainColor:    DB 0  ; цвет (UpdateChainSprites)
4313  89BB 00           TmpChainIdx:      DB 0  ; текущий индекс i в цикле по цепочке
4314  89BC 00           FrameCounter:     DB 0  ; счётчик кадров
4315  89BD 00           TickCount:        DB 0  ; инкрементируется ISR каждый vblank IRQ (50 Hz)
4316  89BE 00           ProcessedTicks:   DB 0  ; счётчик обработанных в MainLoop тиков (Fixed Timestep)
4317  89BF 00           BallsSpawned:     DB 0  ; всего заспавнено шаров для уровня (0..LEVEL_TOTAL_BALLS, saturate 255)
4318  89C0 00           ChainStalled:     DB 0  ; 1 = head ждёт хвост (stop-mode после match-3); 0 = норм. движение
4319  89C1 00           NextChainColor:   DB 0  ; цвет следующего шара спавна цепочки (0..3, цикл)
4320  89C2 00 00        TmpBallCX:        DW 0  ; центр летящего шара (коллизия)
4321  89C4 00 00        TmpBallCY:        DW 0
4322  89C6 00 00        TmpChainCX:       DW 0  ; центр шара цепочки (из TrackData)
4323  89C8 00 00        TmpChainCY:       DW 0
4324  89CA 00           TmpInsertIdx:     DB 0  ; индекс вставки (InsertChainBall)
4325  89CB 00           TmpHemSlotIdx:    DB 0  ; вход для ComputeSlotXY
4326  89CC 00 00        TmpHemX:          DW 0  ; выход ComputeSlotXY: X
4327  89CE 00 00        TmpHemY:          DW 0  ; выход ComputeSlotXY: Y
4328  89D0 00 00        TmpDistPrev:      DW 0  ; Manhattan дистанция от ball до prev-соседа
4329  89D2 00 00        TmpDistNext:      DW 0  ; Manhattan дистанция от ball до next-соседа
4330  89D4 00           TmpHasPrev:       DB 0  ; 1 если найден non-GAP сосед слева от hit
4331  89D5 00           TmpHasNext:       DB 0  ; 1 если найден non-GAP сосед справа от hit
4332  89D6 00           TmpTargetIdx:     DB 0  ; финальный target_idx для InsertChainBall (i или i+1)
4333  89D7 00           TmpNewOffset:     DB 0  ; временный offset для нового шара (midpoint formula)
4334  89D8 00           TmpInsertColor:   DB 0  ; цвет вставляемого шара
4335  89D9 00 00        TmpTargetX:       DW 0  ; target top-left X для approach-шара
4336  89DB 00 00        TmpTargetY:       DW 0
4337  89DD 00           TmpMatchColor:    DB 0  ; цвет run'а в CheckMatch3
4338  89DE 00           TmpMatchLeft:     DB 0  ; левая граница run'а (включительно)
4339  89DF 00           TmpMatchRight:    DB 0  ; правая граница run'а (включительно)
4340  89E0 00           TmpMatchCount:    DB 0  ; длина run'а (>=3)
4341  89E1 00           TmpMatchHalfShift: DB 0 ; legacy от rigid-body модели; в VDC не используется
4342  89E2              ; Кеш направления frog (заполняется в UpdateFrogSprite, читается в Update*Preview):
4343  89E2 00           FrogDirCos: DB 0       ; signed: -16..+16 (CosTab16[FrogAngle>>3])
4344  89E3 00           FrogDirSin: DB 0       ; signed: -16..+16 (SinTab16[FrogAngle>>3])
4345  89E4 00           TmpCopyCount:     DB 0  ; число шаров хвоста, которые двигаем влево
4346  89E5
4347  89E5              BallTable:
4348  89E5 00 00 00...      DS MAX_BALLS * 8
4349  8A65
4350  8A65              BallTargetIdx:
4351  8A65 00 00 00...      DS MAX_BALLS                        ; цель chain-индекс для approach-state шаров
4352  8A75
4353  8A75              ; --- ChainStateBlock для Chain0 (slot-array model, единственный источник правды).
4354  8A75 00 00 00...  Chain0_Slots:           DS MAX_SLOTS_PER_CHAIN ; цвет либо GAP_MARKER (Init заполнит GAP)
4355  8B65 00 00 00...  Chain0_SlotOffsets:     DS MAX_SLOTS_PER_CHAIN ; signed sub-cell offset для match/insert anim
4356  8C55 00 00 00...  Chain0_Shot2:           DS MAX_SLOTS_PER_CHAIN ; виртуальный выстрел тип 2 (= match-trigger
4357  8D45                                                             ; рядом с закрытым GAP). 1=marker, 0=пусто.
4358  8D45                                                             ; Ставится CheckMatch3 на Slots[lb-1] и Slots[rb+1]
4359  8D45                                                             ; при появлении GAP. Сканируется после GAP closure:
4360  8D45                                                             ; если рядом 3-в-ряд → match-3, иначе marker очищается.
4361  8D45 00 00 00...  Chain0_ExplodingFrame:  DS MAX_SLOTS_PER_CHAIN ; 0 = норм, 1..EXPLOSION_FRAMES = идёт анимация взрыва.
4362  8E35                                                             ; В первых EXPLOSION_HIDE_AT-1 кадров шар виден (Slots[i]=color),
4363  8E35                                                             ; затем DESTROY (не рендерится). После EXPLOSION_FRAMES финализация →
4364  8E35                                                             ; Slots[i]=ExplodingMarker[i], ExplodingFrame[i]=0, DoGapStep продолжает.
4365  8E35 00 00 00...  Chain0_ExplodingMarker: DS MAX_SLOTS_PER_CHAIN ; GAP_STOP или GAP_CASCADE — value для финализации после anim.
4366  8F25 00           Chain0_HeadSlotAbs:     DB 0                   ; абс. track-slot для Chain0_Slots[0]
4367  8F26 00           Chain0_HeadSub:         DB 0                   ; 0..CELL_SIZE-1 sub-cell progress головы
4368  8F27 00           Chain0_SlotsLen:        DB 0                   ; длина active range
4369  8F28
4370  8F28              ; ================================================================
4371  8F28              ; ДАННЫЕ ПАЛИТРЫ И ТАБЛИЦ — РАЗМЕЩЕНЫ ПЕРЕД ТРЕКОМ.
4372  8F28              ; Палитра и таблицы должны быть в slot 1 (page 5), потому что код их адресует
4373  8F28              ; абсолютным адресом и читает в InitGame/runtime, ДО восстановления PAGE2=2.
4374  8F28              ; Большой track последним — может вылезать в slot 2 (page 2), нормально читается
4375  8F28              ; пока PAGE2 register = 2 (что мы восстанавливаем после tile-fill в InitGame).
4376  8F28              ; ================================================================
4377  8F28              ; atan(i/128)*256/(2*pi) для i=0..128, 129 элементов
4378  8F28              ; 4× разрешение vs исходной 33-элементной таблицы.
4379  8F28              ; Idx 128 (= точная диагональ E=C) = 32 unit = 45°
4380  8F28              AtanTable:
4381  8F28 00 00 01 01      DB  0,  0,  1,  1,  1,  2,  2,  2
4381  8F2C 01 02 02 02
4382  8F30 03 03 03 03      DB  3,  3,  3,  3,  4,  4,  4,  5
4382  8F34 04 04 04 05
4383  8F38 05 05 06 06      DB  5,  5,  6,  6,  6,  7,  7,  7
4383  8F3C 06 07 07 07
4384  8F40 08 08 08 08      DB  8,  8,  8,  8,  9,  9,  9, 10
4384  8F44 09 09 09 0A
4385  8F48 0A 0A 0B 0B      DB 10, 10, 11, 11, 11, 11, 12, 12
4385  8F4C 0B 0B 0C 0C
4386  8F50 0C 0D 0D 0D      DB 12, 13, 13, 13, 13, 14, 14, 14
4386  8F54 0D 0E 0E 0E
4387  8F58 0F 0F 0F 0F      DB 15, 15, 15, 15, 16, 16, 16, 17
4387  8F5C 10 10 10 11
4388  8F60 11 11 11 12      DB 17, 17, 17, 18, 18, 18, 18, 19
4388  8F64 12 12 12 13
4389  8F68 13 13 13 14      DB 19, 19, 19, 20, 20, 20, 20, 21
4389  8F6C 14 14 14 15
4390  8F70 15 15 15 16      DB 21, 21, 21, 22, 22, 22, 22, 23
4390  8F74 16 16 16 17
4391  8F78 17 17 17 17      DB 23, 23, 23, 23, 24, 24, 24, 24
4391  8F7C 18 18 18 18
4392  8F80 19 19 19 19      DB 25, 25, 25, 25, 25, 26, 26, 26
4392  8F84 19 1A 1A 1A
4393  8F88 1A 1A 1B 1B      DB 26, 26, 27, 27, 27, 27, 27, 28
4393  8F8C 1B 1B 1B 1C
4394  8F90 1C 1C 1C 1C      DB 28, 28, 28, 28, 29, 29, 29, 29
4394  8F94 1D 1D 1D 1D
4395  8F98 1D 1D 1E 1E      DB 29, 29, 30, 30, 30, 30, 30, 31
4395  8F9C 1E 1E 1E 1F
4396  8FA0 1F 1F 1F 1F      DB 31, 31, 31, 31, 31, 32, 32, 32
4396  8FA4 1F 20 20 20
4397  8FA8 20               DB 32
4398  8FA9
4399  8FA9              ; Sin/Cos нормализованные направления (-4..+4) для 32 кадров стрельбы.
4400  8FA9              ; Используются в SpawnBall (стартовая позиция шара = жабо-центр + 6*Dir)
4401  8FA9              ; и в MoveBall (BallX/Y += Dir каждый кадр).
4402  8FA9              DirXTable:
4403  8FA9 04 04 04 03      DB   4,   4,   4,   3,   3,   2,   2,   1
4403  8FAD 03 02 02 01
4404  8FB1 00 FF FE FE      DB   0, 255, 254, 254, 253, 253, 252, 252
4404  8FB5 FD FD FC FC
4405  8FB9 FC FC FC FD      DB 252, 252, 252, 253, 253, 254, 254, 255
4405  8FBD FD FE FE FF
4406  8FC1 00 01 02 02      DB   0,   1,   2,   2,   3,   3,   4,   4
4406  8FC5 03 03 04 04
4407  8FC9              DirYTable:
4408  8FC9 00 01 02 02      DB   0,   1,   2,   2,   3,   3,   4,   4
4408  8FCD 03 03 04 04
4409  8FD1 04 04 04 03      DB   4,   4,   4,   3,   3,   2,   2,   1
4409  8FD5 03 02 02 01
4410  8FD9 00 FF FE FE      DB   0, 255, 254, 254, 253, 253, 252, 252
4410  8FDD FD FD FC FC
4411  8FE1 FC FC FC FD      DB 252, 252, 252, 253, 253, 254, 254, 255
4411  8FE5 FD FE FE FF
4412  8FE9
4413  8FE9              ; Cos/Sin × 16, signed 8-bit, 32 точки на круге (шаг 11.25°). Константный радиус 16,
4414  8FE9              ; используются для размещения mouth-ball и back-preview на edge frog 64×64.
4415  8FE9              ; CosTab[N] = X-component, SinTab[N] = Y-component (screen-coords: +Y вниз).
4416  8FE9              CosTab16:
4417  8FE9 10 10 0F 0D      DB  16,  16,  15,  13,  11,   9,   6,   3
4417  8FED 0B 09 06 03
4418  8FF1 00 FD FA F7      DB   0, 253, 250, 247, 245, 243, 241, 240
4418  8FF5 F5 F3 F1 F0
4419  8FF9 F0 F0 F1 F3      DB 240, 240, 241, 243, 245, 247, 250, 253
4419  8FFD F5 F7 FA FD
4420  9001 00 03 06 09      DB   0,   3,   6,   9,  11,  13,  15,  16
4420  9005 0B 0D 0F 10
4421  9009              SinTab16:
4422  9009 00 03 06 09      DB   0,   3,   6,   9,  11,  13,  15,  16
4422  900D 0B 0D 0F 10
4423  9011 10 10 0F 0D      DB  16,  16,  15,  13,  11,   9,   6,   3
4423  9015 0B 09 06 03
4424  9019 00 FD FA F7      DB   0, 253, 250, 247, 245, 243, 241, 240
4424  901D F5 F3 F1 F0
4425  9021 F0 F0 F1 F3      DB 240, 240, 241, 243, 245, 247, 250, 253
4425  9025 F5 F7 FA FD
4426  9029
4427  9029              PaletteData:
4428  9029                  INCBIN "frog_pal.bin"           ; 512 байт CRAM, записи 0-15 = жаба (SPAL=0)
4429  9229              CursorPalette:
4430  9229                  INCBIN "cursor_pal.bin"         ; 32 байта CRAM, 16 записей для SPAL=1
4431  9249              BallsPalette:
4432  9249                  INCBIN "balls_pal.bin"          ; 192 байт = 6 палитр × 32 (SPAL 2..7)
4433  9309              BgCanvasPalette:
4434  9309                  INCBIN "level_01_canvas_pal.bin"  ; 256 байт = 128 цветов CRAM #0100..#01FF
4435  9409              BallsDmaPalette:
4436  9409                  INCBIN "balls_dma_pal.bin"        ; 64 байта = 32 word, грузить в CRAM #80 (= byte offset 256)
4437  9449
4438  9449              ; Трек уровня — последний (большой массив, может вылезать в slot 2).
4439  9449              ; Формат: DW X, DW Y, ..., DW #FFFF (LE uint16 пары + маркер).
4440  9449              TrackData:
4441  9449                  INCBIN "level_01.bin"
4442  C4AB              TrackEnd:
4443  C4AB              TRACK_NUM_POINTS EQU (TrackEnd - TrackData - 2) / 4
4444  C4AB
4445  C4AB                  ; Frog 64×64 — 4 страницы (carpet rows 0..31). SGPAGE=6.
4446  C4AB                  SLOT 1
4446  C4AB                PAGE 6
4446  C4AB                ORG #4000
4447  4000                  INCBIN "frog_gfx_64.bin", 0, 16384
4448  8000
4449  8000                  SLOT 1
4449  8000                PAGE 7
4449  8000                ORG #4000
4450  4000                  INCBIN "frog_gfx_64.bin", 16384, 16384
4451  8000
4452  8000                  SLOT 1
4452  8000                PAGE 8
4452  8000                ORG #4000
4453  4000                  INCBIN "frog_gfx_64.bin", 32768, 16384
4454  8000
4455  8000                  SLOT 1
4455  8000                PAGE 9
4455  8000                ORG #4000
4456  4000                  INCBIN "frog_gfx_64.bin", 49152, 16384
4457  8000
4458  8000                  ; Cursor + balls + preview в page 10 (=#A): начинается с carpet row 32 = TNUM 2048
4459  8000                  SLOT 1
4459  8000                PAGE 10
4459  8000                ORG #4000
4460  4000                  INCBIN "cursor_gfx.bin"          ; курсор 16×16 — carpet rows 32..33 (TNUM 2048..2051)
4461  5000 00 00 00...      DEFS 4096, 0                     ; carpet rows 34..35 пусто
4462  6000                  INCBIN "balls24_gfx.bin"         ; 6 шаров 24×24 — carpet rows 36..38 (TNUM 2304..)
4463  7800                  INCBIN "preview_gfx.bin"         ; 6 preview 8×8 — carpet row 38 (TNUM 2432..)
4464  8000
4465  8000                  SLOT 1
4465  8000                PAGE 5
4466  8000
4467  8000                  ; Экспорт в бинарники для SPG-сборки.
4468  8000                  SAVEBIN "main0.bin", #6000, #2000     ; slot 1 part — 8K
4469  8000                  SAVEBIN "main1.bin", #8000, #4000     ; slot 2 part — 16K (TrackData spillover + zeros)
4470  8000
4471  8000                  SLOT 1
4471  8000                PAGE 6
4472  8000                  SAVEBIN "frog_p0.bin", #4000, #4000   ; frog 64×64 page 6 — 16K
4473  8000                  SLOT 1
4473  8000                PAGE 7
4474  8000                  SAVEBIN "frog_p1.bin", #4000, #4000   ; frog 64×64 page 7 — 16K
4475  8000                  SLOT 1
4475  8000                PAGE 8
4476  8000                  SAVEBIN "frog_p2.bin", #4000, #4000   ; frog 64×64 page 8 — 16K
4477  8000                  SLOT 1
4477  8000                PAGE 9
4478  8000                  SAVEBIN "frog_p3.bin", #4000, #4000   ; frog 64×64 page 9 — 16K
4479  8000                  SLOT 1
4479  8000                PAGE 10
4480  8000                  SAVEBIN "page_a.bin", #4000, #4000    ; cursor+balls+preview — 16K
4481  8000
4482  8000                  LABELSLIST "user.l"
4483  8000
4484  8000
4485  8000
4486  8000
4487  8000
# file closed: zuma_new_spg.asm
